score_col,score_bin,bin_rank_high_to_low,rank_in_bin,id,score,label,pred_label,copied_path
dup_score,0.95-1.00,1,1,train_01004,1.0,0,0,/home/thkim0/github/AIFFEL_quest_rs/MainQuest/Quest02/outputs/trackB_070103_v2_20260701_195337/score_bin_sample_exports/dup_score/bin_01_0.95_1.00/rank01_dup_score_1p0000_train_01004_label0_pred0.jpg
dup_score,0.95-1.00,1,2,train_00664,1.0,0,0,/home/thkim0/github/AIFFEL_quest_rs/MainQuest/Quest02/outputs/trackB_070103_v2_20260701_195337/score_bin_sample_exports/dup_score/bin_01_0.95_1.00/rank02_dup_score_1p0000_train_00664_label0_pred0.jpg
dup_score,0.95-1.00,1,3,train_01151,1.0,1,1,/home/thkim0/github/AIFFEL_quest_rs/MainQuest/Quest02/outputs/trackB_070103_v2_20260701_195337/score_bin_sample_exports/dup_score/bin_01_0.95_1.00/rank03_dup_score_1p0000_train_01151_label1_pred1.jpg
dup_score,0.95-1.00,1,4,train_00087,1.0,0,0,/home/thkim0/github/AIFFEL_quest_rs/MainQuest/Quest02/outputs/trackB_070103_v2_20260701_195337/score_bin_sample_exports/dup_score/bin_01_0.95_1.00/rank04_dup_score_1p0000_train_00087_label0_pred0.jpg
dup_score,0.95-1.00,1,5,train_00896,1.0,0,0,/home/thkim0/github/AIFFEL_quest_rs/MainQuest/Quest02/outputs/trackB_070103_v2_20260701_195337/score_bin_sample_exports/dup_score/bin_01_0.95_1.00/rank05_dup_score_1p0000_train_00896_label0_pred0.jpg
dup_score,0.55-0.60,9,1,train_00135,0.5625,1,1,/home/thkim0/github/AIFFEL_quest_rs/MainQuest/Quest02/outputs/trackB_070103_v2_20260701_195337/score_bin_sample_exports/dup_score/bin_09_0.55_0.60/rank01_dup_score_0p5625_train_00135_label1_pred1.jpg
dup_score,0.55-0.60,9,2,train_00403,0.5625,1,1,/home/thkim0/github/AIFFEL_quest_rs/MainQuest/Quest02/outputs/trackB_070103_v2_20260701_195337/score_bin_sample_exports/dup_score/bin_09_0.55_0.60/rank02_dup_score_0p5625_train_00403_label1_pred1.jpg
dup_score,0.55-0.60,9,3,train_00194,0.5625,1,1,/home/thkim0/github/AIFFEL_quest_rs/MainQuest/Quest02/outputs/trackB_070103_v2_20260701_195337/score_bin_sample_exports/dup_score/bin_09_0.55_0.60/rank03_dup_score_0p5625_train_00194_label1_pred1.jpg
dup_score,0.55-0.60,9,4,train_00972,0.5625,0,0,/home/thkim0/github/AIFFEL_quest_rs/MainQuest/Quest02/outputs/trackB_070103_v2_20260701_195337/score_bin_sample_exports/dup_score/bin_09_0.55_0.60/rank04_dup_score_0p5625_train_00972_label0_pred0.jpg
dup_score,0.55-0.60,9,5,train_00133,0.5625,0,0,/home/thkim0/github/AIFFEL_quest_rs/MainQuest/Quest02/outputs/trackB_070103_v2_20260701_195337/score_bin_sample_exports/dup_score/bin_09_0.55_0.60/rank05_dup_score_0p5625_train_00133_label0_pred0.jpg
dup_score,0.20-0.25,16,1,train_01114,0.25,0,0,/home/thkim0/github/AIFFEL_quest_rs/MainQuest/Quest02/outputs/trackB_070103_v2_20260701_195337/score_bin_sample_exports/dup_score/bin_16_0.20_0.25/rank01_dup_score_0p2500_train_01114_label0_pred0.jpg
dup_score,0.20-0.25,16,2,train_00283,0.25,0,0,/home/thkim0/github/AIFFEL_quest_rs/MainQuest/Quest02/outputs/trackB_070103_v2_20260701_195337/score_bin_sample_exports/dup_score/bin_16_0.20_0.25/rank02_dup_score_0p2500_train_00283_label0_pred0.jpg
dup_score,0.20-0.25,16,3,train_00937,0.25,0,0,/home/thkim0/github/AIFFEL_quest_rs/MainQuest/Quest02/outputs/trackB_070103_v2_20260701_195337/score_bin_sample_exports/dup_score/bin_16_0.20_0.25/rank03_dup_score_0p2500_train_00937_label0_pred0.jpg
dup_score,0.20-0.25,16,4,train_01121,0.25,1,1,/home/thkim0/github/AIFFEL_quest_rs/MainQuest/Quest02/outputs/trackB_070103_v2_20260701_195337/score_bin_sample_exports/dup_score/bin_16_0.20_0.25/rank04_dup_score_0p2500_train_01121_label1_pred1.jpg
dup_score,0.20-0.25,16,5,train_01210,0.25,1,1,/home/thkim0/github/AIFFEL_quest_rs/MainQuest/Quest02/outputs/trackB_070103_v2_20260701_195337/score_bin_sample_exports/dup_score/bin_16_0.20_0.25/rank05_dup_score_0p2500_train_01210_label1_pred1.jpg
dup_score,0.05-0.10,19,1,train_00644,0.0625,0,0,/home/thkim0/github/AIFFEL_quest_rs/MainQuest/Quest02/outputs/trackB_070103_v2_20260701_195337/score_bin_sample_exports/dup_score/bin_19_0.05_0.10/rank01_dup_score_0p0625_train_00644_label0_pred0.jpg
dup_score,0.05-0.10,19,2,train_01256,0.0625,0,0,/home/thkim0/github/AIFFEL_quest_rs/MainQuest/Quest02/outputs/trackB_070103_v2_20260701_195337/score_bin_sample_exports/dup_score/bin_19_0.05_0.10/rank02_dup_score_0p0625_train_01256_label0_pred0.jpg
dup_score,0.05-0.10,19,3,train_00301,0.0625,0,0,/home/thkim0/github/AIFFEL_quest_rs/MainQuest/Quest02/outputs/trackB_070103_v2_20260701_195337/score_bin_sample_exports/dup_score/bin_19_0.05_0.10/rank03_dup_score_0p0625_train_00301_label0_pred0.jpg
dup_score,0.05-0.10,19,4,train_01219,0.0625,0,0,/home/thkim0/github/AIFFEL_quest_rs/MainQuest/Quest02/outputs/trackB_070103_v2_20260701_195337/score_bin_sample_exports/dup_score/bin_19_0.05_0.10/rank04_dup_score_0p0625_train_01219_label0_pred0.jpg
dup_score,0.05-0.10,19,5,train_00589,0.0625,0,0,/home/thkim0/github/AIFFEL_quest_rs/MainQuest/Quest02/outputs/trackB_070103_v2_20260701_195337/score_bin_sample_exports/dup_score/bin_19_0.05_0.10/rank05_dup_score_0p0625_train_00589_label0_pred0.jpg
dup_score,0.00-0.05,20,1,train_00944,0.0,0,0,/home/thkim0/github/AIFFEL_quest_rs/MainQuest/Quest02/outputs/trackB_070103_v2_20260701_195337/score_bin_sample_exports/dup_score/bin_20_0.00_0.05/rank01_dup_score_0p0000_train_00944_label0_pred0.jpg
dup_score,0.00-0.05,20,2,train_00941,0.0,0,0,/home/thkim0/github/AIFFEL_quest_rs/MainQuest/Quest02/outputs/trackB_070103_v2_20260701_195337/score_bin_sample_exports/dup_score/bin_20_0.00_0.05/rank02_dup_score_0p0000_train_00941_label0_pred0.jpg
dup_score,0.00-0.05,20,3,train_00942,0.0,1,1,/home/thkim0/github/AIFFEL_quest_rs/MainQuest/Quest02/outputs/trackB_070103_v2_20260701_195337/score_bin_sample_exports/dup_score/bin_20_0.00_0.05/rank03_dup_score_0p0000_train_00942_label1_pred1.jpg
dup_score,0.00-0.05,20,4,train_00940,0.0,0,0,/home/thkim0/github/AIFFEL_quest_rs/MainQuest/Quest02/outputs/trackB_070103_v2_20260701_195337/score_bin_sample_exports/dup_score/bin_20_0.00_0.05/rank04_dup_score_0p0000_train_00940_label0_pred0.jpg
dup_score,0.00-0.05,20,5,train_00943,0.0,1,1,/home/thkim0/github/AIFFEL_quest_rs/MainQuest/Quest02/outputs/trackB_070103_v2_20260701_195337/score_bin_sample_exports/dup_score/bin_20_0.00_0.05/rank05_dup_score_0p0000_train_00943_label1_pred1.jpg
ood_score_v2,0.95-1.00,1,1,train_00179,1.0,0,0,/home/thkim0/github/AIFFEL_quest_rs/MainQuest/Quest02/outputs/trackB_070103_v2_20260701_195337/score_bin_sample_exports/ood_score_v2/bin_01_0.95_1.00/rank01_ood_score_v2_1p0000_train_00179_label0_pred0.jpg
ood_score_v2,0.95-1.00,1,2,train_00012,1.0,1,0,/home/thkim0/github/AIFFEL_quest_rs/MainQuest/Quest02/outputs/trackB_070103_v2_20260701_195337/score_bin_sample_exports/ood_score_v2/bin_01_0.95_1.00/rank02_ood_score_v2_1p0000_train_00012_label1_pred0.jpg
ood_score_v2,0.95-1.00,1,3,train_00365,1.0,0,0,/home/thkim0/github/AIFFEL_quest_rs/MainQuest/Quest02/outputs/trackB_070103_v2_20260701_195337/score_bin_sample_exports/ood_score_v2/bin_01_0.95_1.00/rank03_ood_score_v2_1p0000_train_00365_label0_pred0.jpg
ood_score_v2,0.95-1.00,1,4,train_00204,1.0,0,0,/home/thkim0/github/AIFFEL_quest_rs/MainQuest/Quest02/outputs/trackB_070103_v2_20260701_195337/score_bin_sample_exports/ood_score_v2/bin_01_0.95_1.00/rank04_ood_score_v2_1p0000_train_00204_label0_pred0.jpg
ood_score_v2,0.95-1.00,1,5,train_01138,1.0,0,0,/home/thkim0/github/AIFFEL_quest_rs/MainQuest/Quest02/outputs/trackB_070103_v2_20260701_195337/score_bin_sample_exports/ood_score_v2/bin_01_0.95_1.00/rank05_ood_score_v2_1p0000_train_01138_label0_pred0.jpg
ood_score_v2,0.90-0.95,2,1,train_00231,0.94831094831095,1,1,/home/thkim0/github/AIFFEL_quest_rs/MainQuest/Quest02/outputs/trackB_070103_v2_20260701_195337/score_bin_sample_exports/ood_score_v2/bin_02_0.90_0.95/rank01_ood_score_v2_0p9483_train_00231_label1_pred1.jpg
ood_score_v2,0.90-0.95,2,2,train_01113,0.940170940170941,0,1,/home/thkim0/github/AIFFEL_quest_rs/MainQuest/Quest02/outputs/trackB_070103_v2_20260701_195337/score_bin_sample_exports/ood_score_v2/bin_02_0.90_0.95/rank02_ood_score_v2_0p9402_train_01113_label0_pred1.jpg
ood_score_v2,0.90-0.95,2,3,train_00990,0.9320309320309333,1,0,/home/thkim0/github/AIFFEL_quest_rs/MainQuest/Quest02/outputs/trackB_070103_v2_20260701_195337/score_bin_sample_exports/ood_score_v2/bin_02_0.90_0.95/rank03_ood_score_v2_0p9320_train_00990_label1_pred0.jpg
ood_score_v2,0.90-0.95,2,4,train_00834,0.9238909238909244,0,0,/home/thkim0/github/AIFFEL_quest_rs/MainQuest/Quest02/outputs/trackB_070103_v2_20260701_195337/score_bin_sample_exports/ood_score_v2/bin_02_0.90_0.95/rank04_ood_score_v2_0p9239_train_00834_label0_pred0.jpg
ood_score_v2,0.90-0.95,2,5,train_01223,0.9157509157509167,1,1,/home/thkim0/github/AIFFEL_quest_rs/MainQuest/Quest02/outputs/trackB_070103_v2_20260701_195337/score_bin_sample_exports/ood_score_v2/bin_02_0.90_0.95/rank05_ood_score_v2_0p9158_train_01223_label1_pred1.jpg
ood_score_v2,0.85-0.90,3,1,train_00423,0.8994708994709001,1,1,/home/thkim0/github/AIFFEL_quest_rs/MainQuest/Quest02/outputs/trackB_070103_v2_20260701_195337/score_bin_sample_exports/ood_score_v2/bin_03_0.85_0.90/rank01_ood_score_v2_0p8995_train_00423_label1_pred1.jpg
ood_score_v2,0.85-0.90,3,2,train_00051,0.8913308913308924,0,0,/home/thkim0/github/AIFFEL_quest_rs/MainQuest/Quest02/outputs/trackB_070103_v2_20260701_195337/score_bin_sample_exports/ood_score_v2/bin_03_0.85_0.90/rank02_ood_score_v2_0p8913_train_00051_label0_pred0.jpg
ood_score_v2,0.85-0.90,3,3,train_00587,0.8831908831908848,0,0,/home/thkim0/github/AIFFEL_quest_rs/MainQuest/Quest02/outputs/trackB_070103_v2_20260701_195337/score_bin_sample_exports/ood_score_v2/bin_03_0.85_0.90/rank03_ood_score_v2_0p8832_train_00587_label0_pred0.jpg
ood_score_v2,0.85-0.90,3,4,train_00973,0.8750508750508759,0,0,/home/thkim0/github/AIFFEL_quest_rs/MainQuest/Quest02/outputs/trackB_070103_v2_20260701_195337/score_bin_sample_exports/ood_score_v2/bin_03_0.85_0.90/rank04_ood_score_v2_0p8751_train_00973_label0_pred0.jpg
ood_score_v2,0.85-0.90,3,5,train_00726,0.8669108669108682,0,0,/home/thkim0/github/AIFFEL_quest_rs/MainQuest/Quest02/outputs/trackB_070103_v2_20260701_195337/score_bin_sample_exports/ood_score_v2/bin_03_0.85_0.90/rank05_ood_score_v2_0p8669_train_00726_label0_pred0.jpg
ood_score_v2,0.80-0.85,4,1,train_00434,0.8424908424908438,0,1,/home/thkim0/github/AIFFEL_quest_rs/MainQuest/Quest02/outputs/trackB_070103_v2_20260701_195337/score_bin_sample_exports/ood_score_v2/bin_04_0.80_0.85/rank01_ood_score_v2_0p8425_train_00434_label0_pred1.jpg
ood_score_v2,0.80-0.85,4,2,train_00101,0.8343508343508349,0,0,/home/thkim0/github/AIFFEL_quest_rs/MainQuest/Quest02/outputs/trackB_070103_v2_20260701_195337/score_bin_sample_exports/ood_score_v2/bin_04_0.80_0.85/rank02_ood_score_v2_0p8344_train_00101_label0_pred0.jpg
ood_score_v2,0.80-0.85,4,3,train_00319,0.8262108262108272,0,0,/home/thkim0/github/AIFFEL_quest_rs/MainQuest/Quest02/outputs/trackB_070103_v2_20260701_195337/score_bin_sample_exports/ood_score_v2/bin_04_0.80_0.85/rank03_ood_score_v2_0p8262_train_00319_label0_pred0.jpg
ood_score_v2,0.80-0.85,4,4,train_00325,0.8180708180708195,1,1,/home/thkim0/github/AIFFEL_quest_rs/MainQuest/Quest02/outputs/trackB_070103_v2_20260701_195337/score_bin_sample_exports/ood_score_v2/bin_04_0.80_0.85/rank04_ood_score_v2_0p8181_train_00325_label1_pred1.jpg
ood_score_v2,0.80-0.85,4,5,train_00978,0.8099308099308106,0,0,/home/thkim0/github/AIFFEL_quest_rs/MainQuest/Quest02/outputs/trackB_070103_v2_20260701_195337/score_bin_sample_exports/ood_score_v2/bin_04_0.80_0.85/rank05_ood_score_v2_0p8099_train_00978_label0_pred0.jpg
ood_score_v2,0.75-0.80,5,1,train_01046,0.793650793650794,0,0,/home/thkim0/github/AIFFEL_quest_rs/MainQuest/Quest02/outputs/trackB_070103_v2_20260701_195337/score_bin_sample_exports/ood_score_v2/bin_05_0.75_0.80/rank01_ood_score_v2_0p7937_train_01046_label0_pred0.jpg
ood_score_v2,0.75-0.80,5,2,train_01220,0.7855107855107863,0,0,/home/thkim0/github/AIFFEL_quest_rs/MainQuest/Quest02/outputs/trackB_070103_v2_20260701_195337/score_bin_sample_exports/ood_score_v2/bin_05_0.75_0.80/rank02_ood_score_v2_0p7855_train_01220_label0_pred0.jpg
ood_score_v2,0.75-0.80,5,3,train_00986,0.7773707773707786,1,1,/home/thkim0/github/AIFFEL_quest_rs/MainQuest/Quest02/outputs/trackB_070103_v2_20260701_195337/score_bin_sample_exports/ood_score_v2/bin_05_0.75_0.80/rank03_ood_score_v2_0p7774_train_00986_label1_pred1.jpg
ood_score_v2,0.75-0.80,5,4,train_00058,0.7692307692307697,1,1,/home/thkim0/github/AIFFEL_quest_rs/MainQuest/Quest02/outputs/trackB_070103_v2_20260701_195337/score_bin_sample_exports/ood_score_v2/bin_05_0.75_0.80/rank04_ood_score_v2_0p7692_train_00058_label1_pred1.jpg
ood_score_v2,0.75-0.80,5,5,train_00248,0.761090761090762,0,0,/home/thkim0/github/AIFFEL_quest_rs/MainQuest/Quest02/outputs/trackB_070103_v2_20260701_195337/score_bin_sample_exports/ood_score_v2/bin_05_0.75_0.80/rank05_ood_score_v2_0p7611_train_00248_label0_pred0.jpg
ood_score_v2,0.70-0.75,6,1,train_01245,0.7448107448107454,0,0,/home/thkim0/github/AIFFEL_quest_rs/MainQuest/Quest02/outputs/trackB_070103_v2_20260701_195337/score_bin_sample_exports/ood_score_v2/bin_06_0.70_0.75/rank01_ood_score_v2_0p7448_train_01245_label0_pred0.jpg
ood_score_v2,0.70-0.75,6,2,train_00955,0.7366707366707377,0,1,/home/thkim0/github/AIFFEL_quest_rs/MainQuest/Quest02/outputs/trackB_070103_v2_20260701_195337/score_bin_sample_exports/ood_score_v2/bin_06_0.70_0.75/rank02_ood_score_v2_0p7367_train_00955_label0_pred1.jpg
ood_score_v2,0.70-0.75,6,3,train_00070,0.7285307285307288,0,0,/home/thkim0/github/AIFFEL_quest_rs/MainQuest/Quest02/outputs/trackB_070103_v2_20260701_195337/score_bin_sample_exports/ood_score_v2/bin_06_0.70_0.75/rank03_ood_score_v2_0p7285_train_00070_label0_pred0.jpg
ood_score_v2,0.70-0.75,6,4,train_00478,0.7203907203907212,0,0,/home/thkim0/github/AIFFEL_quest_rs/MainQuest/Quest02/outputs/trackB_070103_v2_20260701_195337/score_bin_sample_exports/ood_score_v2/bin_06_0.70_0.75/rank04_ood_score_v2_0p7204_train_00478_label0_pred0.jpg
ood_score_v2,0.70-0.75,6,5,train_01307,0.7122507122507135,1,1,/home/thkim0/github/AIFFEL_quest_rs/MainQuest/Quest02/outputs/trackB_070103_v2_20260701_195337/score_bin_sample_exports/ood_score_v2/bin_06_0.70_0.75/rank05_ood_score_v2_0p7123_train_01307_label1_pred1.jpg
ood_score_v2,0.65-0.70,7,1,train_00661,0.6959706959706968,1,1,/home/thkim0/github/AIFFEL_quest_rs/MainQuest/Quest02/outputs/trackB_070103_v2_20260701_195337/score_bin_sample_exports/ood_score_v2/bin_07_0.65_0.70/rank01_ood_score_v2_0p6960_train_00661_label1_pred1.jpg
ood_score_v2,0.65-0.70,7,2,train_01205,0.6878306878306891,1,1,/home/thkim0/github/AIFFEL_quest_rs/MainQuest/Quest02/outputs/trackB_070103_v2_20260701_195337/score_bin_sample_exports/ood_score_v2/bin_07_0.65_0.70/rank02_ood_score_v2_0p6878_train_01205_label1_pred1.jpg
ood_score_v2,0.65-0.70,7,3,train_01208,0.6796906796906802,1,1,/home/thkim0/github/AIFFEL_quest_rs/MainQuest/Quest02/outputs/trackB_070103_v2_20260701_195337/score_bin_sample_exports/ood_score_v2/bin_07_0.65_0.70/rank03_ood_score_v2_0p6797_train_01208_label1_pred1.jpg
ood_score_v2,0.65-0.70,7,4,train_01192,0.6715506715506725,1,1,/home/thkim0/github/AIFFEL_quest_rs/MainQuest/Quest02/outputs/trackB_070103_v2_20260701_195337/score_bin_sample_exports/ood_score_v2/bin_07_0.65_0.70/rank04_ood_score_v2_0p6716_train_01192_label1_pred1.jpg
ood_score_v2,0.65-0.70,7,5,train_00859,0.6634106634106636,1,0,/home/thkim0/github/AIFFEL_quest_rs/MainQuest/Quest02/outputs/trackB_070103_v2_20260701_195337/score_bin_sample_exports/ood_score_v2/bin_07_0.65_0.70/rank05_ood_score_v2_0p6634_train_00859_label1_pred0.jpg
ood_score_v2,0.60-0.65,8,1,train_01315,0.6471306471306482,1,1,/home/thkim0/github/AIFFEL_quest_rs/MainQuest/Quest02/outputs/trackB_070103_v2_20260701_195337/score_bin_sample_exports/ood_score_v2/bin_08_0.60_0.65/rank01_ood_score_v2_0p6471_train_01315_label1_pred1.jpg
ood_score_v2,0.60-0.65,8,2,train_01201,0.6389906389906393,0,0,/home/thkim0/github/AIFFEL_quest_rs/MainQuest/Quest02/outputs/trackB_070103_v2_20260701_195337/score_bin_sample_exports/ood_score_v2/bin_08_0.60_0.65/rank02_ood_score_v2_0p6390_train_01201_label0_pred0.jpg
ood_score_v2,0.60-0.65,8,3,train_00212,0.6308506308506316,0,0,/home/thkim0/github/AIFFEL_quest_rs/MainQuest/Quest02/outputs/trackB_070103_v2_20260701_195337/score_bin_sample_exports/ood_score_v2/bin_08_0.60_0.65/rank03_ood_score_v2_0p6309_train_00212_label0_pred0.jpg
ood_score_v2,0.60-0.65,8,4,train_00076,0.6227106227106239,0,0,/home/thkim0/github/AIFFEL_quest_rs/MainQuest/Quest02/outputs/trackB_070103_v2_20260701_195337/score_bin_sample_exports/ood_score_v2/bin_08_0.60_0.65/rank04_ood_score_v2_0p6227_train_00076_label0_pred0.jpg
ood_score_v2,0.60-0.65,8,5,train_00096,0.614570614570615,1,1,/home/thkim0/github/AIFFEL_quest_rs/MainQuest/Quest02/outputs/trackB_070103_v2_20260701_195337/score_bin_sample_exports/ood_score_v2/bin_08_0.60_0.65/rank05_ood_score_v2_0p6146_train_00096_label1_pred1.jpg
ood_score_v2,0.55-0.60,9,1,train_01072,0.5982905982905984,0,0,/home/thkim0/github/AIFFEL_quest_rs/MainQuest/Quest02/outputs/trackB_070103_v2_20260701_195337/score_bin_sample_exports/ood_score_v2/bin_09_0.55_0.60/rank01_ood_score_v2_0p5983_train_01072_label0_pred0.jpg
ood_score_v2,0.55-0.60,9,2,train_01173,0.5901505901505907,0,0,/home/thkim0/github/AIFFEL_quest_rs/MainQuest/Quest02/outputs/trackB_070103_v2_20260701_195337/score_bin_sample_exports/ood_score_v2/bin_09_0.55_0.60/rank02_ood_score_v2_0p5902_train_01173_label0_pred0.jpg
ood_score_v2,0.55-0.60,9,3,train_01057,0.582010582010583,1,1,/home/thkim0/github/AIFFEL_quest_rs/MainQuest/Quest02/outputs/trackB_070103_v2_20260701_195337/score_bin_sample_exports/ood_score_v2/bin_09_0.55_0.60/rank03_ood_score_v2_0p5820_train_01057_label1_pred1.jpg
ood_score_v2,0.55-0.60,9,4,train_00967,0.573870573870574,0,0,/home/thkim0/github/AIFFEL_quest_rs/MainQuest/Quest02/outputs/trackB_070103_v2_20260701_195337/score_bin_sample_exports/ood_score_v2/bin_09_0.55_0.60/rank04_ood_score_v2_0p5739_train_00967_label0_pred0.jpg
ood_score_v2,0.55-0.60,9,5,train_01339,0.5657305657305663,1,1,/home/thkim0/github/AIFFEL_quest_rs/MainQuest/Quest02/outputs/trackB_070103_v2_20260701_195337/score_bin_sample_exports/ood_score_v2/bin_09_0.55_0.60/rank05_ood_score_v2_0p5657_train_01339_label1_pred1.jpg
ood_score_v2,0.50-0.55,10,1,train_00616,0.5494505494505498,0,0,/home/thkim0/github/AIFFEL_quest_rs/MainQuest/Quest02/outputs/trackB_070103_v2_20260701_195337/score_bin_sample_exports/ood_score_v2/bin_10_0.50_0.55/rank01_ood_score_v2_0p5495_train_00616_label0_pred0.jpg
ood_score_v2,0.50-0.55,10,2,train_00640,0.5413105413105421,0,1,/home/thkim0/github/AIFFEL_quest_rs/MainQuest/Quest02/outputs/trackB_070103_v2_20260701_195337/score_bin_sample_exports/ood_score_v2/bin_10_0.50_0.55/rank02_ood_score_v2_0p5413_train_00640_label0_pred1.jpg
ood_score_v2,0.50-0.55,10,3,train_00483,0.5331705331705332,0,0,/home/thkim0/github/AIFFEL_quest_rs/MainQuest/Quest02/outputs/trackB_070103_v2_20260701_195337/score_bin_sample_exports/ood_score_v2/bin_10_0.50_0.55/rank03_ood_score_v2_0p5332_train_00483_label0_pred0.jpg
ood_score_v2,0.50-0.55,10,4,train_01112,0.5250305250305255,0,0,/home/thkim0/github/AIFFEL_quest_rs/MainQuest/Quest02/outputs/trackB_070103_v2_20260701_195337/score_bin_sample_exports/ood_score_v2/bin_10_0.50_0.55/rank04_ood_score_v2_0p5250_train_01112_label0_pred0.jpg
ood_score_v2,0.50-0.55,10,5,train_00384,0.5168905168905178,0,1,/home/thkim0/github/AIFFEL_quest_rs/MainQuest/Quest02/outputs/trackB_070103_v2_20260701_195337/score_bin_sample_exports/ood_score_v2/bin_10_0.50_0.55/rank05_ood_score_v2_0p5169_train_00384_label0_pred1.jpg
ood_score_v2,0.45-0.50,11,1,train_00794,0.4924704924704935,1,1,/home/thkim0/github/AIFFEL_quest_rs/MainQuest/Quest02/outputs/trackB_070103_v2_20260701_195337/score_bin_sample_exports/ood_score_v2/bin_11_0.45_0.50/rank01_ood_score_v2_0p4925_train_00794_label1_pred1.jpg
ood_score_v2,0.45-0.50,11,2,train_01166,0.4843304843304846,1,1,/home/thkim0/github/AIFFEL_quest_rs/MainQuest/Quest02/outputs/trackB_070103_v2_20260701_195337/score_bin_sample_exports/ood_score_v2/bin_11_0.45_0.50/rank02_ood_score_v2_0p4843_train_01166_label1_pred1.jpg
ood_score_v2,0.45-0.50,11,3,train_00126,0.4761904761904769,0,1,/home/thkim0/github/AIFFEL_quest_rs/MainQuest/Quest02/outputs/trackB_070103_v2_20260701_195337/score_bin_sample_exports/ood_score_v2/bin_11_0.45_0.50/rank03_ood_score_v2_0p4762_train_00126_label0_pred1.jpg
ood_score_v2,0.45-0.50,11,4,train_00540,0.46805046805046796,0,0,/home/thkim0/github/AIFFEL_quest_rs/MainQuest/Quest02/outputs/trackB_070103_v2_20260701_195337/score_bin_sample_exports/ood_score_v2/bin_11_0.45_0.50/rank04_ood_score_v2_0p4681_train_00540_label0_pred0.jpg
ood_score_v2,0.45-0.50,11,5,train_00036,0.4599104599104603,0,0,/home/thkim0/github/AIFFEL_quest_rs/MainQuest/Quest02/outputs/trackB_070103_v2_20260701_195337/score_bin_sample_exports/ood_score_v2/bin_11_0.45_0.50/rank05_ood_score_v2_0p4599_train_00036_label0_pred0.jpg
ood_score_v2,0.40-0.45,12,1,train_00573,0.4436304436304437,0,0,/home/thkim0/github/AIFFEL_quest_rs/MainQuest/Quest02/outputs/trackB_070103_v2_20260701_195337/score_bin_sample_exports/ood_score_v2/bin_12_0.40_0.45/rank01_ood_score_v2_0p4436_train_00573_label0_pred0.jpg
ood_score_v2,0.40-0.45,12,2,train_00617,0.435490435490436,0,0,/home/thkim0/github/AIFFEL_quest_rs/MainQuest/Quest02/outputs/trackB_070103_v2_20260701_195337/score_bin_sample_exports/ood_score_v2/bin_12_0.40_0.45/rank02_ood_score_v2_0p4355_train_00617_label0_pred0.jpg
ood_score_v2,0.40-0.45,12,3,train_01064,0.4273504273504283,0,0,/home/thkim0/github/AIFFEL_quest_rs/MainQuest/Quest02/outputs/trackB_070103_v2_20260701_195337/score_bin_sample_exports/ood_score_v2/bin_12_0.40_0.45/rank03_ood_score_v2_0p4274_train_01064_label0_pred0.jpg
ood_score_v2,0.40-0.45,12,4,train_00905,0.4192104192104194,0,0,/home/thkim0/github/AIFFEL_quest_rs/MainQuest/Quest02/outputs/trackB_070103_v2_20260701_195337/score_bin_sample_exports/ood_score_v2/bin_12_0.40_0.45/rank04_ood_score_v2_0p4192_train_00905_label0_pred0.jpg
ood_score_v2,0.40-0.45,12,5,train_00641,0.4110704110704117,0,0,/home/thkim0/github/AIFFEL_quest_rs/MainQuest/Quest02/outputs/trackB_070103_v2_20260701_195337/score_bin_sample_exports/ood_score_v2/bin_12_0.40_0.45/rank05_ood_score_v2_0p4111_train_00641_label0_pred0.jpg
ood_score_v2,0.35-0.40,13,1,train_01184,0.39479039479039507,1,1,/home/thkim0/github/AIFFEL_quest_rs/MainQuest/Quest02/outputs/trackB_070103_v2_20260701_195337/score_bin_sample_exports/ood_score_v2/bin_13_0.35_0.40/rank01_ood_score_v2_0p3948_train_01184_label1_pred1.jpg
ood_score_v2,0.35-0.40,13,2,train_00383,0.38665038665038737,1,1,/home/thkim0/github/AIFFEL_quest_rs/MainQuest/Quest02/outputs/trackB_070103_v2_20260701_195337/score_bin_sample_exports/ood_score_v2/bin_13_0.35_0.40/rank02_ood_score_v2_0p3867_train_00383_label1_pred1.jpg
ood_score_v2,0.35-0.40,13,3,train_00004,0.37851037851037844,1,0,/home/thkim0/github/AIFFEL_quest_rs/MainQuest/Quest02/outputs/trackB_070103_v2_20260701_195337/score_bin_sample_exports/ood_score_v2/bin_13_0.35_0.40/rank03_ood_score_v2_0p3785_train_00004_label1_pred0.jpg
ood_score_v2,0.35-0.40,13,4,train_01048,0.3703703703703708,1,1,/home/thkim0/github/AIFFEL_quest_rs/MainQuest/Quest02/outputs/trackB_070103_v2_20260701_195337/score_bin_sample_exports/ood_score_v2/bin_13_0.35_0.40/rank04_ood_score_v2_0p3704_train_01048_label1_pred1.jpg
ood_score_v2,0.35-0.40,13,5,train_00772,0.3622303622303631,0,0,/home/thkim0/github/AIFFEL_quest_rs/MainQuest/Quest02/outputs/trackB_070103_v2_20260701_195337/score_bin_sample_exports/ood_score_v2/bin_13_0.35_0.40/rank05_ood_score_v2_0p3622_train_00772_label0_pred0.jpg
ood_score_v2,0.30-0.35,14,1,train_01141,0.34595034595034646,1,1,/home/thkim0/github/AIFFEL_quest_rs/MainQuest/Quest02/outputs/trackB_070103_v2_20260701_195337/score_bin_sample_exports/ood_score_v2/bin_14_0.30_0.35/rank01_ood_score_v2_0p3460_train_01141_label1_pred1.jpg
ood_score_v2,0.30-0.35,14,2,train_00156,0.33781033781033754,0,0,/home/thkim0/github/AIFFEL_quest_rs/MainQuest/Quest02/outputs/trackB_070103_v2_20260701_195337/score_bin_sample_exports/ood_score_v2/bin_14_0.30_0.35/rank02_ood_score_v2_0p3378_train_00156_label0_pred0.jpg
ood_score_v2,0.30-0.35,14,3,train_00305,0.3296703296703299,0,0,/home/thkim0/github/AIFFEL_quest_rs/MainQuest/Quest02/outputs/trackB_070103_v2_20260701_195337/score_bin_sample_exports/ood_score_v2/bin_14_0.30_0.35/rank03_ood_score_v2_0p3297_train_00305_label0_pred0.jpg
ood_score_v2,0.30-0.35,14,4,train_01059,0.3215303215303222,1,1,/home/thkim0/github/AIFFEL_quest_rs/MainQuest/Quest02/outputs/trackB_070103_v2_20260701_195337/score_bin_sample_exports/ood_score_v2/bin_14_0.30_0.35/rank04_ood_score_v2_0p3215_train_01059_label1_pred1.jpg
ood_score_v2,0.30-0.35,14,5,train_00329,0.31339031339031326,0,0,/home/thkim0/github/AIFFEL_quest_rs/MainQuest/Quest02/outputs/trackB_070103_v2_20260701_195337/score_bin_sample_exports/ood_score_v2/bin_14_0.30_0.35/rank05_ood_score_v2_0p3134_train_00329_label0_pred0.jpg
ood_score_v2,0.25-0.30,15,1,train_00846,0.2971102971102979,1,1,/home/thkim0/github/AIFFEL_quest_rs/MainQuest/Quest02/outputs/trackB_070103_v2_20260701_195337/score_bin_sample_exports/ood_score_v2/bin_15_0.25_0.30/rank01_ood_score_v2_0p2971_train_00846_label1_pred1.jpg
ood_score_v2,0.25-0.30,15,2,train_00398,0.288970288970289,0,0,/home/thkim0/github/AIFFEL_quest_rs/MainQuest/Quest02/outputs/trackB_070103_v2_20260701_195337/score_bin_sample_exports/ood_score_v2/bin_15_0.25_0.30/rank02_ood_score_v2_0p2890_train_00398_label0_pred0.jpg
ood_score_v2,0.25-0.30,15,3,train_00847,0.2808302808302813,1,1,/home/thkim0/github/AIFFEL_quest_rs/MainQuest/Quest02/outputs/trackB_070103_v2_20260701_195337/score_bin_sample_exports/ood_score_v2/bin_15_0.25_0.30/rank03_ood_score_v2_0p2808_train_00847_label1_pred1.jpg
ood_score_v2,0.25-0.30,15,4,train_00252,0.27269027269027235,0,0,/home/thkim0/github/AIFFEL_quest_rs/MainQuest/Quest02/outputs/trackB_070103_v2_20260701_195337/score_bin_sample_exports/ood_score_v2/bin_15_0.25_0.30/rank04_ood_score_v2_0p2727_train_00252_label0_pred0.jpg
ood_score_v2,0.25-0.30,15,5,train_00317,0.26455026455026465,1,1,/home/thkim0/github/AIFFEL_quest_rs/MainQuest/Quest02/outputs/trackB_070103_v2_20260701_195337/score_bin_sample_exports/ood_score_v2/bin_15_0.25_0.30/rank05_ood_score_v2_0p2646_train_00317_label1_pred1.jpg
ood_score_v2,0.20-0.25,16,1,train_00719,0.24827024827024805,1,0,/home/thkim0/github/AIFFEL_quest_rs/MainQuest/Quest02/outputs/trackB_070103_v2_20260701_195337/score_bin_sample_exports/ood_score_v2/bin_16_0.20_0.25/rank01_ood_score_v2_0p2483_train_00719_label1_pred0.jpg
ood_score_v2,0.20-0.25,16,2,train_00273,0.24013024013024037,1,1,/home/thkim0/github/AIFFEL_quest_rs/MainQuest/Quest02/outputs/trackB_070103_v2_20260701_195337/score_bin_sample_exports/ood_score_v2/bin_16_0.20_0.25/rank02_ood_score_v2_0p2401_train_00273_label1_pred1.jpg
ood_score_v2,0.20-0.25,16,3,train_00653,0.2319902319902327,0,0,/home/thkim0/github/AIFFEL_quest_rs/MainQuest/Quest02/outputs/trackB_070103_v2_20260701_195337/score_bin_sample_exports/ood_score_v2/bin_16_0.20_0.25/rank03_ood_score_v2_0p2320_train_00653_label0_pred0.jpg
ood_score_v2,0.20-0.25,16,4,train_01154,0.22385022385022377,0,1,/home/thkim0/github/AIFFEL_quest_rs/MainQuest/Quest02/outputs/trackB_070103_v2_20260701_195337/score_bin_sample_exports/ood_score_v2/bin_16_0.20_0.25/rank04_ood_score_v2_0p2239_train_01154_label0_pred1.jpg
ood_score_v2,0.20-0.25,16,5,train_01259,0.21571021571021606,0,0,/home/thkim0/github/AIFFEL_quest_rs/MainQuest/Quest02/outputs/trackB_070103_v2_20260701_195337/score_bin_sample_exports/ood_score_v2/bin_16_0.20_0.25/rank05_ood_score_v2_0p2157_train_01259_label0_pred0.jpg
ood_score_v2,0.15-0.20,17,1,train_00223,0.19943019943019946,0,0,/home/thkim0/github/AIFFEL_quest_rs/MainQuest/Quest02/outputs/trackB_070103_v2_20260701_195337/score_bin_sample_exports/ood_score_v2/bin_17_0.15_0.20/rank01_ood_score_v2_0p1994_train_00223_label0_pred0.jpg
ood_score_v2,0.15-0.20,17,2,train_00048,0.19129019129019179,0,1,/home/thkim0/github/AIFFEL_quest_rs/MainQuest/Quest02/outputs/trackB_070103_v2_20260701_195337/score_bin_sample_exports/ood_score_v2/bin_17_0.15_0.20/rank02_ood_score_v2_0p1913_train_00048_label0_pred1.jpg
ood_score_v2,0.15-0.20,17,3,train_01135,0.18315018315018286,1,1,/home/thkim0/github/AIFFEL_quest_rs/MainQuest/Quest02/outputs/trackB_070103_v2_20260701_195337/score_bin_sample_exports/ood_score_v2/bin_17_0.15_0.20/rank03_ood_score_v2_0p1832_train_01135_label1_pred1.jpg
ood_score_v2,0.15-0.20,17,4,train_00216,0.17501017501017516,0,0,/home/thkim0/github/AIFFEL_quest_rs/MainQuest/Quest02/outputs/trackB_070103_v2_20260701_195337/score_bin_sample_exports/ood_score_v2/bin_17_0.15_0.20/rank04_ood_score_v2_0p1750_train_00216_label0_pred0.jpg
ood_score_v2,0.15-0.20,17,5,train_01218,0.16687016687016748,1,1,/home/thkim0/github/AIFFEL_quest_rs/MainQuest/Quest02/outputs/trackB_070103_v2_20260701_195337/score_bin_sample_exports/ood_score_v2/bin_17_0.15_0.20/rank05_ood_score_v2_0p1669_train_01218_label1_pred1.jpg
ood_score_v2,0.10-0.15,18,1,train_00452,0.14245014245014195,0,0,/home/thkim0/github/AIFFEL_quest_rs/MainQuest/Quest02/outputs/trackB_070103_v2_20260701_195337/score_bin_sample_exports/ood_score_v2/bin_18_0.10_0.15/rank01_ood_score_v2_0p1425_train_00452_label0_pred0.jpg
ood_score_v2,0.10-0.15,18,2,train_00604,0.13431013431013425,0,0,/home/thkim0/github/AIFFEL_quest_rs/MainQuest/Quest02/outputs/trackB_070103_v2_20260701_195337/score_bin_sample_exports/ood_score_v2/bin_18_0.10_0.15/rank02_ood_score_v2_0p1343_train_00604_label0_pred0.jpg
ood_score_v2,0.10-0.15,18,3,train_00548,0.12617012617012657,0,0,/home/thkim0/github/AIFFEL_quest_rs/MainQuest/Quest02/outputs/trackB_070103_v2_20260701_195337/score_bin_sample_exports/ood_score_v2/bin_18_0.10_0.15/rank03_ood_score_v2_0p1262_train_00548_label0_pred0.jpg
ood_score_v2,0.10-0.15,18,4,train_00253,0.11803011803011765,1,1,/home/thkim0/github/AIFFEL_quest_rs/MainQuest/Quest02/outputs/trackB_070103_v2_20260701_195337/score_bin_sample_exports/ood_score_v2/bin_18_0.10_0.15/rank04_ood_score_v2_0p1180_train_00253_label1_pred1.jpg
ood_score_v2,0.10-0.15,18,5,train_01216,0.10989010989010996,1,0,/home/thkim0/github/AIFFEL_quest_rs/MainQuest/Quest02/outputs/trackB_070103_v2_20260701_195337/score_bin_sample_exports/ood_score_v2/bin_18_0.10_0.15/rank05_ood_score_v2_0p1099_train_01216_label1_pred0.jpg
ood_score_v2,0.05-0.10,19,1,train_01187,0.09361009361009334,0,0,/home/thkim0/github/AIFFEL_quest_rs/MainQuest/Quest02/outputs/trackB_070103_v2_20260701_195337/score_bin_sample_exports/ood_score_v2/bin_19_0.05_0.10/rank01_ood_score_v2_0p0936_train_01187_label0_pred0.jpg
ood_score_v2,0.05-0.10,19,2,train_00734,0.08547008547008567,0,0,/home/thkim0/github/AIFFEL_quest_rs/MainQuest/Quest02/outputs/trackB_070103_v2_20260701_195337/score_bin_sample_exports/ood_score_v2/bin_19_0.05_0.10/rank02_ood_score_v2_0p0855_train_00734_label0_pred0.jpg
ood_score_v2,0.05-0.10,19,3,train_00899,0.07733007733007674,0,0,/home/thkim0/github/AIFFEL_quest_rs/MainQuest/Quest02/outputs/trackB_070103_v2_20260701_195337/score_bin_sample_exports/ood_score_v2/bin_19_0.05_0.10/rank03_ood_score_v2_0p0773_train_00899_label0_pred0.jpg
ood_score_v2,0.05-0.10,19,4,train_01045,0.06919006919006905,0,0,/home/thkim0/github/AIFFEL_quest_rs/MainQuest/Quest02/outputs/trackB_070103_v2_20260701_195337/score_bin_sample_exports/ood_score_v2/bin_19_0.05_0.10/rank04_ood_score_v2_0p0692_train_01045_label0_pred0.jpg
ood_score_v2,0.05-0.10,19,5,train_00187,0.06105006105006136,1,1,/home/thkim0/github/AIFFEL_quest_rs/MainQuest/Quest02/outputs/trackB_070103_v2_20260701_195337/score_bin_sample_exports/ood_score_v2/bin_19_0.05_0.10/rank05_ood_score_v2_0p0611_train_00187_label1_pred1.jpg
ood_score_v2,0.00-0.05,20,1,train_01130,0.04477004477004475,1,0,/home/thkim0/github/AIFFEL_quest_rs/MainQuest/Quest02/outputs/trackB_070103_v2_20260701_195337/score_bin_sample_exports/ood_score_v2/bin_20_0.00_0.05/rank01_ood_score_v2_0p0448_train_01130_label1_pred0.jpg
ood_score_v2,0.00-0.05,20,2,train_00247,0.03663003663003706,0,0,/home/thkim0/github/AIFFEL_quest_rs/MainQuest/Quest02/outputs/trackB_070103_v2_20260701_195337/score_bin_sample_exports/ood_score_v2/bin_20_0.00_0.05/rank02_ood_score_v2_0p0366_train_00247_label0_pred0.jpg
ood_score_v2,0.00-0.05,20,3,train_01139,0.02849002849002814,0,0,/home/thkim0/github/AIFFEL_quest_rs/MainQuest/Quest02/outputs/trackB_070103_v2_20260701_195337/score_bin_sample_exports/ood_score_v2/bin_20_0.00_0.05/rank03_ood_score_v2_0p0285_train_01139_label0_pred0.jpg
ood_score_v2,0.00-0.05,20,4,train_00813,0.020350020350020454,1,1,/home/thkim0/github/AIFFEL_quest_rs/MainQuest/Quest02/outputs/trackB_070103_v2_20260701_195337/score_bin_sample_exports/ood_score_v2/bin_20_0.00_0.05/rank04_ood_score_v2_0p0204_train_00813_label1_pred1.jpg
ood_score_v2,0.00-0.05,20,5,train_00138,0.012210012210011532,0,0,/home/thkim0/github/AIFFEL_quest_rs/MainQuest/Quest02/outputs/trackB_070103_v2_20260701_195337/score_bin_sample_exports/ood_score_v2/bin_20_0.00_0.05/rank05_ood_score_v2_0p0122_train_00138_label0_pred0.jpg
mislabel_score_v2_add,0.95-1.00,1,1,train_00261,0.9999695304924301,1,0,/home/thkim0/github/AIFFEL_quest_rs/MainQuest/Quest02/outputs/trackB_070103_v2_20260701_195337/score_bin_sample_exports/mislabel_score_v2_add/bin_01_0.95_1.00/rank01_mislabel_score_v2_add_1p0000_train_00261_label1_pred0.jpg
mislabel_score_v2_add,0.95-1.00,1,2,train_00389,0.9993930623781153,1,0,/home/thkim0/github/AIFFEL_quest_rs/MainQuest/Quest02/outputs/trackB_070103_v2_20260701_195337/score_bin_sample_exports/mislabel_score_v2_add/bin_01_0.95_1.00/rank02_mislabel_score_v2_add_0p9994_train_00389_label1_pred0.jpg
mislabel_score_v2_add,0.95-1.00,1,3,train_00235,0.9989292217634589,1,0,/home/thkim0/github/AIFFEL_quest_rs/MainQuest/Quest02/outputs/trackB_070103_v2_20260701_195337/score_bin_sample_exports/mislabel_score_v2_add/bin_01_0.95_1.00/rank03_mislabel_score_v2_add_0p9989_train_00235_label1_pred0.jpg
mislabel_score_v2_add,0.95-1.00,1,4,train_01133,0.997265820420267,1,0,/home/thkim0/github/AIFFEL_quest_rs/MainQuest/Quest02/outputs/trackB_070103_v2_20260701_195337/score_bin_sample_exports/mislabel_score_v2_add/bin_01_0.95_1.00/rank04_mislabel_score_v2_add_0p9973_train_01133_label1_pred0.jpg
mislabel_score_v2_add,0.95-1.00,1,5,train_01009,0.9957652987814647,1,0,/home/thkim0/github/AIFFEL_quest_rs/MainQuest/Quest02/outputs/trackB_070103_v2_20260701_195337/score_bin_sample_exports/mislabel_score_v2_add/bin_01_0.95_1.00/rank05_mislabel_score_v2_add_0p9958_train_01009_label1_pred0.jpg
mislabel_score_v2_add,0.90-0.95,2,1,train_01300,0.9459498130158273,1,0,/home/thkim0/github/AIFFEL_quest_rs/MainQuest/Quest02/outputs/trackB_070103_v2_20260701_195337/score_bin_sample_exports/mislabel_score_v2_add/bin_02_0.90_0.95/rank01_mislabel_score_v2_add_0p9459_train_01300_label1_pred0.jpg
mislabel_score_v2_add,0.90-0.95,2,2,train_00597,0.9417983017492537,1,0,/home/thkim0/github/AIFFEL_quest_rs/MainQuest/Quest02/outputs/trackB_070103_v2_20260701_195337/score_bin_sample_exports/mislabel_score_v2_add/bin_02_0.90_0.95/rank02_mislabel_score_v2_add_0p9418_train_00597_label1_pred0.jpg
mislabel_score_v2_add,0.90-0.95,2,3,train_01118,0.9345260682678898,1,0,/home/thkim0/github/AIFFEL_quest_rs/MainQuest/Quest02/outputs/trackB_070103_v2_20260701_195337/score_bin_sample_exports/mislabel_score_v2_add/bin_02_0.90_0.95/rank03_mislabel_score_v2_add_0p9345_train_01118_label1_pred0.jpg
mislabel_score_v2_add,0.90-0.95,2,4,train_00006,0.9329468907931278,1,0,/home/thkim0/github/AIFFEL_quest_rs/MainQuest/Quest02/outputs/trackB_070103_v2_20260701_195337/score_bin_sample_exports/mislabel_score_v2_add/bin_02_0.90_0.95/rank04_mislabel_score_v2_add_0p9329_train_00006_label1_pred0.jpg
mislabel_score_v2_add,0.90-0.95,2,5,train_00912,0.9309838668812518,0,1,/home/thkim0/github/AIFFEL_quest_rs/MainQuest/Quest02/outputs/trackB_070103_v2_20260701_195337/score_bin_sample_exports/mislabel_score_v2_add/bin_02_0.90_0.95/rank05_mislabel_score_v2_add_0p9310_train_00912_label0_pred1.jpg
mislabel_score_v2_add,0.85-0.90,3,1,train_00298,0.8996263283849204,1,0,/home/thkim0/github/AIFFEL_quest_rs/MainQuest/Quest02/outputs/trackB_070103_v2_20260701_195337/score_bin_sample_exports/mislabel_score_v2_add/bin_03_0.85_0.90/rank01_mislabel_score_v2_add_0p8996_train_00298_label1_pred0.jpg
mislabel_score_v2_add,0.85-0.90,3,2,train_00799,0.8960459128266933,0,1,/home/thkim0/github/AIFFEL_quest_rs/MainQuest/Quest02/outputs/trackB_070103_v2_20260701_195337/score_bin_sample_exports/mislabel_score_v2_add/bin_03_0.85_0.90/rank02_mislabel_score_v2_add_0p8960_train_00799_label0_pred1.jpg
mislabel_score_v2_add,0.85-0.90,3,3,train_01130,0.8849050477328377,1,0,/home/thkim0/github/AIFFEL_quest_rs/MainQuest/Quest02/outputs/trackB_070103_v2_20260701_195337/score_bin_sample_exports/mislabel_score_v2_add/bin_03_0.85_0.90/rank03_mislabel_score_v2_add_0p8849_train_01130_label1_pred0.jpg
mislabel_score_v2_add,0.85-0.90,3,4,train_01290,0.8841727449607412,1,0,/home/thkim0/github/AIFFEL_quest_rs/MainQuest/Quest02/outputs/trackB_070103_v2_20260701_195337/score_bin_sample_exports/mislabel_score_v2_add/bin_03_0.85_0.90/rank04_mislabel_score_v2_add_0p8842_train_01290_label1_pred0.jpg
mislabel_score_v2_add,0.85-0.90,3,5,train_00633,0.8793711980956544,0,1,/home/thkim0/github/AIFFEL_quest_rs/MainQuest/Quest02/outputs/trackB_070103_v2_20260701_195337/score_bin_sample_exports/mislabel_score_v2_add/bin_03_0.85_0.90/rank05_mislabel_score_v2_add_0p8794_train_00633_label0_pred1.jpg
mislabel_score_v2_add,0.80-0.85,4,1,train_00241,0.8431368042860263,1,0,/home/thkim0/github/AIFFEL_quest_rs/MainQuest/Quest02/outputs/trackB_070103_v2_20260701_195337/score_bin_sample_exports/mislabel_score_v2_add/bin_04_0.80_0.85/rank01_mislabel_score_v2_add_0p8431_train_00241_label1_pred0.jpg
mislabel_score_v2_add,0.80-0.85,4,2,train_00160,0.8405228135632112,1,0,/home/thkim0/github/AIFFEL_quest_rs/MainQuest/Quest02/outputs/trackB_070103_v2_20260701_195337/score_bin_sample_exports/mislabel_score_v2_add/bin_04_0.80_0.85/rank02_mislabel_score_v2_add_0p8405_train_00160_label1_pred0.jpg
mislabel_score_v2_add,0.80-0.85,4,3,train_00964,0.8398288721921914,0,1,/home/thkim0/github/AIFFEL_quest_rs/MainQuest/Quest02/outputs/trackB_070103_v2_20260701_195337/score_bin_sample_exports/mislabel_score_v2_add/bin_04_0.80_0.85/rank03_mislabel_score_v2_add_0p8398_train_00964_label0_pred1.jpg
mislabel_score_v2_add,0.80-0.85,4,4,train_00302,0.8360613697555672,1,0,/home/thkim0/github/AIFFEL_quest_rs/MainQuest/Quest02/outputs/trackB_070103_v2_20260701_195337/score_bin_sample_exports/mislabel_score_v2_add/bin_04_0.80_0.85/rank04_mislabel_score_v2_add_0p8361_train_00302_label1_pred0.jpg
mislabel_score_v2_add,0.80-0.85,4,5,train_01197,0.8066222522745534,0,1,/home/thkim0/github/AIFFEL_quest_rs/MainQuest/Quest02/outputs/trackB_070103_v2_20260701_195337/score_bin_sample_exports/mislabel_score_v2_add/bin_04_0.80_0.85/rank05_mislabel_score_v2_add_0p8066_train_01197_label0_pred1.jpg
mislabel_score_v2_add,0.70-0.75,6,1,train_00706,0.7450850529798203,0,1,/home/thkim0/github/AIFFEL_quest_rs/MainQuest/Quest02/outputs/trackB_070103_v2_20260701_195337/score_bin_sample_exports/mislabel_score_v2_add/bin_06_0.70_0.75/rank01_mislabel_score_v2_add_0p7451_train_00706_label0_pred1.jpg
mislabel_score_v2_add,0.70-0.75,6,2,train_00915,0.7420206467255537,1,0,/home/thkim0/github/AIFFEL_quest_rs/MainQuest/Quest02/outputs/trackB_070103_v2_20260701_195337/score_bin_sample_exports/mislabel_score_v2_add/bin_06_0.70_0.75/rank02_mislabel_score_v2_add_0p7420_train_00915_label1_pred0.jpg
mislabel_score_v2_add,0.70-0.75,6,3,train_00026,0.7294357065310326,1,0,/home/thkim0/github/AIFFEL_quest_rs/MainQuest/Quest02/outputs/trackB_070103_v2_20260701_195337/score_bin_sample_exports/mislabel_score_v2_add/bin_06_0.70_0.75/rank03_mislabel_score_v2_add_0p7294_train_00026_label1_pred0.jpg
mislabel_score_v2_add,0.70-0.75,6,4,train_01069,0.7186599300904658,0,1,/home/thkim0/github/AIFFEL_quest_rs/MainQuest/Quest02/outputs/trackB_070103_v2_20260701_195337/score_bin_sample_exports/mislabel_score_v2_add/bin_06_0.70_0.75/rank04_mislabel_score_v2_add_0p7187_train_01069_label0_pred1.jpg
mislabel_score_v2_add,0.65-0.70,7,1,train_01172,0.6663670276918856,0,1,/home/thkim0/github/AIFFEL_quest_rs/MainQuest/Quest02/outputs/trackB_070103_v2_20260701_195337/score_bin_sample_exports/mislabel_score_v2_add/bin_07_0.65_0.70/rank01_mislabel_score_v2_add_0p6664_train_01172_label0_pred1.jpg
mislabel_score_v2_add,0.65-0.70,7,2,train_00796,0.6645972344075084,0,1,/home/thkim0/github/AIFFEL_quest_rs/MainQuest/Quest02/outputs/trackB_070103_v2_20260701_195337/score_bin_sample_exports/mislabel_score_v2_add/bin_07_0.65_0.70/rank02_mislabel_score_v2_add_0p6646_train_00796_label0_pred1.jpg
mislabel_score_v2_add,0.65-0.70,7,3,train_01216,0.6589632063253871,1,0,/home/thkim0/github/AIFFEL_quest_rs/MainQuest/Quest02/outputs/trackB_070103_v2_20260701_195337/score_bin_sample_exports/mislabel_score_v2_add/bin_07_0.65_0.70/rank03_mislabel_score_v2_add_0p6590_train_01216_label1_pred0.jpg
mislabel_score_v2_add,0.60-0.65,8,1,train_01337,0.6080258057363253,1,0,/home/thkim0/github/AIFFEL_quest_rs/MainQuest/Quest02/outputs/trackB_070103_v2_20260701_195337/score_bin_sample_exports/mislabel_score_v2_add/bin_08_0.60_0.65/rank01_mislabel_score_v2_add_0p6080_train_01337_label1_pred0.jpg
mislabel_score_v2_add,0.60-0.65,8,2,train_00916,0.6026993051946044,0,1,/home/thkim0/github/AIFFEL_quest_rs/MainQuest/Quest02/outputs/trackB_070103_v2_20260701_195337/score_bin_sample_exports/mislabel_score_v2_add/bin_08_0.60_0.65/rank02_mislabel_score_v2_add_0p6027_train_00916_label0_pred1.jpg
mislabel_score_v2_add,0.55-0.60,9,1,train_00123,0.5800024343975394,0,1,/home/thkim0/github/AIFFEL_quest_rs/MainQuest/Quest02/outputs/trackB_070103_v2_20260701_195337/score_bin_sample_exports/mislabel_score_v2_add/bin_09_0.55_0.60/rank01_mislabel_score_v2_add_0p5800_train_00123_label0_pred1.jpg
mislabel_score_v2_add,0.50-0.55,10,1,train_00385,0.5499162270523426,0,1,/home/thkim0/github/AIFFEL_quest_rs/MainQuest/Quest02/outputs/trackB_070103_v2_20260701_195337/score_bin_sample_exports/mislabel_score_v2_add/bin_10_0.50_0.55/rank01_mislabel_score_v2_add_0p5499_train_00385_label0_pred1.jpg
mislabel_score_v2_add,0.45-0.50,11,1,train_00830,0.47910744769076186,0,1,/home/thkim0/github/AIFFEL_quest_rs/MainQuest/Quest02/outputs/trackB_070103_v2_20260701_195337/score_bin_sample_exports/mislabel_score_v2_add/bin_11_0.45_0.50/rank01_mislabel_score_v2_add_0p4791_train_00830_label0_pred1.jpg
mislabel_score_v2_add,0.45-0.50,11,2,train_00010,0.461369386338099,0,1,/home/thkim0/github/AIFFEL_quest_rs/MainQuest/Quest02/outputs/trackB_070103_v2_20260701_195337/score_bin_sample_exports/mislabel_score_v2_add/bin_11_0.45_0.50/rank02_mislabel_score_v2_add_0p4614_train_00010_label0_pred1.jpg
mislabel_score_v2_add,0.40-0.45,12,1,train_00186,0.4095832407756028,0,1,/home/thkim0/github/AIFFEL_quest_rs/MainQuest/Quest02/outputs/trackB_070103_v2_20260701_195337/score_bin_sample_exports/mislabel_score_v2_add/bin_12_0.40_0.45/rank01_mislabel_score_v2_add_0p4096_train_00186_label0_pred1.jpg
mislabel_score_v2_add,0.40-0.45,12,2,train_00295,0.40343274857958533,0,0,/home/thkim0/github/AIFFEL_quest_rs/MainQuest/Quest02/outputs/trackB_070103_v2_20260701_195337/score_bin_sample_exports/mislabel_score_v2_add/bin_12_0.40_0.45/rank02_mislabel_score_v2_add_0p4034_train_00295_label0_pred0.jpg
mislabel_score_v2_add,0.35-0.40,13,1,train_00265,0.39962000886702076,0,1,/home/thkim0/github/AIFFEL_quest_rs/MainQuest/Quest02/outputs/trackB_070103_v2_20260701_195337/score_bin_sample_exports/mislabel_score_v2_add/bin_13_0.35_0.40/rank01_mislabel_score_v2_add_0p3996_train_00265_label0_pred1.jpg
mislabel_score_v2_add,0.35-0.40,13,2,train_01092,0.3953871938770539,0,1,/home/thkim0/github/AIFFEL_quest_rs/MainQuest/Quest02/outputs/trackB_070103_v2_20260701_195337/score_bin_sample_exports/mislabel_score_v2_add/bin_13_0.35_0.40/rank02_mislabel_score_v2_add_0p3954_train_01092_label0_pred1.jpg
mislabel_score_v2_add,0.35-0.40,13,3,train_00471,0.39495356786651825,1,0,/home/thkim0/github/AIFFEL_quest_rs/MainQuest/Quest02/outputs/trackB_070103_v2_20260701_195337/score_bin_sample_exports/mislabel_score_v2_add/bin_13_0.35_0.40/rank03_mislabel_score_v2_add_0p3950_train_00471_label1_pred0.jpg
mislabel_score_v2_add,0.35-0.40,13,4,train_00384,0.3911436502129207,0,1,/home/thkim0/github/AIFFEL_quest_rs/MainQuest/Quest02/outputs/trackB_070103_v2_20260701_195337/score_bin_sample_exports/mislabel_score_v2_add/bin_13_0.35_0.40/rank04_mislabel_score_v2_add_0p3911_train_00384_label0_pred1.jpg
mislabel_score_v2_add,0.35-0.40,13,5,train_01154,0.3788659253158253,0,1,/home/thkim0/github/AIFFEL_quest_rs/MainQuest/Quest02/outputs/trackB_070103_v2_20260701_195337/score_bin_sample_exports/mislabel_score_v2_add/bin_13_0.35_0.40/rank05_mislabel_score_v2_add_0p3789_train_01154_label0_pred1.jpg
mislabel_score_v2_add,0.30-0.35,14,1,train_00677,0.3459021277938854,0,0,/home/thkim0/github/AIFFEL_quest_rs/MainQuest/Quest02/outputs/trackB_070103_v2_20260701_195337/score_bin_sample_exports/mislabel_score_v2_add/bin_14_0.30_0.35/rank01_mislabel_score_v2_add_0p3459_train_00677_label0_pred0.jpg
mislabel_score_v2_add,0.30-0.35,14,2,train_00202,0.34348802756414787,0,0,/home/thkim0/github/AIFFEL_quest_rs/MainQuest/Quest02/outputs/trackB_070103_v2_20260701_195337/score_bin_sample_exports/mislabel_score_v2_add/bin_14_0.30_0.35/rank02_mislabel_score_v2_add_0p3435_train_00202_label0_pred0.jpg
mislabel_score_v2_add,0.30-0.35,14,3,train_00281,0.34300669082832463,0,0,/home/thkim0/github/AIFFEL_quest_rs/MainQuest/Quest02/outputs/trackB_070103_v2_20260701_195337/score_bin_sample_exports/mislabel_score_v2_add/bin_14_0.30_0.35/rank03_mislabel_score_v2_add_0p3430_train_00281_label0_pred0.jpg
mislabel_score_v2_add,0.30-0.35,14,4,train_00795,0.326919991768745,1,0,/home/thkim0/github/AIFFEL_quest_rs/MainQuest/Quest02/outputs/trackB_070103_v2_20260701_195337/score_bin_sample_exports/mislabel_score_v2_add/bin_14_0.30_0.35/rank04_mislabel_score_v2_add_0p3269_train_00795_label1_pred0.jpg
mislabel_score_v2_add,0.30-0.35,14,5,train_00004,0.32628526222453175,1,0,/home/thkim0/github/AIFFEL_quest_rs/MainQuest/Quest02/outputs/trackB_070103_v2_20260701_195337/score_bin_sample_exports/mislabel_score_v2_add/bin_14_0.30_0.35/rank05_mislabel_score_v2_add_0p3263_train_00004_label1_pred0.jpg
mislabel_score_v2_add,0.25-0.30,15,1,train_00658,0.2961159335920662,0,0,/home/thkim0/github/AIFFEL_quest_rs/MainQuest/Quest02/outputs/trackB_070103_v2_20260701_195337/score_bin_sample_exports/mislabel_score_v2_add/bin_15_0.25_0.30/rank01_mislabel_score_v2_add_0p2961_train_00658_label0_pred0.jpg
mislabel_score_v2_add,0.25-0.30,15,2,train_00906,0.29417506150047495,1,0,/home/thkim0/github/AIFFEL_quest_rs/MainQuest/Quest02/outputs/trackB_070103_v2_20260701_195337/score_bin_sample_exports/mislabel_score_v2_add/bin_15_0.25_0.30/rank02_mislabel_score_v2_add_0p2942_train_00906_label1_pred0.jpg
mislabel_score_v2_add,0.25-0.30,15,3,train_00808,0.28204006694762207,0,0,/home/thkim0/github/AIFFEL_quest_rs/MainQuest/Quest02/outputs/trackB_070103_v2_20260701_195337/score_bin_sample_exports/mislabel_score_v2_add/bin_15_0.25_0.30/rank03_mislabel_score_v2_add_0p2820_train_00808_label0_pred0.jpg
mislabel_score_v2_add,0.25-0.30,15,4,train_00126,0.28123498154904314,0,1,/home/thkim0/github/AIFFEL_quest_rs/MainQuest/Quest02/outputs/trackB_070103_v2_20260701_195337/score_bin_sample_exports/mislabel_score_v2_add/bin_15_0.25_0.30/rank04_mislabel_score_v2_add_0p2812_train_00126_label0_pred1.jpg
mislabel_score_v2_add,0.25-0.30,15,5,train_00205,0.2755282434647802,1,1,/home/thkim0/github/AIFFEL_quest_rs/MainQuest/Quest02/outputs/trackB_070103_v2_20260701_195337/score_bin_sample_exports/mislabel_score_v2_add/bin_15_0.25_0.30/rank05_mislabel_score_v2_add_0p2755_train_00205_label1_pred1.jpg
mislabel_score_v2_add,0.20-0.25,16,1,train_00008,0.24648474633416134,1,1,/home/thkim0/github/AIFFEL_quest_rs/MainQuest/Quest02/outputs/trackB_070103_v2_20260701_195337/score_bin_sample_exports/mislabel_score_v2_add/bin_16_0.20_0.25/rank01_mislabel_score_v2_add_0p2465_train_00008_label1_pred1.jpg
mislabel_score_v2_add,0.20-0.25,16,2,train_00187,0.24136975408610267,1,1,/home/thkim0/github/AIFFEL_quest_rs/MainQuest/Quest02/outputs/trackB_070103_v2_20260701_195337/score_bin_sample_exports/mislabel_score_v2_add/bin_16_0.20_0.25/rank02_mislabel_score_v2_add_0p2414_train_00187_label1_pred1.jpg
mislabel_score_v2_add,0.20-0.25,16,3,train_00192,0.23723383144390583,1,0,/home/thkim0/github/AIFFEL_quest_rs/MainQuest/Quest02/outputs/trackB_070103_v2_20260701_195337/score_bin_sample_exports/mislabel_score_v2_add/bin_16_0.20_0.25/rank03_mislabel_score_v2_add_0p2372_train_00192_label1_pred0.jpg
mislabel_score_v2_add,0.20-0.25,16,4,train_01161,0.22902352954128802,1,1,/home/thkim0/github/AIFFEL_quest_rs/MainQuest/Quest02/outputs/trackB_070103_v2_20260701_195337/score_bin_sample_exports/mislabel_score_v2_add/bin_16_0.20_0.25/rank04_mislabel_score_v2_add_0p2290_train_01161_label1_pred1.jpg
mislabel_score_v2_add,0.20-0.25,16,5,train_00965,0.22855288142302216,1,1,/home/thkim0/github/AIFFEL_quest_rs/MainQuest/Quest02/outputs/trackB_070103_v2_20260701_195337/score_bin_sample_exports/mislabel_score_v2_add/bin_16_0.20_0.25/rank05_mislabel_score_v2_add_0p2286_train_00965_label1_pred1.jpg
mislabel_score_v2_add,0.15-0.20,17,1,train_01143,0.19964545448476828,1,1,/home/thkim0/github/AIFFEL_quest_rs/MainQuest/Quest02/outputs/trackB_070103_v2_20260701_195337/score_bin_sample_exports/mislabel_score_v2_add/bin_17_0.15_0.20/rank01_mislabel_score_v2_add_0p1996_train_01143_label1_pred1.jpg
mislabel_score_v2_add,0.15-0.20,17,2,train_00306,0.19892906750447667,1,0,/home/thkim0/github/AIFFEL_quest_rs/MainQuest/Quest02/outputs/trackB_070103_v2_20260701_195337/score_bin_sample_exports/mislabel_score_v2_add/bin_17_0.15_0.20/rank02_mislabel_score_v2_add_0p1989_train_00306_label1_pred0.jpg
mislabel_score_v2_add,0.15-0.20,17,3,train_00905,0.19710858514613452,0,0,/home/thkim0/github/AIFFEL_quest_rs/MainQuest/Quest02/outputs/trackB_070103_v2_20260701_195337/score_bin_sample_exports/mislabel_score_v2_add/bin_17_0.15_0.20/rank03_mislabel_score_v2_add_0p1971_train_00905_label0_pred0.jpg
mislabel_score_v2_add,0.15-0.20,17,4,train_01274,0.19631202853720744,0,0,/home/thkim0/github/AIFFEL_quest_rs/MainQuest/Quest02/outputs/trackB_070103_v2_20260701_195337/score_bin_sample_exports/mislabel_score_v2_add/bin_17_0.15_0.20/rank04_mislabel_score_v2_add_0p1963_train_01274_label0_pred0.jpg
mislabel_score_v2_add,0.15-0.20,17,5,train_00859,0.1941990323068214,1,0,/home/thkim0/github/AIFFEL_quest_rs/MainQuest/Quest02/outputs/trackB_070103_v2_20260701_195337/score_bin_sample_exports/mislabel_score_v2_add/bin_17_0.15_0.20/rank05_mislabel_score_v2_add_0p1942_train_00859_label1_pred0.jpg
mislabel_score_v2_add,0.10-0.15,18,1,train_00136,0.14978688090728864,1,1,/home/thkim0/github/AIFFEL_quest_rs/MainQuest/Quest02/outputs/trackB_070103_v2_20260701_195337/score_bin_sample_exports/mislabel_score_v2_add/bin_18_0.10_0.15/rank01_mislabel_score_v2_add_0p1498_train_00136_label1_pred1.jpg
mislabel_score_v2_add,0.10-0.15,18,2,train_01141,0.14738666053217264,1,1,/home/thkim0/github/AIFFEL_quest_rs/MainQuest/Quest02/outputs/trackB_070103_v2_20260701_195337/score_bin_sample_exports/mislabel_score_v2_add/bin_18_0.10_0.15/rank02_mislabel_score_v2_add_0p1474_train_01141_label1_pred1.jpg
mislabel_score_v2_add,0.10-0.15,18,3,train_01334,0.14718717817897162,0,0,/home/thkim0/github/AIFFEL_quest_rs/MainQuest/Quest02/outputs/trackB_070103_v2_20260701_195337/score_bin_sample_exports/mislabel_score_v2_add/bin_18_0.10_0.15/rank03_mislabel_score_v2_add_0p1472_train_01334_label0_pred0.jpg
mislabel_score_v2_add,0.10-0.15,18,4,train_01207,0.14457737543910426,1,1,/home/thkim0/github/AIFFEL_quest_rs/MainQuest/Quest02/outputs/trackB_070103_v2_20260701_195337/score_bin_sample_exports/mislabel_score_v2_add/bin_18_0.10_0.15/rank04_mislabel_score_v2_add_0p1446_train_01207_label1_pred1.jpg
mislabel_score_v2_add,0.10-0.15,18,5,train_00772,0.13976795190509034,0,0,/home/thkim0/github/AIFFEL_quest_rs/MainQuest/Quest02/outputs/trackB_070103_v2_20260701_195337/score_bin_sample_exports/mislabel_score_v2_add/bin_18_0.10_0.15/rank05_mislabel_score_v2_add_0p1398_train_00772_label0_pred0.jpg
mislabel_score_v2_add,0.05-0.10,19,1,train_01203,0.09818230089047575,0,0,/home/thkim0/github/AIFFEL_quest_rs/MainQuest/Quest02/outputs/trackB_070103_v2_20260701_195337/score_bin_sample_exports/mislabel_score_v2_add/bin_19_0.05_0.10/rank01_mislabel_score_v2_add_0p0982_train_01203_label0_pred0.jpg
mislabel_score_v2_add,0.05-0.10,19,2,train_00544,0.0974620030455692,0,0,/home/thkim0/github/AIFFEL_quest_rs/MainQuest/Quest02/outputs/trackB_070103_v2_20260701_195337/score_bin_sample_exports/mislabel_score_v2_add/bin_19_0.05_0.10/rank02_mislabel_score_v2_add_0p0975_train_00544_label0_pred0.jpg
mislabel_score_v2_add,0.05-0.10,19,3,train_00057,0.09715524626815501,0,0,/home/thkim0/github/AIFFEL_quest_rs/MainQuest/Quest02/outputs/trackB_070103_v2_20260701_195337/score_bin_sample_exports/mislabel_score_v2_add/bin_19_0.05_0.10/rank03_mislabel_score_v2_add_0p0972_train_00057_label0_pred0.jpg
mislabel_score_v2_add,0.05-0.10,19,4,train_01193,0.09211949441091355,1,1,/home/thkim0/github/AIFFEL_quest_rs/MainQuest/Quest02/outputs/trackB_070103_v2_20260701_195337/score_bin_sample_exports/mislabel_score_v2_add/bin_19_0.05_0.10/rank04_mislabel_score_v2_add_0p0921_train_01193_label1_pred1.jpg
mislabel_score_v2_add,0.05-0.10,19,5,train_00424,0.09162049652286997,1,1,/home/thkim0/github/AIFFEL_quest_rs/MainQuest/Quest02/outputs/trackB_070103_v2_20260701_195337/score_bin_sample_exports/mislabel_score_v2_add/bin_19_0.05_0.10/rank05_mislabel_score_v2_add_0p0916_train_00424_label1_pred1.jpg
mislabel_score_v2_add,0.00-0.05,20,1,train_00713,0.049724652858431,1,1,/home/thkim0/github/AIFFEL_quest_rs/MainQuest/Quest02/outputs/trackB_070103_v2_20260701_195337/score_bin_sample_exports/mislabel_score_v2_add/bin_20_0.00_0.05/rank01_mislabel_score_v2_add_0p0497_train_00713_label1_pred1.jpg
mislabel_score_v2_add,0.00-0.05,20,2,train_01192,0.04935251974959374,1,1,/home/thkim0/github/AIFFEL_quest_rs/MainQuest/Quest02/outputs/trackB_070103_v2_20260701_195337/score_bin_sample_exports/mislabel_score_v2_add/bin_20_0.00_0.05/rank02_mislabel_score_v2_add_0p0494_train_01192_label1_pred1.jpg
mislabel_score_v2_add,0.00-0.05,20,3,train_00605,0.04813128297840866,0,0,/home/thkim0/github/AIFFEL_quest_rs/MainQuest/Quest02/outputs/trackB_070103_v2_20260701_195337/score_bin_sample_exports/mislabel_score_v2_add/bin_20_0.00_0.05/rank03_mislabel_score_v2_add_0p0481_train_00605_label0_pred0.jpg
mislabel_score_v2_add,0.00-0.05,20,4,train_00267,0.04788335622952962,0,0,/home/thkim0/github/AIFFEL_quest_rs/MainQuest/Quest02/outputs/trackB_070103_v2_20260701_195337/score_bin_sample_exports/mislabel_score_v2_add/bin_20_0.00_0.05/rank04_mislabel_score_v2_add_0p0479_train_00267_label0_pred0.jpg
mislabel_score_v2_add,0.00-0.05,20,5,train_00555,0.04752551532215886,0,0,/home/thkim0/github/AIFFEL_quest_rs/MainQuest/Quest02/outputs/trackB_070103_v2_20260701_195337/score_bin_sample_exports/mislabel_score_v2_add/bin_20_0.00_0.05/rank05_mislabel_score_v2_add_0p0475_train_00555_label0_pred0.jpg
mislabel_score_v2_mul,0.95-1.00,1,1,train_00261,0.9999746084213256,1,0,/home/thkim0/github/AIFFEL_quest_rs/MainQuest/Quest02/outputs/trackB_070103_v2_20260701_195337/score_bin_sample_exports/mislabel_score_v2_mul/bin_01_0.95_1.00/rank01_mislabel_score_v2_mul_1p0000_train_00261_label1_pred0.jpg
mislabel_score_v2_mul,0.95-1.00,1,2,train_00389,0.9994940906763075,1,0,/home/thkim0/github/AIFFEL_quest_rs/MainQuest/Quest02/outputs/trackB_070103_v2_20260701_195337/score_bin_sample_exports/mislabel_score_v2_mul/bin_01_0.95_1.00/rank02_mislabel_score_v2_mul_0p9995_train_00389_label1_pred0.jpg
mislabel_score_v2_mul,0.95-1.00,1,3,train_00235,0.9991072863340377,1,0,/home/thkim0/github/AIFFEL_quest_rs/MainQuest/Quest02/outputs/trackB_070103_v2_20260701_195337/score_bin_sample_exports/mislabel_score_v2_mul/bin_01_0.95_1.00/rank03_mislabel_score_v2_mul_0p9991_train_00235_label1_pred0.jpg
mislabel_score_v2_mul,0.95-1.00,1,4,train_01133,0.9977189153432836,1,0,/home/thkim0/github/AIFFEL_quest_rs/MainQuest/Quest02/outputs/trackB_070103_v2_20260701_195337/score_bin_sample_exports/mislabel_score_v2_mul/bin_01_0.95_1.00/rank04_mislabel_score_v2_mul_0p9977_train_01133_label1_pred0.jpg
mislabel_score_v2_mul,0.95-1.00,1,5,train_01009,0.9964648336172103,1,0,/home/thkim0/github/AIFFEL_quest_rs/MainQuest/Quest02/outputs/trackB_070103_v2_20260701_195337/score_bin_sample_exports/mislabel_score_v2_mul/bin_01_0.95_1.00/rank05_mislabel_score_v2_mul_0p9965_train_01009_label1_pred0.jpg
mislabel_score_v2_mul,0.90-0.95,2,1,train_00784,0.948473003733182,1,0,/home/thkim0/github/AIFFEL_quest_rs/MainQuest/Quest02/outputs/trackB_070103_v2_20260701_195337/score_bin_sample_exports/mislabel_score_v2_mul/bin_02_0.90_0.95/rank01_mislabel_score_v2_mul_0p9485_train_00784_label1_pred0.jpg
mislabel_score_v2_mul,0.90-0.95,2,2,train_01100,0.948060995943545,1,0,/home/thkim0/github/AIFFEL_quest_rs/MainQuest/Quest02/outputs/trackB_070103_v2_20260701_195337/score_bin_sample_exports/mislabel_score_v2_mul/bin_02_0.90_0.95/rank02_mislabel_score_v2_mul_0p9481_train_01100_label1_pred0.jpg
mislabel_score_v2_mul,0.90-0.95,2,3,train_01265,0.9476974904262101,1,0,/home/thkim0/github/AIFFEL_quest_rs/MainQuest/Quest02/outputs/trackB_070103_v2_20260701_195337/score_bin_sample_exports/mislabel_score_v2_mul/bin_02_0.90_0.95/rank03_mislabel_score_v2_mul_0p9477_train_01265_label1_pred0.jpg
mislabel_score_v2_mul,0.90-0.95,2,4,train_00591,0.9475818398608639,1,0,/home/thkim0/github/AIFFEL_quest_rs/MainQuest/Quest02/outputs/trackB_070103_v2_20260701_195337/score_bin_sample_exports/mislabel_score_v2_mul/bin_02_0.90_0.95/rank04_mislabel_score_v2_mul_0p9476_train_00591_label1_pred0.jpg
mislabel_score_v2_mul,0.90-0.95,2,5,train_01118,0.9438626915216445,1,0,/home/thkim0/github/AIFFEL_quest_rs/MainQuest/Quest02/outputs/trackB_070103_v2_20260701_195337/score_bin_sample_exports/mislabel_score_v2_mul/bin_02_0.90_0.95/rank05_mislabel_score_v2_mul_0p9439_train_01118_label1_pred0.jpg
mislabel_score_v2_mul,0.85-0.90,3,1,train_00298,0.8996885530990049,1,0,/home/thkim0/github/AIFFEL_quest_rs/MainQuest/Quest02/outputs/trackB_070103_v2_20260701_195337/score_bin_sample_exports/mislabel_score_v2_mul/bin_03_0.85_0.90/rank01_mislabel_score_v2_mul_0p8997_train_00298_label1_pred0.jpg
mislabel_score_v2_mul,0.85-0.90,3,2,train_01290,0.8983065038919448,1,0,/home/thkim0/github/AIFFEL_quest_rs/MainQuest/Quest02/outputs/trackB_070103_v2_20260701_195337/score_bin_sample_exports/mislabel_score_v2_mul/bin_03_0.85_0.90/rank02_mislabel_score_v2_mul_0p8983_train_01290_label1_pred0.jpg
mislabel_score_v2_mul,0.85-0.90,3,3,train_00633,0.8938411474227905,0,1,/home/thkim0/github/AIFFEL_quest_rs/MainQuest/Quest02/outputs/trackB_070103_v2_20260701_195337/score_bin_sample_exports/mislabel_score_v2_mul/bin_03_0.85_0.90/rank03_mislabel_score_v2_mul_0p8938_train_00633_label0_pred1.jpg
mislabel_score_v2_mul,0.85-0.90,3,4,train_01130,0.8937965520624397,1,0,/home/thkim0/github/AIFFEL_quest_rs/MainQuest/Quest02/outputs/trackB_070103_v2_20260701_195337/score_bin_sample_exports/mislabel_score_v2_mul/bin_03_0.85_0.90/rank04_mislabel_score_v2_mul_0p8938_train_01130_label1_pred0.jpg
mislabel_score_v2_mul,0.85-0.90,3,5,train_00280,0.8806152874185416,1,0,/home/thkim0/github/AIFFEL_quest_rs/MainQuest/Quest02/outputs/trackB_070103_v2_20260701_195337/score_bin_sample_exports/mislabel_score_v2_mul/bin_03_0.85_0.90/rank05_mislabel_score_v2_mul_0p8806_train_00280_label1_pred0.jpg
mislabel_score_v2_mul,0.80-0.85,4,1,train_00964,0.8483768668983656,0,1,/home/thkim0/github/AIFFEL_quest_rs/MainQuest/Quest02/outputs/trackB_070103_v2_20260701_195337/score_bin_sample_exports/mislabel_score_v2_mul/bin_04_0.80_0.85/rank01_mislabel_score_v2_mul_0p8484_train_00964_label0_pred1.jpg
mislabel_score_v2_mul,0.80-0.85,4,2,train_00160,0.8330848804799434,1,0,/home/thkim0/github/AIFFEL_quest_rs/MainQuest/Quest02/outputs/trackB_070103_v2_20260701_195337/score_bin_sample_exports/mislabel_score_v2_mul/bin_04_0.80_0.85/rank02_mislabel_score_v2_mul_0p8331_train_00160_label1_pred0.jpg
mislabel_score_v2_mul,0.80-0.85,4,3,train_00302,0.8295069778734572,1,0,/home/thkim0/github/AIFFEL_quest_rs/MainQuest/Quest02/outputs/trackB_070103_v2_20260701_195337/score_bin_sample_exports/mislabel_score_v2_mul/bin_04_0.80_0.85/rank03_mislabel_score_v2_mul_0p8295_train_00302_label1_pred0.jpg
mislabel_score_v2_mul,0.80-0.85,4,4,train_01197,0.8232276439666748,0,1,/home/thkim0/github/AIFFEL_quest_rs/MainQuest/Quest02/outputs/trackB_070103_v2_20260701_195337/score_bin_sample_exports/mislabel_score_v2_mul/bin_04_0.80_0.85/rank04_mislabel_score_v2_mul_0p8232_train_01197_label0_pred1.jpg
mislabel_score_v2_mul,0.80-0.85,4,5,train_00040,0.8172011160389452,0,1,/home/thkim0/github/AIFFEL_quest_rs/MainQuest/Quest02/outputs/trackB_070103_v2_20260701_195337/score_bin_sample_exports/mislabel_score_v2_mul/bin_04_0.80_0.85/rank05_mislabel_score_v2_mul_0p8172_train_00040_label0_pred1.jpg
mislabel_score_v2_mul,0.75-0.80,5,1,train_00706,0.7583810091018677,0,1,/home/thkim0/github/AIFFEL_quest_rs/MainQuest/Quest02/outputs/trackB_070103_v2_20260701_195337/score_bin_sample_exports/mislabel_score_v2_mul/bin_05_0.75_0.80/rank01_mislabel_score_v2_mul_0p7584_train_00706_label0_pred1.jpg
mislabel_score_v2_mul,0.75-0.80,5,2,train_00915,0.7501294525840667,1,0,/home/thkim0/github/AIFFEL_quest_rs/MainQuest/Quest02/outputs/trackB_070103_v2_20260701_195337/score_bin_sample_exports/mislabel_score_v2_mul/bin_05_0.75_0.80/rank02_mislabel_score_v2_mul_0p7501_train_00915_label1_pred0.jpg
mislabel_score_v2_mul,0.70-0.75,6,1,train_00026,0.7388601189499338,1,0,/home/thkim0/github/AIFFEL_quest_rs/MainQuest/Quest02/outputs/trackB_070103_v2_20260701_195337/score_bin_sample_exports/mislabel_score_v2_mul/bin_06_0.70_0.75/rank01_mislabel_score_v2_mul_0p7389_train_00026_label1_pred0.jpg
mislabel_score_v2_mul,0.70-0.75,6,2,train_01069,0.7290724061805894,0,1,/home/thkim0/github/AIFFEL_quest_rs/MainQuest/Quest02/outputs/trackB_070103_v2_20260701_195337/score_bin_sample_exports/mislabel_score_v2_mul/bin_06_0.70_0.75/rank02_mislabel_score_v2_mul_0p7291_train_01069_label0_pred1.jpg
mislabel_score_v2_mul,0.65-0.70,7,1,train_01172,0.6779015721606112,0,1,/home/thkim0/github/AIFFEL_quest_rs/MainQuest/Quest02/outputs/trackB_070103_v2_20260701_195337/score_bin_sample_exports/mislabel_score_v2_mul/bin_07_0.65_0.70/rank01_mislabel_score_v2_mul_0p6779_train_01172_label0_pred1.jpg
mislabel_score_v2_mul,0.65-0.70,7,2,train_01216,0.6644929181198249,1,0,/home/thkim0/github/AIFFEL_quest_rs/MainQuest/Quest02/outputs/trackB_070103_v2_20260701_195337/score_bin_sample_exports/mislabel_score_v2_mul/bin_07_0.65_0.70/rank02_mislabel_score_v2_mul_0p6645_train_01216_label1_pred0.jpg
mislabel_score_v2_mul,0.65-0.70,7,3,train_00796,0.6640748381614685,0,1,/home/thkim0/github/AIFFEL_quest_rs/MainQuest/Quest02/outputs/trackB_070103_v2_20260701_195337/score_bin_sample_exports/mislabel_score_v2_mul/bin_07_0.65_0.70/rank03_mislabel_score_v2_mul_0p6641_train_00796_label0_pred1.jpg
mislabel_score_v2_mul,0.55-0.60,9,1,train_01337,0.5831136293899081,1,0,/home/thkim0/github/AIFFEL_quest_rs/MainQuest/Quest02/outputs/trackB_070103_v2_20260701_195337/score_bin_sample_exports/mislabel_score_v2_mul/bin_09_0.55_0.60/rank01_mislabel_score_v2_mul_0p5831_train_01337_label1_pred0.jpg
mislabel_score_v2_mul,0.55-0.60,9,2,train_00916,0.5812333226203918,0,1,/home/thkim0/github/AIFFEL_quest_rs/MainQuest/Quest02/outputs/trackB_070103_v2_20260701_195337/score_bin_sample_exports/mislabel_score_v2_mul/bin_09_0.55_0.60/rank02_mislabel_score_v2_mul_0p5812_train_00916_label0_pred1.jpg
mislabel_score_v2_mul,0.55-0.60,9,3,train_00123,0.5744594429516404,0,1,/home/thkim0/github/AIFFEL_quest_rs/MainQuest/Quest02/outputs/trackB_070103_v2_20260701_195337/score_bin_sample_exports/mislabel_score_v2_mul/bin_09_0.55_0.60/rank03_mislabel_score_v2_mul_0p5745_train_00123_label0_pred1.jpg
mislabel_score_v2_mul,0.55-0.60,9,4,train_00385,0.5536740642319481,0,1,/home/thkim0/github/AIFFEL_quest_rs/MainQuest/Quest02/outputs/trackB_070103_v2_20260701_195337/score_bin_sample_exports/mislabel_score_v2_mul/bin_09_0.55_0.60/rank04_mislabel_score_v2_mul_0p5537_train_00385_label0_pred1.jpg
mislabel_score_v2_mul,0.45-0.50,11,1,train_00830,0.4889861426367437,0,1,/home/thkim0/github/AIFFEL_quest_rs/MainQuest/Quest02/outputs/trackB_070103_v2_20260701_195337/score_bin_sample_exports/mislabel_score_v2_mul/bin_11_0.45_0.50/rank01_mislabel_score_v2_mul_0p4890_train_00830_label0_pred1.jpg
mislabel_score_v2_mul,0.45-0.50,11,2,train_00010,0.4599974102040672,0,1,/home/thkim0/github/AIFFEL_quest_rs/MainQuest/Quest02/outputs/trackB_070103_v2_20260701_195337/score_bin_sample_exports/mislabel_score_v2_mul/bin_11_0.45_0.50/rank02_mislabel_score_v2_mul_0p4600_train_00010_label0_pred1.jpg
mislabel_score_v2_mul,0.40-0.45,12,1,train_00186,0.41791470498935024,0,1,/home/thkim0/github/AIFFEL_quest_rs/MainQuest/Quest02/outputs/trackB_070103_v2_20260701_195337/score_bin_sample_exports/mislabel_score_v2_mul/bin_12_0.40_0.45/rank01_mislabel_score_v2_mul_0p4179_train_00186_label0_pred1.jpg
mislabel_score_v2_mul,0.40-0.45,12,2,train_00265,0.40786027924913687,0,1,/home/thkim0/github/AIFFEL_quest_rs/MainQuest/Quest02/outputs/trackB_070103_v2_20260701_195337/score_bin_sample_exports/mislabel_score_v2_mul/bin_12_0.40_0.45/rank02_mislabel_score_v2_mul_0p4079_train_00265_label0_pred1.jpg
mislabel_score_v2_mul,0.35-0.40,13,1,train_01092,0.39613734476572127,0,1,/home/thkim0/github/AIFFEL_quest_rs/MainQuest/Quest02/outputs/trackB_070103_v2_20260701_195337/score_bin_sample_exports/mislabel_score_v2_mul/bin_13_0.35_0.40/rank01_mislabel_score_v2_mul_0p3961_train_01092_label0_pred1.jpg
mislabel_score_v2_mul,0.35-0.40,13,2,train_00384,0.39126812777693437,0,1,/home/thkim0/github/AIFFEL_quest_rs/MainQuest/Quest02/outputs/trackB_070103_v2_20260701_195337/score_bin_sample_exports/mislabel_score_v2_mul/bin_13_0.35_0.40/rank02_mislabel_score_v2_mul_0p3913_train_00384_label0_pred1.jpg
mislabel_score_v2_mul,0.35-0.40,13,3,train_01154,0.37495395164074663,0,1,/home/thkim0/github/AIFFEL_quest_rs/MainQuest/Quest02/outputs/trackB_070103_v2_20260701_195337/score_bin_sample_exports/mislabel_score_v2_mul/bin_13_0.35_0.40/rank03_mislabel_score_v2_mul_0p3750_train_01154_label0_pred1.jpg
mislabel_score_v2_mul,0.35-0.40,13,4,train_00719,0.37402520732574424,1,0,/home/thkim0/github/AIFFEL_quest_rs/MainQuest/Quest02/outputs/trackB_070103_v2_20260701_195337/score_bin_sample_exports/mislabel_score_v2_mul/bin_13_0.35_0.40/rank04_mislabel_score_v2_mul_0p3740_train_00719_label1_pred0.jpg
mislabel_score_v2_mul,0.35-0.40,13,5,train_00471,0.3707786184952675,1,0,/home/thkim0/github/AIFFEL_quest_rs/MainQuest/Quest02/outputs/trackB_070103_v2_20260701_195337/score_bin_sample_exports/mislabel_score_v2_mul/bin_13_0.35_0.40/rank05_mislabel_score_v2_mul_0p3708_train_00471_label1_pred0.jpg
mislabel_score_v2_mul,0.30-0.35,14,1,train_00677,0.34869055980181696,0,0,/home/thkim0/github/AIFFEL_quest_rs/MainQuest/Quest02/outputs/trackB_070103_v2_20260701_195337/score_bin_sample_exports/mislabel_score_v2_mul/bin_14_0.30_0.35/rank01_mislabel_score_v2_mul_0p3487_train_00677_label0_pred0.jpg
mislabel_score_v2_mul,0.30-0.35,14,2,train_00295,0.333532104560836,0,0,/home/thkim0/github/AIFFEL_quest_rs/MainQuest/Quest02/outputs/trackB_070103_v2_20260701_195337/score_bin_sample_exports/mislabel_score_v2_mul/bin_14_0.30_0.35/rank02_mislabel_score_v2_mul_0p3335_train_00295_label0_pred0.jpg
mislabel_score_v2_mul,0.30-0.35,14,3,train_00795,0.332020668278578,1,0,/home/thkim0/github/AIFFEL_quest_rs/MainQuest/Quest02/outputs/trackB_070103_v2_20260701_195337/score_bin_sample_exports/mislabel_score_v2_mul/bin_14_0.30_0.35/rank03_mislabel_score_v2_mul_0p3320_train_00795_label1_pred0.jpg
mislabel_score_v2_mul,0.30-0.35,14,4,train_00004,0.3273285100653789,1,0,/home/thkim0/github/AIFFEL_quest_rs/MainQuest/Quest02/outputs/trackB_070103_v2_20260701_195337/score_bin_sample_exports/mislabel_score_v2_mul/bin_14_0.30_0.35/rank04_mislabel_score_v2_mul_0p3273_train_00004_label1_pred0.jpg
mislabel_score_v2_mul,0.30-0.35,14,5,train_00202,0.3216955510481111,0,0,/home/thkim0/github/AIFFEL_quest_rs/MainQuest/Quest02/outputs/trackB_070103_v2_20260701_195337/score_bin_sample_exports/mislabel_score_v2_mul/bin_14_0.30_0.35/rank05_mislabel_score_v2_mul_0p3217_train_00202_label0_pred0.jpg
mislabel_score_v2_mul,0.25-0.30,15,1,train_00126,0.28475079514145385,0,1,/home/thkim0/github/AIFFEL_quest_rs/MainQuest/Quest02/outputs/trackB_070103_v2_20260701_195337/score_bin_sample_exports/mislabel_score_v2_mul/bin_15_0.25_0.30/rank01_mislabel_score_v2_mul_0p2848_train_00126_label0_pred1.jpg
mislabel_score_v2_mul,0.25-0.30,15,2,train_00658,0.2830134472542283,0,0,/home/thkim0/github/AIFFEL_quest_rs/MainQuest/Quest02/outputs/trackB_070103_v2_20260701_195337/score_bin_sample_exports/mislabel_score_v2_mul/bin_15_0.25_0.30/rank02_mislabel_score_v2_mul_0p2830_train_00658_label0_pred0.jpg
mislabel_score_v2_mul,0.25-0.30,15,3,train_00205,0.27752266389705926,1,1,/home/thkim0/github/AIFFEL_quest_rs/MainQuest/Quest02/outputs/trackB_070103_v2_20260701_195337/score_bin_sample_exports/mislabel_score_v2_mul/bin_15_0.25_0.30/rank03_mislabel_score_v2_mul_0p2775_train_00205_label1_pred1.jpg
mislabel_score_v2_mul,0.25-0.30,15,4,train_01051,0.2736586308124717,1,1,/home/thkim0/github/AIFFEL_quest_rs/MainQuest/Quest02/outputs/trackB_070103_v2_20260701_195337/score_bin_sample_exports/mislabel_score_v2_mul/bin_15_0.25_0.30/rank04_mislabel_score_v2_mul_0p2737_train_01051_label1_pred1.jpg
mislabel_score_v2_mul,0.25-0.30,15,5,train_00281,0.2711232302226771,0,0,/home/thkim0/github/AIFFEL_quest_rs/MainQuest/Quest02/outputs/trackB_070103_v2_20260701_195337/score_bin_sample_exports/mislabel_score_v2_mul/bin_15_0.25_0.30/rank05_mislabel_score_v2_mul_0p2711_train_00281_label0_pred0.jpg
mislabel_score_v2_mul,0.20-0.25,16,1,train_00379,0.24714257701225187,0,0,/home/thkim0/github/AIFFEL_quest_rs/MainQuest/Quest02/outputs/trackB_070103_v2_20260701_195337/score_bin_sample_exports/mislabel_score_v2_mul/bin_16_0.20_0.25/rank01_mislabel_score_v2_mul_0p2471_train_00379_label0_pred0.jpg
mislabel_score_v2_mul,0.20-0.25,16,2,train_00187,0.24561386142836272,1,1,/home/thkim0/github/AIFFEL_quest_rs/MainQuest/Quest02/outputs/trackB_070103_v2_20260701_195337/score_bin_sample_exports/mislabel_score_v2_mul/bin_16_0.20_0.25/rank02_mislabel_score_v2_mul_0p2456_train_00187_label1_pred1.jpg
mislabel_score_v2_mul,0.20-0.25,16,3,train_00192,0.22893509374486168,1,0,/home/thkim0/github/AIFFEL_quest_rs/MainQuest/Quest02/outputs/trackB_070103_v2_20260701_195337/score_bin_sample_exports/mislabel_score_v2_mul/bin_16_0.20_0.25/rank03_mislabel_score_v2_mul_0p2289_train_00192_label1_pred0.jpg
mislabel_score_v2_mul,0.20-0.25,16,4,train_01161,0.22287779128279248,1,1,/home/thkim0/github/AIFFEL_quest_rs/MainQuest/Quest02/outputs/trackB_070103_v2_20260701_195337/score_bin_sample_exports/mislabel_score_v2_mul/bin_16_0.20_0.25/rank04_mislabel_score_v2_mul_0p2229_train_01161_label1_pred1.jpg
mislabel_score_v2_mul,0.20-0.25,16,5,train_00965,0.22252556514029434,1,1,/home/thkim0/github/AIFFEL_quest_rs/MainQuest/Quest02/outputs/trackB_070103_v2_20260701_195337/score_bin_sample_exports/mislabel_score_v2_mul/bin_16_0.20_0.25/rank05_mislabel_score_v2_mul_0p2225_train_00965_label1_pred1.jpg
mislabel_score_v2_mul,0.15-0.20,17,1,train_01143,0.1997043268474407,1,1,/home/thkim0/github/AIFFEL_quest_rs/MainQuest/Quest02/outputs/trackB_070103_v2_20260701_195337/score_bin_sample_exports/mislabel_score_v2_mul/bin_17_0.15_0.20/rank01_mislabel_score_v2_mul_0p1997_train_01143_label1_pred1.jpg
mislabel_score_v2_mul,0.15-0.20,17,2,train_00306,0.1992005274883805,1,0,/home/thkim0/github/AIFFEL_quest_rs/MainQuest/Quest02/outputs/trackB_070103_v2_20260701_195337/score_bin_sample_exports/mislabel_score_v2_mul/bin_17_0.15_0.20/rank02_mislabel_score_v2_mul_0p1992_train_00306_label1_pred0.jpg
mislabel_score_v2_mul,0.15-0.20,17,3,train_00452,0.19910676124395607,0,0,/home/thkim0/github/AIFFEL_quest_rs/MainQuest/Quest02/outputs/trackB_070103_v2_20260701_195337/score_bin_sample_exports/mislabel_score_v2_mul/bin_17_0.15_0.20/rank03_mislabel_score_v2_mul_0p1991_train_00452_label0_pred0.jpg
mislabel_score_v2_mul,0.15-0.20,17,4,train_00905,0.19557866212861622,0,0,/home/thkim0/github/AIFFEL_quest_rs/MainQuest/Quest02/outputs/trackB_070103_v2_20260701_195337/score_bin_sample_exports/mislabel_score_v2_mul/bin_17_0.15_0.20/rank04_mislabel_score_v2_mul_0p1956_train_00905_label0_pred0.jpg
mislabel_score_v2_mul,0.15-0.20,17,5,train_00859,0.19473985481144818,1,0,/home/thkim0/github/AIFFEL_quest_rs/MainQuest/Quest02/outputs/trackB_070103_v2_20260701_195337/score_bin_sample_exports/mislabel_score_v2_mul/bin_17_0.15_0.20/rank05_mislabel_score_v2_mul_0p1947_train_00859_label1_pred0.jpg
mislabel_score_v2_mul,0.10-0.15,18,1,train_00029,0.14807001118749616,1,1,/home/thkim0/github/AIFFEL_quest_rs/MainQuest/Quest02/outputs/trackB_070103_v2_20260701_195337/score_bin_sample_exports/mislabel_score_v2_mul/bin_18_0.10_0.15/rank01_mislabel_score_v2_mul_0p1481_train_00029_label1_pred1.jpg
mislabel_score_v2_mul,0.10-0.15,18,2,train_00359,0.14801602396432384,1,1,/home/thkim0/github/AIFFEL_quest_rs/MainQuest/Quest02/outputs/trackB_070103_v2_20260701_195337/score_bin_sample_exports/mislabel_score_v2_mul/bin_18_0.10_0.15/rank02_mislabel_score_v2_mul_0p1480_train_00359_label1_pred1.jpg
mislabel_score_v2_mul,0.10-0.15,18,3,train_00772,0.1426348022340887,0,0,/home/thkim0/github/AIFFEL_quest_rs/MainQuest/Quest02/outputs/trackB_070103_v2_20260701_195337/score_bin_sample_exports/mislabel_score_v2_mul/bin_18_0.10_0.15/rank03_mislabel_score_v2_mul_0p1426_train_00772_label0_pred0.jpg
mislabel_score_v2_mul,0.10-0.15,18,4,train_01114,0.13978860109861188,0,0,/home/thkim0/github/AIFFEL_quest_rs/MainQuest/Quest02/outputs/trackB_070103_v2_20260701_195337/score_bin_sample_exports/mislabel_score_v2_mul/bin_18_0.10_0.15/rank04_mislabel_score_v2_mul_0p1398_train_01114_label0_pred0.jpg
mislabel_score_v2_mul,0.10-0.15,18,5,train_00763,0.13868552913544654,1,0,/home/thkim0/github/AIFFEL_quest_rs/MainQuest/Quest02/outputs/trackB_070103_v2_20260701_195337/score_bin_sample_exports/mislabel_score_v2_mul/bin_18_0.10_0.15/rank05_mislabel_score_v2_mul_0p1387_train_00763_label1_pred0.jpg
mislabel_score_v2_mul,0.05-0.10,19,1,train_00650,0.09666162160164732,0,0,/home/thkim0/github/AIFFEL_quest_rs/MainQuest/Quest02/outputs/trackB_070103_v2_20260701_195337/score_bin_sample_exports/mislabel_score_v2_mul/bin_19_0.05_0.10/rank01_mislabel_score_v2_mul_0p0967_train_00650_label0_pred0.jpg
mislabel_score_v2_mul,0.05-0.10,19,2,train_00730,0.0955695806242064,0,0,/home/thkim0/github/AIFFEL_quest_rs/MainQuest/Quest02/outputs/trackB_070103_v2_20260701_195337/score_bin_sample_exports/mislabel_score_v2_mul/bin_19_0.05_0.10/rank02_mislabel_score_v2_mul_0p0956_train_00730_label0_pred0.jpg
mislabel_score_v2_mul,0.05-0.10,19,3,train_00899,0.08784113425635187,0,0,/home/thkim0/github/AIFFEL_quest_rs/MainQuest/Quest02/outputs/trackB_070103_v2_20260701_195337/score_bin_sample_exports/mislabel_score_v2_mul/bin_19_0.05_0.10/rank03_mislabel_score_v2_mul_0p0878_train_00899_label0_pred0.jpg
mislabel_score_v2_mul,0.05-0.10,19,4,train_01080,0.08544462465697165,0,0,/home/thkim0/github/AIFFEL_quest_rs/MainQuest/Quest02/outputs/trackB_070103_v2_20260701_195337/score_bin_sample_exports/mislabel_score_v2_mul/bin_19_0.05_0.10/rank04_mislabel_score_v2_mul_0p0854_train_01080_label0_pred0.jpg
mislabel_score_v2_mul,0.05-0.10,19,5,train_00247,0.08370439664981422,0,0,/home/thkim0/github/AIFFEL_quest_rs/MainQuest/Quest02/outputs/trackB_070103_v2_20260701_195337/score_bin_sample_exports/mislabel_score_v2_mul/bin_19_0.05_0.10/rank05_mislabel_score_v2_mul_0p0837_train_00247_label0_pred0.jpg
mislabel_score_v2_mul,0.00-0.05,20,1,train_01177,0.04849655367405946,1,1,/home/thkim0/github/AIFFEL_quest_rs/MainQuest/Quest02/outputs/trackB_070103_v2_20260701_195337/score_bin_sample_exports/mislabel_score_v2_mul/bin_20_0.00_0.05/rank01_mislabel_score_v2_mul_0p0485_train_01177_label1_pred1.jpg
mislabel_score_v2_mul,0.00-0.05,20,2,train_00356,0.04767390049269888,1,1,/home/thkim0/github/AIFFEL_quest_rs/MainQuest/Quest02/outputs/trackB_070103_v2_20260701_195337/score_bin_sample_exports/mislabel_score_v2_mul/bin_20_0.00_0.05/rank02_mislabel_score_v2_mul_0p0477_train_00356_label1_pred1.jpg
mislabel_score_v2_mul,0.00-0.05,20,3,train_00608,0.04682037180681311,0,0,/home/thkim0/github/AIFFEL_quest_rs/MainQuest/Quest02/outputs/trackB_070103_v2_20260701_195337/score_bin_sample_exports/mislabel_score_v2_mul/bin_20_0.00_0.05/rank03_mislabel_score_v2_mul_0p0468_train_00608_label0_pred0.jpg
mislabel_score_v2_mul,0.00-0.05,20,4,train_00482,0.04595149858894966,1,1,/home/thkim0/github/AIFFEL_quest_rs/MainQuest/Quest02/outputs/trackB_070103_v2_20260701_195337/score_bin_sample_exports/mislabel_score_v2_mul/bin_20_0.00_0.05/rank04_mislabel_score_v2_mul_0p0460_train_00482_label1_pred1.jpg
mislabel_score_v2_mul,0.00-0.05,20,5,train_00574,0.04518185593892774,1,1,/home/thkim0/github/AIFFEL_quest_rs/MainQuest/Quest02/outputs/trackB_070103_v2_20260701_195337/score_bin_sample_exports/mislabel_score_v2_mul/bin_20_0.00_0.05/rank05_mislabel_score_v2_mul_0p0452_train_00574_label1_pred1.jpg
