score_col,score_type,score_bin,bin_rank_high_to_low,rank_in_bin,id,score,label,pred_label,nearest_id,source_path,copied_path,source_reason,missing_source
dup_score,dup,0.95-1.00,1,1,train_01004,1.0,0,0,train_00731,/home/thkim0/github/AIFFEL_quest_rs/MainQuest/Quest02/outputs/trackB_070102/outliers/dup_pairs/rank003_dup1p000_train_01004__nearest_train_00731.png,/home/thkim0/github/AIFFEL_quest_rs/MainQuest/Quest02/outputs/trackB_070102/score_bin_sample_exports/dup_score/bin_01_0.95_1.00/rank01_dup1p0000_train_01004_label0_pred0__near_train_00731.png,dup_score=1.0000; nearest_cos_sim=0.9989; dup_source=phash,False
dup_score,dup,0.95-1.00,1,2,train_00664,1.0,0,0,train_01325,/home/thkim0/github/AIFFEL_quest_rs/MainQuest/Quest02/outputs/trackB_070102/outliers/dup_pairs/rank025_dup1p000_train_00664__nearest_train_01325.png,/home/thkim0/github/AIFFEL_quest_rs/MainQuest/Quest02/outputs/trackB_070102/score_bin_sample_exports/dup_score/bin_01_0.95_1.00/rank02_dup1p0000_train_00664_label0_pred0__near_train_01325.png,dup_score=1.0000; nearest_cos_sim=0.9874; dup_source=phash,False
dup_score,dup,0.95-1.00,1,3,train_01151,1.0,1,1,train_01215,/home/thkim0/github/AIFFEL_quest_rs/MainQuest/Quest02/outputs/trackB_070102/outliers/dup_pairs/rank050_dup1p000_train_01151__nearest_train_01215.png,/home/thkim0/github/AIFFEL_quest_rs/MainQuest/Quest02/outputs/trackB_070102/score_bin_sample_exports/dup_score/bin_01_0.95_1.00/rank03_dup1p0000_train_01151_label1_pred1__near_train_01215.png,dup_score=1.0000; nearest_cos_sim=0.9526; dup_source=phash,False
dup_score,dup,0.95-1.00,1,4,train_00087,1.0,0,0,train_00447,/home/thkim0/github/AIFFEL_quest_rs/MainQuest/Quest02/outputs/trackB_070102/outliers/dup_pairs/rank065_dup1p000_train_00087__nearest_train_00447.png,/home/thkim0/github/AIFFEL_quest_rs/MainQuest/Quest02/outputs/trackB_070102/score_bin_sample_exports/dup_score/bin_01_0.95_1.00/rank04_dup1p0000_train_00087_label0_pred0__near_train_00447.png,dup_score=1.0000; nearest_cos_sim=0.9984; dup_source=phash,False
dup_score,dup,0.95-1.00,1,5,train_00896,1.0,0,0,train_00956,/home/thkim0/github/AIFFEL_quest_rs/MainQuest/Quest02/outputs/trackB_070102/outliers/dup_pairs/rank028_dup1p000_train_00896__nearest_train_00956.png,/home/thkim0/github/AIFFEL_quest_rs/MainQuest/Quest02/outputs/trackB_070102/score_bin_sample_exports/dup_score/bin_01_0.95_1.00/rank05_dup1p0000_train_00896_label0_pred0__near_train_00956.png,dup_score=1.0000; nearest_cos_sim=0.9559; dup_source=phash,False
dup_score,dup,0.55-0.60,9,1,train_00135,0.5625,1,1,train_00636,/home/thkim0/github/AIFFEL_quest_rs/MainQuest/Quest02/outputs/trackB_070102/outliers/dup_pairs/rank118_dup0p562_train_00135__nearest_train_00636.png,/home/thkim0/github/AIFFEL_quest_rs/MainQuest/Quest02/outputs/trackB_070102/score_bin_sample_exports/dup_score/bin_09_0.55_0.60/rank01_dup0p5625_train_00135_label1_pred1__near_train_00636.png,dup_score=0.5625; nearest_cos_sim=0.9921; dup_source=phash,False
dup_score,dup,0.55-0.60,9,2,train_00403,0.5625,1,1,train_00194,/home/thkim0/github/AIFFEL_quest_rs/MainQuest/Quest02/outputs/trackB_070102/outliers/dup_pairs/rank125_dup0p562_train_00403__nearest_train_00194.png,/home/thkim0/github/AIFFEL_quest_rs/MainQuest/Quest02/outputs/trackB_070102/score_bin_sample_exports/dup_score/bin_09_0.55_0.60/rank02_dup0p5625_train_00403_label1_pred1__near_train_00194.png,dup_score=0.5625; nearest_cos_sim=0.9551; dup_source=phash,False
dup_score,dup,0.55-0.60,9,3,train_00194,0.5625,1,1,train_00403,/home/thkim0/github/AIFFEL_quest_rs/MainQuest/Quest02/outputs/trackB_070102/outliers/dup_pairs/rank113_dup0p562_train_00194__nearest_train_00403.png,/home/thkim0/github/AIFFEL_quest_rs/MainQuest/Quest02/outputs/trackB_070102/score_bin_sample_exports/dup_score/bin_09_0.55_0.60/rank03_dup0p5625_train_00194_label1_pred1__near_train_00403.png,dup_score=0.5625; nearest_cos_sim=0.9551; dup_source=phash,False
dup_score,dup,0.55-0.60,9,4,train_00972,0.5625,0,0,train_00551,/home/thkim0/github/AIFFEL_quest_rs/MainQuest/Quest02/outputs/trackB_070102/outliers/dup_pairs/rank101_dup0p562_train_00972__nearest_train_00551.png,/home/thkim0/github/AIFFEL_quest_rs/MainQuest/Quest02/outputs/trackB_070102/score_bin_sample_exports/dup_score/bin_09_0.55_0.60/rank04_dup0p5625_train_00972_label0_pred0__near_train_00551.png,dup_score=0.5625; nearest_cos_sim=0.9655; dup_source=phash,False
dup_score,dup,0.55-0.60,9,5,train_00133,0.5625,0,0,train_00346,/home/thkim0/github/AIFFEL_quest_rs/MainQuest/Quest02/outputs/trackB_070102/outliers/dup_pairs/rank119_dup0p562_train_00133__nearest_train_00346.png,/home/thkim0/github/AIFFEL_quest_rs/MainQuest/Quest02/outputs/trackB_070102/score_bin_sample_exports/dup_score/bin_09_0.55_0.60/rank05_dup0p5625_train_00133_label0_pred0__near_train_00346.png,dup_score=0.5625; nearest_cos_sim=0.9659; dup_source=phash,False
dup_score,dup,0.20-0.25,16,1,train_01114,0.25,0,0,train_00646,/home/thkim0/github/AIFFEL_quest_rs/MainQuest/Quest02/outputs/trackB_070102/outliers/dup_pairs/rank138_dup0p250_train_01114__nearest_train_00646.png,/home/thkim0/github/AIFFEL_quest_rs/MainQuest/Quest02/outputs/trackB_070102/score_bin_sample_exports/dup_score/bin_16_0.20_0.25/rank01_dup0p2500_train_01114_label0_pred0__near_train_00646.png,dup_score=0.2500; nearest_cos_sim=0.9234; dup_source=phash,False
dup_score,dup,0.20-0.25,16,2,train_00283,0.25,0,0,train_00812,/home/thkim0/github/AIFFEL_quest_rs/MainQuest/Quest02/outputs/trackB_070102/outliers/dup_pairs/rank130_dup0p250_train_00283__nearest_train_00812.png,/home/thkim0/github/AIFFEL_quest_rs/MainQuest/Quest02/outputs/trackB_070102/score_bin_sample_exports/dup_score/bin_16_0.20_0.25/rank02_dup0p2500_train_00283_label0_pred0__near_train_00812.png,dup_score=0.2500; nearest_cos_sim=0.9635; dup_source=phash,False
dup_score,dup,0.20-0.25,16,3,train_00937,0.25,0,0,train_00862,/home/thkim0/github/AIFFEL_quest_rs/MainQuest/Quest02/outputs/trackB_070102/outliers/dup_pairs/rank133_dup0p250_train_00937__nearest_train_00862.png,/home/thkim0/github/AIFFEL_quest_rs/MainQuest/Quest02/outputs/trackB_070102/score_bin_sample_exports/dup_score/bin_16_0.20_0.25/rank03_dup0p2500_train_00937_label0_pred0__near_train_00862.png,dup_score=0.2500; nearest_cos_sim=0.9845; dup_source=phash,False
dup_score,dup,0.20-0.25,16,4,train_01121,0.25,1,1,train_01210,/home/thkim0/github/AIFFEL_quest_rs/MainQuest/Quest02/outputs/trackB_070102/outliers/dup_pairs/rank137_dup0p250_train_01121__nearest_train_01210.png,/home/thkim0/github/AIFFEL_quest_rs/MainQuest/Quest02/outputs/trackB_070102/score_bin_sample_exports/dup_score/bin_16_0.20_0.25/rank04_dup0p2500_train_01121_label1_pred1__near_train_01210.png,dup_score=0.2500; nearest_cos_sim=0.9826; dup_source=phash,False
dup_score,dup,0.20-0.25,16,5,train_01210,0.25,1,1,train_01121,/home/thkim0/github/AIFFEL_quest_rs/MainQuest/Quest02/outputs/trackB_070102/outliers/dup_pairs/rank129_dup0p250_train_01210__nearest_train_01121.png,/home/thkim0/github/AIFFEL_quest_rs/MainQuest/Quest02/outputs/trackB_070102/score_bin_sample_exports/dup_score/bin_16_0.20_0.25/rank05_dup0p2500_train_01210_label1_pred1__near_train_01121.png,dup_score=0.2500; nearest_cos_sim=0.9826; dup_source=phash,False
dup_score,dup,0.05-0.10,19,1,train_00644,0.0625,0,0,train_01256,/home/thkim0/github/AIFFEL_quest_rs/MainQuest/Quest02/outputs/trackB_070102/outliers/dup_pairs/rank145_dup0p062_train_00644__nearest_train_01256.png,/home/thkim0/github/AIFFEL_quest_rs/MainQuest/Quest02/outputs/trackB_070102/score_bin_sample_exports/dup_score/bin_19_0.05_0.10/rank01_dup0p0625_train_00644_label0_pred0__near_train_01256.png,dup_score=0.0625; nearest_cos_sim=0.9890; dup_source=phash,False
dup_score,dup,0.05-0.10,19,2,train_01256,0.0625,0,0,train_00644,/home/thkim0/github/AIFFEL_quest_rs/MainQuest/Quest02/outputs/trackB_070102/outliers/dup_pairs/rank146_dup0p062_train_01256__nearest_train_00644.png,/home/thkim0/github/AIFFEL_quest_rs/MainQuest/Quest02/outputs/trackB_070102/score_bin_sample_exports/dup_score/bin_19_0.05_0.10/rank02_dup0p0625_train_01256_label0_pred0__near_train_00644.png,dup_score=0.0625; nearest_cos_sim=0.9890; dup_source=phash,False
dup_score,dup,0.05-0.10,19,3,train_00301,0.0625,0,0,train_00007,/home/thkim0/github/AIFFEL_quest_rs/MainQuest/Quest02/outputs/trackB_070102/outliers/dup_pairs/rank153_dup0p062_train_00301__nearest_train_00007.png,/home/thkim0/github/AIFFEL_quest_rs/MainQuest/Quest02/outputs/trackB_070102/score_bin_sample_exports/dup_score/bin_19_0.05_0.10/rank03_dup0p0625_train_00301_label0_pred0__near_train_00007.png,dup_score=0.0625; nearest_cos_sim=0.9032; dup_source=phash,False
dup_score,dup,0.05-0.10,19,4,train_01219,0.0625,0,0,train_00589,/home/thkim0/github/AIFFEL_quest_rs/MainQuest/Quest02/outputs/trackB_070102/outliers/dup_pairs/rank150_dup0p062_train_01219__nearest_train_00589.png,/home/thkim0/github/AIFFEL_quest_rs/MainQuest/Quest02/outputs/trackB_070102/score_bin_sample_exports/dup_score/bin_19_0.05_0.10/rank04_dup0p0625_train_01219_label0_pred0__near_train_00589.png,dup_score=0.0625; nearest_cos_sim=0.9689; dup_source=phash,False
dup_score,dup,0.05-0.10,19,5,train_00589,0.0625,0,0,train_01219,/home/thkim0/github/AIFFEL_quest_rs/MainQuest/Quest02/outputs/trackB_070102/outliers/dup_pairs/rank149_dup0p062_train_00589__nearest_train_01219.png,/home/thkim0/github/AIFFEL_quest_rs/MainQuest/Quest02/outputs/trackB_070102/score_bin_sample_exports/dup_score/bin_19_0.05_0.10/rank05_dup0p0625_train_00589_label0_pred0__near_train_01219.png,dup_score=0.0625; nearest_cos_sim=0.9689; dup_source=phash,False
dup_score,dup,0.00-0.05,20,1,train_00944,0.0,0,0,train_00696,/home/thkim0/github/AIFFEL_quest_rs/MainQuest/Quest02/data/RS18B/train/train_00944.jpg,/home/thkim0/github/AIFFEL_quest_rs/MainQuest/Quest02/outputs/trackB_070102/score_bin_sample_exports/dup_score/bin_20_0.00_0.05/rank01_dup0p0000_train_00944_label0_pred0__near_train_00696.jpg,raw image fallback,False
dup_score,dup,0.00-0.05,20,2,train_00941,0.0,0,0,train_01062,/home/thkim0/github/AIFFEL_quest_rs/MainQuest/Quest02/data/RS18B/train/train_00941.jpg,/home/thkim0/github/AIFFEL_quest_rs/MainQuest/Quest02/outputs/trackB_070102/score_bin_sample_exports/dup_score/bin_20_0.00_0.05/rank02_dup0p0000_train_00941_label0_pred0__near_train_01062.jpg,raw image fallback,False
dup_score,dup,0.00-0.05,20,3,train_00942,0.0,1,1,train_01149,/home/thkim0/github/AIFFEL_quest_rs/MainQuest/Quest02/data/RS18B/train/train_00942.jpg,/home/thkim0/github/AIFFEL_quest_rs/MainQuest/Quest02/outputs/trackB_070102/score_bin_sample_exports/dup_score/bin_20_0.00_0.05/rank03_dup0p0000_train_00942_label1_pred1__near_train_01149.jpg,raw image fallback,False
dup_score,dup,0.00-0.05,20,4,train_00940,0.0,0,0,train_00303,/home/thkim0/github/AIFFEL_quest_rs/MainQuest/Quest02/data/RS18B/train/train_00940.jpg,/home/thkim0/github/AIFFEL_quest_rs/MainQuest/Quest02/outputs/trackB_070102/score_bin_sample_exports/dup_score/bin_20_0.00_0.05/rank04_dup0p0000_train_00940_label0_pred0__near_train_00303.jpg,raw image fallback,False
dup_score,dup,0.00-0.05,20,5,train_00943,0.0,1,1,train_00480,/home/thkim0/github/AIFFEL_quest_rs/MainQuest/Quest02/data/RS18B/train/train_00943.jpg,/home/thkim0/github/AIFFEL_quest_rs/MainQuest/Quest02/outputs/trackB_070102/score_bin_sample_exports/dup_score/bin_20_0.00_0.05/rank05_dup0p0000_train_00943_label1_pred1__near_train_00480.jpg,raw image fallback,False
ood_score,ood,0.95-1.00,1,1,train_00459,0.9972181551976574,1,1,train_00577,/home/thkim0/github/AIFFEL_quest_rs/MainQuest/Quest02/outputs/trackB_070102/outliers/ood/rank001_ood0p997_train_00459.png,/home/thkim0/github/AIFFEL_quest_rs/MainQuest/Quest02/outputs/trackB_070102/score_bin_sample_exports/ood_score/bin_01_0.95_1.00/rank01_ood0p9972_train_00459_label1_pred1.png,ood_score=0.9972; mean_cos=0.6566; centroid_cos=0.5435; density_rank=0.0022; centroid_rank=0.0037; confidence=0.9939,False
ood_score,ood,0.95-1.00,1,2,train_00365,0.993411420204978,0,0,train_00978,/home/thkim0/github/AIFFEL_quest_rs/MainQuest/Quest02/outputs/trackB_070102/outliers/ood/rank002_ood0p993_train_00365.png,/home/thkim0/github/AIFFEL_quest_rs/MainQuest/Quest02/outputs/trackB_070102/score_bin_sample_exports/ood_score/bin_01_0.95_1.00/rank02_ood0p9934_train_00365_label0_pred0.png,ood_score=0.9934; mean_cos=0.6170; centroid_cos=0.6080; density_rank=0.0007; centroid_rank=0.0154; confidence=0.9551,False
ood_score,ood,0.95-1.00,1,3,train_00762,0.9919472913616398,1,1,train_00085,/home/thkim0/github/AIFFEL_quest_rs/MainQuest/Quest02/outputs/trackB_070102/outliers/ood/rank003_ood0p992_train_00762.png,/home/thkim0/github/AIFFEL_quest_rs/MainQuest/Quest02/outputs/trackB_070102/score_bin_sample_exports/ood_score/bin_01_0.95_1.00/rank03_ood0p9919_train_00762_label1_pred1.png,ood_score=0.9919; mean_cos=0.6867; centroid_cos=0.5817; density_rank=0.0081; centroid_rank=0.0081; confidence=0.9857,False
ood_score,ood,0.95-1.00,1,4,train_00149,0.9913616398243046,0,0,train_01018,/home/thkim0/github/AIFFEL_quest_rs/MainQuest/Quest02/outputs/trackB_070102/outliers/ood/rank004_ood0p991_train_00149.png,/home/thkim0/github/AIFFEL_quest_rs/MainQuest/Quest02/outputs/trackB_070102/score_bin_sample_exports/ood_score/bin_01_0.95_1.00/rank04_ood0p9914_train_00149_label0_pred0.png,ood_score=0.9914; mean_cos=0.6802; centroid_cos=0.6005; density_rank=0.0066; centroid_rank=0.0117; confidence=0.7372,False
ood_score,ood,0.95-1.00,1,5,train_00314,0.9912152269399708,0,0,train_00493,/home/thkim0/github/AIFFEL_quest_rs/MainQuest/Quest02/outputs/trackB_070102/outliers/ood/rank005_ood0p991_train_00314.png,/home/thkim0/github/AIFFEL_quest_rs/MainQuest/Quest02/outputs/trackB_070102/score_bin_sample_exports/ood_score/bin_01_0.95_1.00/rank05_ood0p9912_train_00314_label0_pred0.png,ood_score=0.9912; mean_cos=0.6888; centroid_cos=0.5875; density_rank=0.0088; centroid_rank=0.0088; confidence=1.0000,False
ood_score,ood,0.90-0.95,2,1,train_01059,0.949926793557833,1,1,train_01298,/home/thkim0/github/AIFFEL_quest_rs/MainQuest/Quest02/outputs/trackB_070102/outliers/ood/rank033_ood0p950_train_01059.png,/home/thkim0/github/AIFFEL_quest_rs/MainQuest/Quest02/outputs/trackB_070102/score_bin_sample_exports/ood_score/bin_02_0.90_0.95/rank01_ood0p9499_train_01059_label1_pred1.png,ood_score=0.9499; mean_cos=0.7344; centroid_cos=0.6098; density_rank=0.0717; centroid_rank=0.0176; confidence=0.9759,False
ood_score,ood,0.90-0.95,2,2,train_01184,0.9494875549048316,1,1,train_00206,/home/thkim0/github/AIFFEL_quest_rs/MainQuest/Quest02/outputs/trackB_070102/outliers/ood/rank034_ood0p949_train_01184.png,/home/thkim0/github/AIFFEL_quest_rs/MainQuest/Quest02/outputs/trackB_070102/score_bin_sample_exports/ood_score/bin_02_0.90_0.95/rank02_ood0p9495_train_01184_label1_pred1.png,ood_score=0.9495; mean_cos=0.7316; centroid_cos=0.6288; density_rank=0.0652; centroid_rank=0.0286; confidence=0.9816,False
ood_score,ood,0.90-0.95,2,3,train_01003,0.9477306002928256,1,1,train_00794,/home/thkim0/github/AIFFEL_quest_rs/MainQuest/Quest02/outputs/trackB_070102/outliers/ood/rank035_ood0p948_train_01003.png,/home/thkim0/github/AIFFEL_quest_rs/MainQuest/Quest02/outputs/trackB_070102/score_bin_sample_exports/ood_score/bin_02_0.90_0.95/rank03_ood0p9477_train_01003_label1_pred1.png,ood_score=0.9477; mean_cos=0.7122; centroid_cos=0.6797; density_rank=0.0286; centroid_rank=0.0878; confidence=0.9298,False
ood_score,ood,0.90-0.95,2,4,train_01154,0.9452415812591508,0,1,train_00187,/home/thkim0/github/AIFFEL_quest_rs/MainQuest/Quest02/outputs/trackB_070102/outliers/ood/rank036_ood0p945_train_01154.png,/home/thkim0/github/AIFFEL_quest_rs/MainQuest/Quest02/outputs/trackB_070102/score_bin_sample_exports/ood_score/bin_02_0.90_0.95/rank04_ood0p9452_train_01154_label0_pred1.png,ood_score=0.9452; mean_cos=0.7374; centroid_cos=0.6088; density_rank=0.0805; centroid_rank=0.0161; confidence=0.1382,False
ood_score,ood,0.90-0.95,2,5,train_01259,0.9439238653001464,0,0,train_00526,/home/thkim0/github/AIFFEL_quest_rs/MainQuest/Quest02/outputs/trackB_070102/outliers/ood/rank037_ood0p944_train_01259.png,/home/thkim0/github/AIFFEL_quest_rs/MainQuest/Quest02/outputs/trackB_070102/score_bin_sample_exports/ood_score/bin_02_0.90_0.95/rank05_ood0p9439_train_01259_label0_pred0.png,ood_score=0.9439; mean_cos=0.7377; centroid_cos=0.6100; density_rank=0.0813; centroid_rank=0.0183; confidence=0.9999,False
ood_score,ood,0.85-0.90,3,1,train_00048,0.8986822840409956,0,1,train_01135,/home/thkim0/github/AIFFEL_quest_rs/MainQuest/Quest02/outputs/trackB_070102/outliers/ood/rank062_ood0p899_train_00048.png,/home/thkim0/github/AIFFEL_quest_rs/MainQuest/Quest02/outputs/trackB_070102/score_bin_sample_exports/ood_score/bin_03_0.85_0.90/rank01_ood0p8987_train_00048_label0_pred1.png,ood_score=0.8987; mean_cos=0.7383; centroid_cos=0.6948; density_rank=0.0835; centroid_rank=0.1281; confidence=0.1991,False
ood_score,ood,0.85-0.90,3,2,train_00794,0.895900439238653,1,1,train_01003,/home/thkim0/github/AIFFEL_quest_rs/MainQuest/Quest02/outputs/trackB_070102/outliers/ood/rank063_ood0p896_train_00794.png,/home/thkim0/github/AIFFEL_quest_rs/MainQuest/Quest02/outputs/trackB_070102/score_bin_sample_exports/ood_score/bin_03_0.85_0.90/rank02_ood0p8959_train_00794_label1_pred1.png,ood_score=0.8959; mean_cos=0.7283; centroid_cos=0.7093; density_rank=0.0564; centroid_rank=0.1757; confidence=0.9765,False
ood_score,ood,0.85-0.90,3,3,train_00085,0.8937042459736457,1,1,train_01169,/home/thkim0/github/AIFFEL_quest_rs/MainQuest/Quest02/outputs/trackB_070102/outliers/ood/rank064_ood0p894_train_00085.png,/home/thkim0/github/AIFFEL_quest_rs/MainQuest/Quest02/outputs/trackB_070102/score_bin_sample_exports/ood_score/bin_03_0.85_0.90/rank03_ood0p8937_train_00085_label1_pred1.png,ood_score=0.8937; mean_cos=0.7530; centroid_cos=0.6419; density_rank=0.1552; centroid_rank=0.0329; confidence=0.9985,False
ood_score,ood,0.85-0.90,3,4,train_01223,0.8909224011713031,1,1,train_01003,/home/thkim0/github/AIFFEL_quest_rs/MainQuest/Quest02/outputs/trackB_070102/outliers/ood/rank065_ood0p891_train_01223.png,/home/thkim0/github/AIFFEL_quest_rs/MainQuest/Quest02/outputs/trackB_070102/score_bin_sample_exports/ood_score/bin_03_0.85_0.90/rank04_ood0p8909_train_01223_label1_pred1.png,ood_score=0.8909; mean_cos=0.7027; centroid_cos=0.7249; density_rank=0.0183; centroid_rank=0.2452; confidence=0.8112,False
ood_score,ood,0.85-0.90,3,5,train_00155,0.8888726207906296,1,1,train_00467,/home/thkim0/github/AIFFEL_quest_rs/MainQuest/Quest02/outputs/trackB_070102/outliers/ood/rank066_ood0p889_train_00155.png,/home/thkim0/github/AIFFEL_quest_rs/MainQuest/Quest02/outputs/trackB_070102/score_bin_sample_exports/ood_score/bin_03_0.85_0.90/rank05_ood0p8889_train_00155_label1_pred1.png,ood_score=0.8889; mean_cos=0.7488; centroid_cos=0.6740; density_rank=0.1354; centroid_rank=0.0747; confidence=0.9923,False
ood_score,ood,0.80-0.85,4,1,train_00070,0.8494875549048316,0,0,train_00884,/home/thkim0/github/AIFFEL_quest_rs/MainQuest/Quest02/outputs/trackB_070102/outliers/ood/rank101_ood0p849_train_00070.png,/home/thkim0/github/AIFFEL_quest_rs/MainQuest/Quest02/outputs/trackB_070102/score_bin_sample_exports/ood_score/bin_04_0.80_0.85/rank01_ood0p8495_train_00070_label0_pred0.png,ood_score=0.8495; mean_cos=0.7191; centroid_cos=0.7379; density_rank=0.0351; centroid_rank=0.3236; confidence=0.9823,False
ood_score,ood,0.80-0.85,4,2,train_00204,0.8489019033674964,0,0,train_00955,/home/thkim0/github/AIFFEL_quest_rs/MainQuest/Quest02/outputs/trackB_070102/outliers/ood/rank102_ood0p849_train_00204.png,/home/thkim0/github/AIFFEL_quest_rs/MainQuest/Quest02/outputs/trackB_070102/score_bin_sample_exports/ood_score/bin_04_0.80_0.85/rank02_ood0p8489_train_00204_label0_pred0.png,ood_score=0.8489; mean_cos=0.6690; centroid_cos=0.7450; density_rank=0.0044; centroid_rank=0.3712; confidence=0.2792,False
ood_score,ood,0.80-0.85,4,3,train_00083,0.8487554904831625,0,0,train_00246,/home/thkim0/github/AIFFEL_quest_rs/MainQuest/Quest02/outputs/trackB_070102/outliers/ood/rank103_ood0p849_train_00083.png,/home/thkim0/github/AIFFEL_quest_rs/MainQuest/Quest02/outputs/trackB_070102/score_bin_sample_exports/ood_score/bin_04_0.80_0.85/rank03_ood0p8488_train_00083_label0_pred0.png,ood_score=0.8488; mean_cos=0.7407; centroid_cos=0.7241; density_rank=0.0915; centroid_rank=0.2408; confidence=0.9918,False
ood_score,ood,0.80-0.85,4,4,train_00152,0.848316251830161,1,1,train_00675,/home/thkim0/github/AIFFEL_quest_rs/MainQuest/Quest02/outputs/trackB_070102/outliers/ood/rank104_ood0p848_train_00152.png,/home/thkim0/github/AIFFEL_quest_rs/MainQuest/Quest02/outputs/trackB_070102/score_bin_sample_exports/ood_score/bin_04_0.80_0.85/rank04_ood0p8483_train_00152_label1_pred1.png,ood_score=0.8483; mean_cos=0.7658; centroid_cos=0.6447; density_rank=0.2284; centroid_rank=0.0366; confidence=0.9938,False
ood_score,ood,0.80-0.85,4,5,train_01280,0.8465592972181553,1,1,train_00140,/home/thkim0/github/AIFFEL_quest_rs/MainQuest/Quest02/outputs/trackB_070102/outliers/ood/rank105_ood0p847_train_01280.png,/home/thkim0/github/AIFFEL_quest_rs/MainQuest/Quest02/outputs/trackB_070102/score_bin_sample_exports/ood_score/bin_04_0.80_0.85/rank05_ood0p8466_train_01280_label1_pred1.png,ood_score=0.8466; mean_cos=0.7547; centroid_cos=0.6975; density_rank=0.1654; centroid_rank=0.1354; confidence=0.9960,False
ood_score,ood,0.75-0.80,5,1,train_00748,0.7992679355783309,1,1,train_01231,/home/thkim0/github/AIFFEL_quest_rs/MainQuest/Quest02/outputs/trackB_070102/outliers/ood/rank151_ood0p799_train_00748.png,/home/thkim0/github/AIFFEL_quest_rs/MainQuest/Quest02/outputs/trackB_070102/score_bin_sample_exports/ood_score/bin_05_0.75_0.80/rank01_ood0p7993_train_00748_label1_pred1.png,ood_score=0.7993; mean_cos=0.7749; centroid_cos=0.6687; density_rank=0.2906; centroid_rank=0.0659; confidence=0.9962,False
ood_score,ood,0.75-0.80,5,2,train_00387,0.799121522693997,0,0,train_00183,/home/thkim0/github/AIFFEL_quest_rs/MainQuest/Quest02/outputs/trackB_070102/outliers/ood/rank152_ood0p799_train_00387.png,/home/thkim0/github/AIFFEL_quest_rs/MainQuest/Quest02/outputs/trackB_070102/score_bin_sample_exports/ood_score/bin_05_0.75_0.80/rank02_ood0p7991_train_00387_label0_pred0.png,ood_score=0.7991; mean_cos=0.7458; centroid_cos=0.7379; density_rank=0.1186; centroid_rank=0.3243; confidence=0.9962,False
ood_score,ood,0.75-0.80,5,3,train_00268,0.7986822840409956,1,1,train_00805,/home/thkim0/github/AIFFEL_quest_rs/MainQuest/Quest02/outputs/trackB_070102/outliers/ood/rank153_ood0p799_train_00268.png,/home/thkim0/github/AIFFEL_quest_rs/MainQuest/Quest02/outputs/trackB_070102/score_bin_sample_exports/ood_score/bin_05_0.75_0.80/rank03_ood0p7987_train_00268_label1_pred1.png,ood_score=0.7987; mean_cos=0.7427; centroid_cos=0.7415; density_rank=0.1047; centroid_rank=0.3463; confidence=0.8315,False
ood_score,ood,0.75-0.80,5,4,train_00225,0.7982430453879941,0,0,train_00498,/home/thkim0/github/AIFFEL_quest_rs/MainQuest/Quest02/outputs/trackB_070102/outliers/ood/rank154_ood0p798_train_00225.png,/home/thkim0/github/AIFFEL_quest_rs/MainQuest/Quest02/outputs/trackB_070102/score_bin_sample_exports/ood_score/bin_05_0.75_0.80/rank04_ood0p7982_train_00225_label0_pred0.png,ood_score=0.7982; mean_cos=0.7483; centroid_cos=0.7347; density_rank=0.1332; centroid_rank=0.3045; confidence=0.9988,False
ood_score,ood,0.75-0.80,5,5,train_00434,0.7967789165446559,0,1,train_00279,/home/thkim0/github/AIFFEL_quest_rs/MainQuest/Quest02/outputs/trackB_070102/outliers/ood/rank155_ood0p797_train_00434.png,/home/thkim0/github/AIFFEL_quest_rs/MainQuest/Quest02/outputs/trackB_070102/score_bin_sample_exports/ood_score/bin_05_0.75_0.80/rank05_ood0p7968_train_00434_label0_pred1.png,ood_score=0.7968; mean_cos=0.7090; centroid_cos=0.7567; density_rank=0.0249; centroid_rank=0.4707; confidence=0.3987,False
ood_score,ood,0.70-0.75,6,1,train_00506,0.7490483162518301,1,1,train_00278,/home/thkim0/github/AIFFEL_quest_rs/MainQuest/Quest02/outputs/trackB_070102/outliers/ood/rank204_ood0p749_train_00506.png,/home/thkim0/github/AIFFEL_quest_rs/MainQuest/Quest02/outputs/trackB_070102/score_bin_sample_exports/ood_score/bin_06_0.70_0.75/rank01_ood0p7490_train_00506_label1_pred1.png,ood_score=0.7490; mean_cos=0.7526; centroid_cos=0.7486; density_rank=0.1523; centroid_rank=0.3990; confidence=0.8807,False
ood_score,ood,0.70-0.75,6,2,train_01029,0.7487554904831626,1,1,train_00826,/home/thkim0/github/AIFFEL_quest_rs/MainQuest/Quest02/outputs/trackB_070102/outliers/ood/rank205_ood0p749_train_01029.png,/home/thkim0/github/AIFFEL_quest_rs/MainQuest/Quest02/outputs/trackB_070102/score_bin_sample_exports/ood_score/bin_06_0.70_0.75/rank02_ood0p7488_train_01029_label1_pred1.png,ood_score=0.7488; mean_cos=0.7820; centroid_cos=0.6811; density_rank=0.3558; centroid_rank=0.0944; confidence=0.9219,False
ood_score,ood,0.70-0.75,6,3,train_00078,0.7487554904831626,0,0,train_01106,/home/thkim0/github/AIFFEL_quest_rs/MainQuest/Quest02/outputs/trackB_070102/outliers/ood/rank206_ood0p749_train_00078.png,/home/thkim0/github/AIFFEL_quest_rs/MainQuest/Quest02/outputs/trackB_070102/score_bin_sample_exports/ood_score/bin_06_0.70_0.75/rank03_ood0p7488_train_00078_label0_pred0.png,ood_score=0.7488; mean_cos=0.7834; centroid_cos=0.6764; density_rank=0.3660; centroid_rank=0.0791; confidence=0.9993,False
ood_score,ood,0.70-0.75,6,4,train_01200,0.7478770131771596,1,1,train_00091,/home/thkim0/github/AIFFEL_quest_rs/MainQuest/Quest02/outputs/trackB_070102/outliers/ood/rank207_ood0p748_train_01200.png,/home/thkim0/github/AIFFEL_quest_rs/MainQuest/Quest02/outputs/trackB_070102/score_bin_sample_exports/ood_score/bin_06_0.70_0.75/rank04_ood0p7479_train_01200_label1_pred1.png,ood_score=0.7479; mean_cos=0.7723; centroid_cos=0.7200; density_rank=0.2723; centroid_rank=0.2218; confidence=0.9838,False
ood_score,ood,0.70-0.75,6,5,train_00144,0.7461200585651537,0,0,train_00998,/home/thkim0/github/AIFFEL_quest_rs/MainQuest/Quest02/outputs/trackB_070102/outliers/ood/rank208_ood0p746_train_00144.png,/home/thkim0/github/AIFFEL_quest_rs/MainQuest/Quest02/outputs/trackB_070102/score_bin_sample_exports/ood_score/bin_06_0.70_0.75/rank05_ood0p7461_train_00144_label0_pred0.png,ood_score=0.7461; mean_cos=0.7753; centroid_cos=0.7123; density_rank=0.2958; centroid_rank=0.1911; confidence=0.9995,False
ood_score,ood,0.65-0.70,7,1,train_00765,0.6992679355783309,0,0,train_00511,/home/thkim0/github/AIFFEL_quest_rs/MainQuest/Quest02/outputs/trackB_070102/outliers/ood/rank255_ood0p699_train_00765.png,/home/thkim0/github/AIFFEL_quest_rs/MainQuest/Quest02/outputs/trackB_070102/score_bin_sample_exports/ood_score/bin_07_0.65_0.70/rank01_ood0p6993_train_00765_label0_pred0.png,ood_score=0.6993; mean_cos=0.7737; centroid_cos=0.7384; density_rank=0.2826; centroid_rank=0.3280; confidence=0.9987,False
ood_score,ood,0.65-0.70,7,2,train_00870,0.6985358711566618,1,1,train_00470,/home/thkim0/github/AIFFEL_quest_rs/MainQuest/Quest02/outputs/trackB_070102/outliers/ood/rank256_ood0p699_train_00870.png,/home/thkim0/github/AIFFEL_quest_rs/MainQuest/Quest02/outputs/trackB_070102/score_bin_sample_exports/ood_score/bin_07_0.65_0.70/rank02_ood0p6985_train_00870_label1_pred1.png,ood_score=0.6985; mean_cos=0.7667; centroid_cos=0.7496; density_rank=0.2321; centroid_rank=0.4056; confidence=0.9392,False
ood_score,ood,0.65-0.70,7,3,train_00305,0.6982430453879941,0,0,train_00966,/home/thkim0/github/AIFFEL_quest_rs/MainQuest/Quest02/outputs/trackB_070102/outliers/ood/rank257_ood0p698_train_00305.png,/home/thkim0/github/AIFFEL_quest_rs/MainQuest/Quest02/outputs/trackB_070102/score_bin_sample_exports/ood_score/bin_07_0.65_0.70/rank03_ood0p6982_train_00305_label0_pred0.png,ood_score=0.6982; mean_cos=0.7344; centroid_cos=0.7780; density_rank=0.0710; centroid_rank=0.6479; confidence=0.9247,False
ood_score,ood,0.65-0.70,7,4,train_00693,0.6978038067349926,0,0,train_01359,/home/thkim0/github/AIFFEL_quest_rs/MainQuest/Quest02/outputs/trackB_070102/outliers/ood/rank258_ood0p698_train_00693.png,/home/thkim0/github/AIFFEL_quest_rs/MainQuest/Quest02/outputs/trackB_070102/score_bin_sample_exports/ood_score/bin_07_0.65_0.70/rank04_ood0p6978_train_00693_label0_pred0.png,ood_score=0.6978; mean_cos=0.7448; centroid_cos=0.7707; density_rank=0.1157; centroid_rank=0.5820; confidence=0.9301,False
ood_score,ood,0.65-0.70,7,5,train_00563,0.6973645680819912,1,1,train_00757,/home/thkim0/github/AIFFEL_quest_rs/MainQuest/Quest02/outputs/trackB_070102/outliers/ood/rank259_ood0p697_train_00563.png,/home/thkim0/github/AIFFEL_quest_rs/MainQuest/Quest02/outputs/trackB_070102/score_bin_sample_exports/ood_score/bin_07_0.65_0.70/rank05_ood0p6974_train_00563_label1_pred1.png,ood_score=0.6974; mean_cos=0.7730; centroid_cos=0.7402; density_rank=0.2789; centroid_rank=0.3382; confidence=0.9706,False
ood_score,ood,0.60-0.65,8,1,train_00729,0.6496339677891654,1,1,train_00744,/home/thkim0/github/AIFFEL_quest_rs/MainQuest/Quest02/outputs/trackB_070102/outliers/ood/rank328_ood0p650_train_00729.png,/home/thkim0/github/AIFFEL_quest_rs/MainQuest/Quest02/outputs/trackB_070102/score_bin_sample_exports/ood_score/bin_08_0.60_0.65/rank01_ood0p6496_train_00729_label1_pred1.png,ood_score=0.6496; mean_cos=0.7897; centroid_cos=0.7218; density_rank=0.4312; centroid_rank=0.2291; confidence=0.9968,False
ood_score,ood,0.60-0.65,8,2,train_00507,0.6496339677891654,1,1,train_00391,/home/thkim0/github/AIFFEL_quest_rs/MainQuest/Quest02/outputs/trackB_070102/outliers/ood/rank329_ood0p650_train_00507.png,/home/thkim0/github/AIFFEL_quest_rs/MainQuest/Quest02/outputs/trackB_070102/score_bin_sample_exports/ood_score/bin_08_0.60_0.65/rank02_ood0p6496_train_00507_label1_pred1.png,ood_score=0.6496; mean_cos=0.7609; centroid_cos=0.7702; density_rank=0.2028; centroid_rank=0.5717; confidence=0.8342,False
ood_score,ood,0.60-0.65,8,3,train_00332,0.6491947291361639,0,0,train_00809,/home/thkim0/github/AIFFEL_quest_rs/MainQuest/Quest02/outputs/trackB_070102/outliers/ood/rank330_ood0p649_train_00332.png,/home/thkim0/github/AIFFEL_quest_rs/MainQuest/Quest02/outputs/trackB_070102/score_bin_sample_exports/ood_score/bin_08_0.60_0.65/rank03_ood0p6492_train_00332_label0_pred0.png,ood_score=0.6492; mean_cos=0.7428; centroid_cos=0.7874; density_rank=0.1054; centroid_rank=0.7189; confidence=0.9618,False
ood_score,ood,0.60-0.65,8,4,train_01047,0.6477306002928258,0,0,train_00645,/home/thkim0/github/AIFFEL_quest_rs/MainQuest/Quest02/outputs/trackB_070102/outliers/ood/rank331_ood0p648_train_01047.png,/home/thkim0/github/AIFFEL_quest_rs/MainQuest/Quest02/outputs/trackB_070102/score_bin_sample_exports/ood_score/bin_08_0.60_0.65/rank04_ood0p6477_train_01047_label0_pred0.png,ood_score=0.6477; mean_cos=0.7495; centroid_cos=0.7814; density_rank=0.1391; centroid_rank=0.6720; confidence=0.9929,False
ood_score,ood,0.60-0.65,8,5,train_00213,0.6469985358711566,0,0,train_01163,/home/thkim0/github/AIFFEL_quest_rs/MainQuest/Quest02/outputs/trackB_070102/outliers/ood/rank332_ood0p647_train_00213.png,/home/thkim0/github/AIFFEL_quest_rs/MainQuest/Quest02/outputs/trackB_070102/score_bin_sample_exports/ood_score/bin_08_0.60_0.65/rank05_ood0p6470_train_00213_label0_pred0.png,ood_score=0.6470; mean_cos=0.7494; centroid_cos=0.7819; density_rank=0.1384; centroid_rank=0.6750; confidence=0.7854,False
ood_score,ood,0.55-0.60,9,1,train_00728,0.6,0,0,train_00014,/home/thkim0/github/AIFFEL_quest_rs/MainQuest/Quest02/outputs/trackB_070102/outliers/ood/rank416_ood0p600_train_00728.png,/home/thkim0/github/AIFFEL_quest_rs/MainQuest/Quest02/outputs/trackB_070102/score_bin_sample_exports/ood_score/bin_09_0.55_0.60/rank01_ood0p6000_train_00728_label0_pred0.png,ood_score=0.6000; mean_cos=0.7967; centroid_cos=0.7244; density_rank=0.5051; centroid_rank=0.2423; confidence=1.0000,False
ood_score,ood,0.55-0.60,9,2,train_00719,0.5983894582723279,1,0,train_00683,/home/thkim0/github/AIFFEL_quest_rs/MainQuest/Quest02/outputs/trackB_070102/outliers/ood/rank417_ood0p598_train_00719.png,/home/thkim0/github/AIFFEL_quest_rs/MainQuest/Quest02/outputs/trackB_070102/score_bin_sample_exports/ood_score/bin_09_0.55_0.60/rank02_ood0p5984_train_00719_label1_pred0.png,ood_score=0.5984; mean_cos=0.7370; centroid_cos=0.8117; density_rank=0.0783; centroid_rank=0.8865; confidence=0.3642,False
ood_score,ood,0.55-0.60,9,3,train_00854,0.5983894582723279,0,0,train_00928,/home/thkim0/github/AIFFEL_quest_rs/MainQuest/Quest02/outputs/trackB_070102/outliers/ood/rank418_ood0p598_train_00854.png,/home/thkim0/github/AIFFEL_quest_rs/MainQuest/Quest02/outputs/trackB_070102/score_bin_sample_exports/ood_score/bin_09_0.55_0.60/rank03_ood0p5984_train_00854_label0_pred0.png,ood_score=0.5984; mean_cos=0.7817; centroid_cos=0.7572; density_rank=0.3521; centroid_rank=0.4758; confidence=0.9998,False
ood_score,ood,0.55-0.60,9,4,train_00738,0.5980966325036603,1,1,train_00997,/home/thkim0/github/AIFFEL_quest_rs/MainQuest/Quest02/outputs/trackB_070102/outliers/ood/rank419_ood0p598_train_00738.png,/home/thkim0/github/AIFFEL_quest_rs/MainQuest/Quest02/outputs/trackB_070102/score_bin_sample_exports/ood_score/bin_09_0.55_0.60/rank04_ood0p5981_train_00738_label1_pred1.png,ood_score=0.5981; mean_cos=0.7999; centroid_cos=0.7127; density_rank=0.5410; centroid_rank=0.1933; confidence=0.9904,False
ood_score,ood,0.55-0.60,9,5,train_00138,0.5979502196193265,0,0,train_00977,/home/thkim0/github/AIFFEL_quest_rs/MainQuest/Quest02/outputs/trackB_070102/outliers/ood/rank420_ood0p598_train_00138.png,/home/thkim0/github/AIFFEL_quest_rs/MainQuest/Quest02/outputs/trackB_070102/score_bin_sample_exports/ood_score/bin_09_0.55_0.60/rank05_ood0p5980_train_00138_label0_pred0.png,ood_score=0.5980; mean_cos=0.7420; centroid_cos=0.8052; density_rank=0.0996; centroid_rank=0.8558; confidence=0.3503,False
ood_score,ood,0.50-0.55,10,1,train_00241,0.5493411420204978,1,0,train_00346,/home/thkim0/github/AIFFEL_quest_rs/MainQuest/Quest02/outputs/trackB_070102/outliers/ood/rank507_ood0p549_train_00241.png,/home/thkim0/github/AIFFEL_quest_rs/MainQuest/Quest02/outputs/trackB_070102/score_bin_sample_exports/ood_score/bin_10_0.50_0.55/rank01_ood0p5493_train_00241_label1_pred0.png,ood_score=0.5493; mean_cos=0.7481; centroid_cos=0.8212; density_rank=0.1303; centroid_rank=0.9312; confidence=0.7947,False
ood_score,ood,0.50-0.55,10,2,train_01331,0.5489019033674963,0,0,train_00240,/home/thkim0/github/AIFFEL_quest_rs/MainQuest/Quest02/outputs/trackB_070102/outliers/ood/rank508_ood0p549_train_01331.png,/home/thkim0/github/AIFFEL_quest_rs/MainQuest/Quest02/outputs/trackB_070102/score_bin_sample_exports/ood_score/bin_10_0.50_0.55/rank02_ood0p5489_train_01331_label0_pred0.png,ood_score=0.5489; mean_cos=0.7572; centroid_cos=0.8041; density_rank=0.1837; centroid_rank=0.8521; confidence=0.9720,False
ood_score,ood,0.50-0.55,10,3,train_01008,0.5484626647144949,0,0,train_01206,/home/thkim0/github/AIFFEL_quest_rs/MainQuest/Quest02/outputs/trackB_070102/outliers/ood/rank509_ood0p548_train_01008.png,/home/thkim0/github/AIFFEL_quest_rs/MainQuest/Quest02/outputs/trackB_070102/score_bin_sample_exports/ood_score/bin_10_0.50_0.55/rank03_ood0p5485_train_01008_label0_pred0.png,ood_score=0.5485; mean_cos=0.7979; centroid_cos=0.7420; density_rank=0.5198; centroid_rank=0.3492; confidence=0.9997,False
ood_score,ood,0.50-0.55,10,4,train_01197,0.5478770131771595,0,1,train_00549,/home/thkim0/github/AIFFEL_quest_rs/MainQuest/Quest02/outputs/trackB_070102/outliers/ood/rank510_ood0p548_train_01197.png,/home/thkim0/github/AIFFEL_quest_rs/MainQuest/Quest02/outputs/trackB_070102/score_bin_sample_exports/ood_score/bin_10_0.50_0.55/rank04_ood0p5479_train_01197_label0_pred1.png,ood_score=0.5479; mean_cos=0.7721; centroid_cos=0.7879; density_rank=0.2709; centroid_rank=0.7240; confidence=0.6465,False
ood_score,ood,0.50-0.55,10,5,train_00963,0.5471449487554905,0,0,train_00989,/home/thkim0/github/AIFFEL_quest_rs/MainQuest/Quest02/outputs/trackB_070102/outliers/ood/rank511_ood0p547_train_00963.png,/home/thkim0/github/AIFFEL_quest_rs/MainQuest/Quest02/outputs/trackB_070102/score_bin_sample_exports/ood_score/bin_10_0.50_0.55/rank05_ood0p5471_train_00963_label0_pred0.png,ood_score=0.5471; mean_cos=0.7594; centroid_cos=0.8030; density_rank=0.1925; centroid_rank=0.8433; confidence=0.9677,False
ood_score,ood,0.45-0.50,11,1,train_00633,0.4995607613469985,0,1,train_00805,/home/thkim0/github/AIFFEL_quest_rs/MainQuest/Quest02/outputs/trackB_070102/outliers/ood/rank629_ood0p500_train_00633.png,/home/thkim0/github/AIFFEL_quest_rs/MainQuest/Quest02/outputs/trackB_070102/score_bin_sample_exports/ood_score/bin_11_0.45_0.50/rank01_ood0p4996_train_00633_label0_pred1.png,ood_score=0.4996; mean_cos=0.7802; centroid_cos=0.7901; density_rank=0.3382; centroid_rank=0.7438; confidence=0.7877,False
ood_score,ood,0.45-0.50,11,2,train_00170,0.4992679355783309,0,0,train_00722,/home/thkim0/github/AIFFEL_quest_rs/MainQuest/Quest02/outputs/trackB_070102/outliers/ood/rank630_ood0p499_train_00170.png,/home/thkim0/github/AIFFEL_quest_rs/MainQuest/Quest02/outputs/trackB_070102/score_bin_sample_exports/ood_score/bin_11_0.45_0.50/rank02_ood0p4993_train_00170_label0_pred0.png,ood_score=0.4993; mean_cos=0.7941; centroid_cos=0.7671; density_rank=0.4700; centroid_rank=0.5469; confidence=0.9955,False
ood_score,ood,0.45-0.50,11,3,train_00818,0.4991215226939971,1,1,train_00405,/home/thkim0/github/AIFFEL_quest_rs/MainQuest/Quest02/outputs/trackB_070102/outliers/ood/rank631_ood0p499_train_00818.png,/home/thkim0/github/AIFFEL_quest_rs/MainQuest/Quest02/outputs/trackB_070102/score_bin_sample_exports/ood_score/bin_11_0.45_0.50/rank03_ood0p4991_train_00818_label1_pred1.png,ood_score=0.4991; mean_cos=0.8220; centroid_cos=0.6854; density_rank=0.7665; centroid_rank=0.1025; confidence=0.9998,False
ood_score,ood,0.45-0.50,11,4,train_00828,0.4988286969253295,1,1,train_01296,/home/thkim0/github/AIFFEL_quest_rs/MainQuest/Quest02/outputs/trackB_070102/outliers/ood/rank632_ood0p499_train_00828.png,/home/thkim0/github/AIFFEL_quest_rs/MainQuest/Quest02/outputs/trackB_070102/score_bin_sample_exports/ood_score/bin_11_0.45_0.50/rank04_ood0p4988_train_00828_label1_pred1.png,ood_score=0.4988; mean_cos=0.8113; centroid_cos=0.7269; density_rank=0.6625; centroid_rank=0.2592; confidence=0.9764,False
ood_score,ood,0.45-0.50,11,5,train_00770,0.4988286969253294,0,0,train_01238,/home/thkim0/github/AIFFEL_quest_rs/MainQuest/Quest02/outputs/trackB_070102/outliers/ood/rank633_ood0p499_train_00770.png,/home/thkim0/github/AIFFEL_quest_rs/MainQuest/Quest02/outputs/trackB_070102/score_bin_sample_exports/ood_score/bin_11_0.45_0.50/rank05_ood0p4988_train_00770_label0_pred0.png,ood_score=0.4988; mean_cos=0.7912; centroid_cos=0.7720; density_rank=0.4400; centroid_rank=0.5930; confidence=0.9981,False
ood_score,ood,0.40-0.45,12,1,train_01284,0.4493411420204978,0,0,train_01322,/home/thkim0/github/AIFFEL_quest_rs/MainQuest/Quest02/outputs/trackB_070102/outliers/ood/rank763_ood0p449_train_01284.png,/home/thkim0/github/AIFFEL_quest_rs/MainQuest/Quest02/outputs/trackB_070102/score_bin_sample_exports/ood_score/bin_12_0.40_0.45/rank01_ood0p4493_train_01284_label0_pred0.png,ood_score=0.4493; mean_cos=0.8024; centroid_cos=0.7640; density_rank=0.5703; centroid_rank=0.5212; confidence=0.9991,False
ood_score,ood,0.40-0.45,12,2,train_01330,0.4487554904831625,0,0,train_00242,/home/thkim0/github/AIFFEL_quest_rs/MainQuest/Quest02/outputs/trackB_070102/outliers/ood/rank764_ood0p449_train_01330.png,/home/thkim0/github/AIFFEL_quest_rs/MainQuest/Quest02/outputs/trackB_070102/score_bin_sample_exports/ood_score/bin_12_0.40_0.45/rank02_ood0p4488_train_01330_label0_pred0.png,ood_score=0.4488; mean_cos=0.8210; centroid_cos=0.7250; density_rank=0.7548; centroid_rank=0.2460; confidence=1.0000,False
ood_score,ood,0.40-0.45,12,3,train_00778,0.4481698389458272,0,0,train_00539,/home/thkim0/github/AIFFEL_quest_rs/MainQuest/Quest02/outputs/trackB_070102/outliers/ood/rank765_ood0p448_train_00778.png,/home/thkim0/github/AIFFEL_quest_rs/MainQuest/Quest02/outputs/trackB_070102/score_bin_sample_exports/ood_score/bin_12_0.40_0.45/rank03_ood0p4482_train_00778_label0_pred0.png,ood_score=0.4482; mean_cos=0.8144; centroid_cos=0.7405; density_rank=0.6933; centroid_rank=0.3397; confidence=0.9999,False
ood_score,ood,0.40-0.45,12,4,train_01144,0.4477306002928257,1,1,train_00405,/home/thkim0/github/AIFFEL_quest_rs/MainQuest/Quest02/outputs/trackB_070102/outliers/ood/rank766_ood0p448_train_01144.png,/home/thkim0/github/AIFFEL_quest_rs/MainQuest/Quest02/outputs/trackB_070102/score_bin_sample_exports/ood_score/bin_12_0.40_0.45/rank04_ood0p4477_train_01144_label1_pred1.png,ood_score=0.4477; mean_cos=0.8113; centroid_cos=0.7462; density_rank=0.6633; centroid_rank=0.3858; confidence=0.9779,False
ood_score,ood,0.40-0.45,12,5,train_00059,0.4477306002928257,0,0,train_00233,/home/thkim0/github/AIFFEL_quest_rs/MainQuest/Quest02/outputs/trackB_070102/outliers/ood/rank767_ood0p448_train_00059.png,/home/thkim0/github/AIFFEL_quest_rs/MainQuest/Quest02/outputs/trackB_070102/score_bin_sample_exports/ood_score/bin_12_0.40_0.45/rank05_ood0p4477_train_00059_label0_pred0.png,ood_score=0.4477; mean_cos=0.7943; centroid_cos=0.7816; density_rank=0.4714; centroid_rank=0.6735; confidence=0.9981,False
ood_score,ood,0.35-0.40,13,1,train_01292,0.3992679355783308,0,0,train_00364,/home/thkim0/github/AIFFEL_quest_rs/MainQuest/Quest02/outputs/trackB_070102/outliers/ood/rank892_ood0p399_train_01292.png,/home/thkim0/github/AIFFEL_quest_rs/MainQuest/Quest02/outputs/trackB_070102/score_bin_sample_exports/ood_score/bin_13_0.35_0.40/rank01_ood0p3993_train_01292_label0_pred0.png,ood_score=0.3993; mean_cos=0.8097; centroid_cos=0.7655; density_rank=0.6449; centroid_rank=0.5344; confidence=0.9999,False
ood_score,ood,0.35-0.40,13,2,train_00032,0.399121522693997,0,0,train_00095,/home/thkim0/github/AIFFEL_quest_rs/MainQuest/Quest02/outputs/trackB_070102/outliers/ood/rank893_ood0p399_train_00032.png,/home/thkim0/github/AIFFEL_quest_rs/MainQuest/Quest02/outputs/trackB_070102/score_bin_sample_exports/ood_score/bin_13_0.35_0.40/rank02_ood0p3991_train_00032_label0_pred0.png,ood_score=0.3991; mean_cos=0.8119; centroid_cos=0.7603; density_rank=0.6720; centroid_rank=0.4941; confidence=1.0000,False
ood_score,ood,0.35-0.40,13,3,train_00508,0.3983894582723279,0,0,train_01250,/home/thkim0/github/AIFFEL_quest_rs/MainQuest/Quest02/outputs/trackB_070102/outliers/ood/rank894_ood0p398_train_00508.png,/home/thkim0/github/AIFFEL_quest_rs/MainQuest/Quest02/outputs/trackB_070102/score_bin_sample_exports/ood_score/bin_13_0.35_0.40/rank03_ood0p3984_train_00508_label0_pred0.png,ood_score=0.3984; mean_cos=0.8190; centroid_cos=0.7495; density_rank=0.7328; centroid_rank=0.4048; confidence=0.9998,False
ood_score,ood,0.35-0.40,13,4,train_00316,0.3980966325036603,0,0,train_00065,/home/thkim0/github/AIFFEL_quest_rs/MainQuest/Quest02/outputs/trackB_070102/outliers/ood/rank895_ood0p398_train_00316.png,/home/thkim0/github/AIFFEL_quest_rs/MainQuest/Quest02/outputs/trackB_070102/score_bin_sample_exports/ood_score/bin_13_0.35_0.40/rank04_ood0p3981_train_00316_label0_pred0.png,ood_score=0.3981; mean_cos=0.7821; centroid_cos=0.8342; density_rank=0.3565; centroid_rank=0.9700; confidence=0.9949,False
ood_score,ood,0.35-0.40,13,5,train_00451,0.3980966325036603,1,1,train_00744,/home/thkim0/github/AIFFEL_quest_rs/MainQuest/Quest02/outputs/trackB_070102/outliers/ood/rank896_ood0p398_train_00451.png,/home/thkim0/github/AIFFEL_quest_rs/MainQuest/Quest02/outputs/trackB_070102/score_bin_sample_exports/ood_score/bin_13_0.35_0.40/rank05_ood0p3981_train_00451_label1_pred1.png,ood_score=0.3981; mean_cos=0.8356; centroid_cos=0.7100; density_rank=0.8851; centroid_rank=0.1772; confidence=0.9999,False
ood_score,ood,0.30-0.35,14,1,train_00704,0.3490483162518302,1,1,train_00997,/home/thkim0/github/AIFFEL_quest_rs/MainQuest/Quest02/outputs/trackB_070102/outliers/ood/rank1000_ood0p349_train_00704.png,/home/thkim0/github/AIFFEL_quest_rs/MainQuest/Quest02/outputs/trackB_070102/score_bin_sample_exports/ood_score/bin_14_0.30_0.35/rank01_ood0p3490_train_00704_label1_pred1.png,ood_score=0.3490; mean_cos=0.8172; centroid_cos=0.7679; density_rank=0.7174; centroid_rank=0.5512; confidence=0.9976,False
ood_score,ood,0.30-0.35,14,2,train_00951,0.3489019033674964,1,1,train_00744,/home/thkim0/github/AIFFEL_quest_rs/MainQuest/Quest02/outputs/trackB_070102/outliers/ood/rank1001_ood0p349_train_00951.png,/home/thkim0/github/AIFFEL_quest_rs/MainQuest/Quest02/outputs/trackB_070102/score_bin_sample_exports/ood_score/bin_14_0.30_0.35/rank02_ood0p3489_train_00951_label1_pred1.png,ood_score=0.3489; mean_cos=0.8565; centroid_cos=0.7022; density_rank=0.9832; centroid_rank=0.1530; confidence=1.0000,False
ood_score,ood,0.30-0.35,14,3,train_00428,0.3489019033674962,0,0,train_00303,/home/thkim0/github/AIFFEL_quest_rs/MainQuest/Quest02/outputs/trackB_070102/outliers/ood/rank1002_ood0p349_train_00428.png,/home/thkim0/github/AIFFEL_quest_rs/MainQuest/Quest02/outputs/trackB_070102/score_bin_sample_exports/ood_score/bin_14_0.30_0.35/rank03_ood0p3489_train_00428_label0_pred0.png,ood_score=0.3489; mean_cos=0.8179; centroid_cos=0.7665; density_rank=0.7240; centroid_rank=0.5417; confidence=0.9975,False
ood_score,ood,0.30-0.35,14,4,train_00141,0.3480234260614934,0,0,train_00227,/home/thkim0/github/AIFFEL_quest_rs/MainQuest/Quest02/outputs/trackB_070102/outliers/ood/rank1003_ood0p348_train_00141.png,/home/thkim0/github/AIFFEL_quest_rs/MainQuest/Quest02/outputs/trackB_070102/score_bin_sample_exports/ood_score/bin_14_0.30_0.35/rank04_ood0p3480_train_00141_label0_pred0.png,ood_score=0.3480; mean_cos=0.7951; centroid_cos=0.8152; density_rank=0.4854; centroid_rank=0.9019; confidence=0.9999,False
ood_score,ood,0.30-0.35,14,5,train_00099,0.34597364568082,1,1,train_00805,/home/thkim0/github/AIFFEL_quest_rs/MainQuest/Quest02/outputs/trackB_070102/outliers/ood/rank1004_ood0p346_train_00099.png,/home/thkim0/github/AIFFEL_quest_rs/MainQuest/Quest02/outputs/trackB_070102/score_bin_sample_exports/ood_score/bin_14_0.30_0.35/rank05_ood0p3460_train_00099_label1_pred1.png,ood_score=0.3460; mean_cos=0.7981; centroid_cos=0.8051; density_rank=0.5205; centroid_rank=0.8543; confidence=0.9531,False
ood_score,ood,0.25-0.30,15,1,train_00300,0.2998535871156661,0,0,train_00599,/home/thkim0/github/AIFFEL_quest_rs/MainQuest/Quest02/outputs/trackB_070102/outliers/ood/rank1116_ood0p300_train_00300.png,/home/thkim0/github/AIFFEL_quest_rs/MainQuest/Quest02/outputs/trackB_070102/score_bin_sample_exports/ood_score/bin_15_0.25_0.30/rank01_ood0p2999_train_00300_label0_pred0.png,ood_score=0.2999; mean_cos=0.8132; centroid_cos=0.7886; density_rank=0.6808; centroid_rank=0.7291; confidence=0.9998,False
ood_score,ood,0.25-0.30,15,2,train_00787,0.2994143484626648,0,0,train_01020,/home/thkim0/github/AIFFEL_quest_rs/MainQuest/Quest02/outputs/trackB_070102/outliers/ood/rank1117_ood0p299_train_00787.png,/home/thkim0/github/AIFFEL_quest_rs/MainQuest/Quest02/outputs/trackB_070102/score_bin_sample_exports/ood_score/bin_15_0.25_0.30/rank02_ood0p2994_train_00787_label0_pred0.png,ood_score=0.2994; mean_cos=0.8093; centroid_cos=0.7947; density_rank=0.6391; centroid_rank=0.7928; confidence=0.9994,False
ood_score,ood,0.25-0.30,15,3,train_00016,0.299267935578331,0,0,train_00892,/home/thkim0/github/AIFFEL_quest_rs/MainQuest/Quest02/outputs/trackB_070102/outliers/ood/rank1118_ood0p299_train_00016.png,/home/thkim0/github/AIFFEL_quest_rs/MainQuest/Quest02/outputs/trackB_070102/score_bin_sample_exports/ood_score/bin_15_0.25_0.30/rank03_ood0p2993_train_00016_label0_pred0.png,ood_score=0.2993; mean_cos=0.8084; centroid_cos=0.7973; density_rank=0.6296; centroid_rank=0.8075; confidence=0.9997,False
ood_score,ood,0.25-0.30,15,4,train_00462,0.2992679355783308,0,0,train_00599,/home/thkim0/github/AIFFEL_quest_rs/MainQuest/Quest02/outputs/trackB_070102/outliers/ood/rank1119_ood0p299_train_00462.png,/home/thkim0/github/AIFFEL_quest_rs/MainQuest/Quest02/outputs/trackB_070102/score_bin_sample_exports/ood_score/bin_15_0.25_0.30/rank04_ood0p2993_train_00462_label0_pred0.png,ood_score=0.2993; mean_cos=0.7978; centroid_cos=0.8363; density_rank=0.5183; centroid_rank=0.9744; confidence=0.9978,False
ood_score,ood,0.25-0.30,15,5,train_00591,0.2978038067349926,1,0,train_00934,/home/thkim0/github/AIFFEL_quest_rs/MainQuest/Quest02/outputs/trackB_070102/outliers/ood/rank1120_ood0p298_train_00591.png,/home/thkim0/github/AIFFEL_quest_rs/MainQuest/Quest02/outputs/trackB_070102/score_bin_sample_exports/ood_score/bin_15_0.25_0.30/rank05_ood0p2978_train_00591_label1_pred0.png,ood_score=0.2978; mean_cos=0.8013; centroid_cos=0.8181; density_rank=0.5578; centroid_rank=0.9187; confidence=0.9977,False
ood_score,ood,0.20-0.25,16,1,train_01195,0.2481698389458273,0,0,train_00969,/home/thkim0/github/AIFFEL_quest_rs/MainQuest/Quest02/outputs/trackB_070102/outliers/ood/rank1206_ood0p248_train_01195.png,/home/thkim0/github/AIFFEL_quest_rs/MainQuest/Quest02/outputs/trackB_070102/score_bin_sample_exports/ood_score/bin_16_0.20_0.25/rank01_ood0p2482_train_01195_label0_pred0.png,ood_score=0.2482; mean_cos=0.8181; centroid_cos=0.7945; density_rank=0.7255; centroid_rank=0.7914; confidence=1.0000,False
ood_score,ood,0.20-0.25,16,2,train_00174,0.2472913616398242,0,0,train_01068,/home/thkim0/github/AIFFEL_quest_rs/MainQuest/Quest02/outputs/trackB_070102/outliers/ood/rank1207_ood0p247_train_00174.png,/home/thkim0/github/AIFFEL_quest_rs/MainQuest/Quest02/outputs/trackB_070102/score_bin_sample_exports/ood_score/bin_16_0.20_0.25/rank02_ood0p2473_train_00174_label0_pred0.png,ood_score=0.2473; mean_cos=0.8354; centroid_cos=0.7687; density_rank=0.8821; centroid_rank=0.5586; confidence=1.0000,False
ood_score,ood,0.20-0.25,16,3,train_00313,0.2459736456808199,1,1,train_00439,/home/thkim0/github/AIFFEL_quest_rs/MainQuest/Quest02/outputs/trackB_070102/outliers/ood/rank1208_ood0p246_train_00313.png,/home/thkim0/github/AIFFEL_quest_rs/MainQuest/Quest02/outputs/trackB_070102/score_bin_sample_exports/ood_score/bin_16_0.20_0.25/rank03_ood0p2460_train_00313_label1_pred1.png,ood_score=0.2460; mean_cos=0.8505; centroid_cos=0.7525; density_rank=0.9678; centroid_rank=0.4334; confidence=0.9996,False
ood_score,ood,0.20-0.25,16,4,train_00652,0.2452415812591508,0,0,train_00274,/home/thkim0/github/AIFFEL_quest_rs/MainQuest/Quest02/outputs/trackB_070102/outliers/ood/rank1209_ood0p245_train_00652.png,/home/thkim0/github/AIFFEL_quest_rs/MainQuest/Quest02/outputs/trackB_070102/score_bin_sample_exports/ood_score/bin_16_0.20_0.25/rank04_ood0p2452_train_00652_label0_pred0.png,ood_score=0.2452; mean_cos=0.8219; centroid_cos=0.7895; density_rank=0.7650; centroid_rank=0.7394; confidence=0.9996,False
ood_score,ood,0.20-0.25,16,5,train_00867,0.2452415812591508,0,0,train_01068,/home/thkim0/github/AIFFEL_quest_rs/MainQuest/Quest02/outputs/trackB_070102/outliers/ood/rank1210_ood0p245_train_00867.png,/home/thkim0/github/AIFFEL_quest_rs/MainQuest/Quest02/outputs/trackB_070102/score_bin_sample_exports/ood_score/bin_16_0.20_0.25/rank05_ood0p2452_train_00867_label0_pred0.png,ood_score=0.2452; mean_cos=0.8482; centroid_cos=0.7549; density_rank=0.9553; centroid_rank=0.4539; confidence=1.0000,False
ood_score,ood,0.15-0.20,17,1,train_00196,0.1992679355783309,0,0,train_00534,/home/thkim0/github/AIFFEL_quest_rs/MainQuest/Quest02/outputs/trackB_070102/outliers/ood/rank1274_ood0p199_train_00196.png,/home/thkim0/github/AIFFEL_quest_rs/MainQuest/Quest02/outputs/trackB_070102/score_bin_sample_exports/ood_score/bin_17_0.15_0.20/rank01_ood0p1993_train_00196_label0_pred0.png,ood_score=0.1993; mean_cos=0.8351; centroid_cos=0.7829; density_rank=0.8792; centroid_rank=0.6830; confidence=1.0000,False
ood_score,ood,0.15-0.20,17,2,train_01185,0.1992679355783309,0,0,train_00581,/home/thkim0/github/AIFFEL_quest_rs/MainQuest/Quest02/outputs/trackB_070102/outliers/ood/rank1275_ood0p199_train_01185.png,/home/thkim0/github/AIFFEL_quest_rs/MainQuest/Quest02/outputs/trackB_070102/score_bin_sample_exports/ood_score/bin_17_0.15_0.20/rank02_ood0p1993_train_01185_label0_pred0.png,ood_score=0.1993; mean_cos=0.8479; centroid_cos=0.7702; density_rank=0.9524; centroid_rank=0.5732; confidence=1.0000,False
ood_score,ood,0.15-0.20,17,3,train_00093,0.1979502196193264,0,0,train_00283,/home/thkim0/github/AIFFEL_quest_rs/MainQuest/Quest02/outputs/trackB_070102/outliers/ood/rank1276_ood0p198_train_00093.png,/home/thkim0/github/AIFFEL_quest_rs/MainQuest/Quest02/outputs/trackB_070102/score_bin_sample_exports/ood_score/bin_17_0.15_0.20/rank03_ood0p1980_train_00093_label0_pred0.png,ood_score=0.1980; mean_cos=0.8145; centroid_cos=0.8313; density_rank=0.6940; centroid_rank=0.9641; confidence=0.9918,False
ood_score,ood,0.15-0.20,17,4,train_00416,0.1973645680819913,0,0,train_00466,/home/thkim0/github/AIFFEL_quest_rs/MainQuest/Quest02/outputs/trackB_070102/outliers/ood/rank1277_ood0p197_train_00416.png,/home/thkim0/github/AIFFEL_quest_rs/MainQuest/Quest02/outputs/trackB_070102/score_bin_sample_exports/ood_score/bin_17_0.15_0.20/rank04_ood0p1974_train_00416_label0_pred0.png,ood_score=0.1974; mean_cos=0.8369; centroid_cos=0.7807; density_rank=0.8931; centroid_rank=0.6669; confidence=0.9999,False
ood_score,ood,0.15-0.20,17,5,train_01142,0.1956076134699853,0,0,train_00274,/home/thkim0/github/AIFFEL_quest_rs/MainQuest/Quest02/outputs/trackB_070102/outliers/ood/rank1278_ood0p196_train_01142.png,/home/thkim0/github/AIFFEL_quest_rs/MainQuest/Quest02/outputs/trackB_070102/score_bin_sample_exports/ood_score/bin_17_0.15_0.20/rank05_ood0p1956_train_01142_label0_pred0.png,ood_score=0.1956; mean_cos=0.8556; centroid_cos=0.7661; density_rank=0.9810; centroid_rank=0.5395; confidence=1.0000,False
ood_score,ood,0.10-0.15,18,1,train_00229,0.1489019033674963,0,0,train_00476,/home/thkim0/github/AIFFEL_quest_rs/MainQuest/Quest02/outputs/trackB_070102/outliers/ood/rank1326_ood0p149_train_00229.png,/home/thkim0/github/AIFFEL_quest_rs/MainQuest/Quest02/outputs/trackB_070102/score_bin_sample_exports/ood_score/bin_18_0.10_0.15/rank01_ood0p1489_train_00229_label0_pred0.png,ood_score=0.1489; mean_cos=0.8622; centroid_cos=0.7769; density_rank=0.9934; centroid_rank=0.6376; confidence=0.9998,False
ood_score,ood,0.10-0.15,18,2,train_01246,0.1455344070278184,0,0,train_00088,/home/thkim0/github/AIFFEL_quest_rs/MainQuest/Quest02/outputs/trackB_070102/outliers/ood/rank1327_ood0p146_train_01246.png,/home/thkim0/github/AIFFEL_quest_rs/MainQuest/Quest02/outputs/trackB_070102/score_bin_sample_exports/ood_score/bin_18_0.10_0.15/rank02_ood0p1455_train_01246_label0_pred0.png,ood_score=0.1455; mean_cos=0.8333; centroid_cos=0.8020; density_rank=0.8668; centroid_rank=0.8360; confidence=1.0000,False
ood_score,ood,0.10-0.15,18,3,train_00133,0.1453879941434845,0,0,train_00346,/home/thkim0/github/AIFFEL_quest_rs/MainQuest/Quest02/outputs/trackB_070102/outliers/ood/rank1328_ood0p145_train_00133.png,/home/thkim0/github/AIFFEL_quest_rs/MainQuest/Quest02/outputs/trackB_070102/score_bin_sample_exports/ood_score/bin_18_0.10_0.15/rank03_ood0p1454_train_00133_label0_pred0.png,ood_score=0.1454; mean_cos=0.8222; centroid_cos=0.8385; density_rank=0.7709; centroid_rank=0.9802; confidence=0.9983,False
ood_score,ood,0.10-0.15,18,4,train_00321,0.1450951683748169,0,0,train_00077,/home/thkim0/github/AIFFEL_quest_rs/MainQuest/Quest02/outputs/trackB_070102/outliers/ood/rank1329_ood0p145_train_00321.png,/home/thkim0/github/AIFFEL_quest_rs/MainQuest/Quest02/outputs/trackB_070102/score_bin_sample_exports/ood_score/bin_18_0.10_0.15/rank04_ood0p1451_train_00321_label0_pred0.png,ood_score=0.1451; mean_cos=0.8331; centroid_cos=0.8026; density_rank=0.8646; centroid_rank=0.8404; confidence=0.9999,False
ood_score,ood,0.10-0.15,18,5,train_00937,0.1443631039531479,0,0,train_00862,/home/thkim0/github/AIFFEL_quest_rs/MainQuest/Quest02/outputs/trackB_070102/outliers/ood/rank1330_ood0p144_train_00937.png,/home/thkim0/github/AIFFEL_quest_rs/MainQuest/Quest02/outputs/trackB_070102/score_bin_sample_exports/ood_score/bin_18_0.10_0.15/rank05_ood0p1444_train_00937_label0_pred0.png,ood_score=0.1444; mean_cos=0.8497; centroid_cos=0.7843; density_rank=0.9634; centroid_rank=0.6940; confidence=1.0000,False
ood_score,ood,0.05-0.10,19,1,train_00725,0.097510980966325,0,0,train_00389,/home/thkim0/github/AIFFEL_quest_rs/MainQuest/Quest02/outputs/trackB_070102/outliers/ood/rank1355_ood0p098_train_00725.png,/home/thkim0/github/AIFFEL_quest_rs/MainQuest/Quest02/outputs/trackB_070102/score_bin_sample_exports/ood_score/bin_19_0.05_0.10/rank01_ood0p0975_train_00725_label0_pred0.png,ood_score=0.0975; mean_cos=0.8328; centroid_cos=0.8302; density_rank=0.8638; centroid_rank=0.9605; confidence=1.0000,False
ood_score,ood,0.05-0.10,19,2,train_00553,0.0931185944363103,1,1,train_00158,/home/thkim0/github/AIFFEL_quest_rs/MainQuest/Quest02/outputs/trackB_070102/outliers/ood/rank1356_ood0p093_train_00553.png,/home/thkim0/github/AIFFEL_quest_rs/MainQuest/Quest02/outputs/trackB_070102/score_bin_sample_exports/ood_score/bin_19_0.05_0.10/rank02_ood0p0931_train_00553_label1_pred1.png,ood_score=0.0931; mean_cos=0.8391; centroid_cos=0.8171; density_rank=0.9034; centroid_rank=0.9122; confidence=0.9635,False
ood_score,ood,0.05-0.10,19,3,train_00897,0.0913616398243045,0,0,train_00277,/home/thkim0/github/AIFFEL_quest_rs/MainQuest/Quest02/outputs/trackB_070102/outliers/ood/rank1357_ood0p091_train_00897.png,/home/thkim0/github/AIFFEL_quest_rs/MainQuest/Quest02/outputs/trackB_070102/score_bin_sample_exports/ood_score/bin_19_0.05_0.10/rank03_ood0p0914_train_00897_label0_pred0.png,ood_score=0.0914; mean_cos=0.8360; centroid_cos=0.8234; density_rank=0.8873; centroid_rank=0.9407; confidence=0.9992,False
ood_score,ood,0.05-0.10,19,4,train_01178,0.0872620790629575,0,0,train_01338,/home/thkim0/github/AIFFEL_quest_rs/MainQuest/Quest02/outputs/trackB_070102/outliers/ood/rank1358_ood0p087_train_01178.png,/home/thkim0/github/AIFFEL_quest_rs/MainQuest/Quest02/outputs/trackB_070102/score_bin_sample_exports/ood_score/bin_19_0.05_0.10/rank04_ood0p0873_train_01178_label0_pred0.png,ood_score=0.0873; mean_cos=0.8366; centroid_cos=0.8250; density_rank=0.8902; centroid_rank=0.9466; confidence=0.9995,False
ood_score,ood,0.05-0.10,19,5,train_00712,0.0840409956076134,0,0,train_00195,/home/thkim0/github/AIFFEL_quest_rs/MainQuest/Quest02/outputs/trackB_070102/outliers/ood/rank1359_ood0p084_train_00712.png,/home/thkim0/github/AIFFEL_quest_rs/MainQuest/Quest02/outputs/trackB_070102/score_bin_sample_exports/ood_score/bin_19_0.05_0.10/rank05_ood0p0840_train_00712_label0_pred0.png,ood_score=0.0840; mean_cos=0.8324; centroid_cos=0.8525; density_rank=0.8624; centroid_rank=0.9963; confidence=0.9986,False
ood_score,ood,0.00-0.05,20,1,train_00283,0.0396778916544655,0,0,train_00812,/home/thkim0/github/AIFFEL_quest_rs/MainQuest/Quest02/outputs/trackB_070102/outliers/ood/rank1365_ood0p040_train_00283.png,/home/thkim0/github/AIFFEL_quest_rs/MainQuest/Quest02/outputs/trackB_070102/score_bin_sample_exports/ood_score/bin_20_0.00_0.05/rank01_ood0p0397_train_00283_label0_pred0.png,ood_score=0.0397; mean_cos=0.8504; centroid_cos=0.8258; density_rank=0.9671; centroid_rank=0.9502; confidence=0.9997,False
ood_score,ood,0.00-0.05,20,2,train_00534,0.0374816983894581,0,0,train_01078,/home/thkim0/github/AIFFEL_quest_rs/MainQuest/Quest02/outputs/trackB_070102/outliers/ood/rank1366_ood0p037_train_00534.png,/home/thkim0/github/AIFFEL_quest_rs/MainQuest/Quest02/outputs/trackB_070102/score_bin_sample_exports/ood_score/bin_20_0.00_0.05/rank02_ood0p0375_train_00534_label0_pred0.png,ood_score=0.0375; mean_cos=0.8616; centroid_cos=0.8183; density_rank=0.9912; centroid_rank=0.9195; confidence=1.0000,False
mislabel_score,mislabel,0.90-0.95,2,1,train_00389,0.9192474484597984,1,0,train_00725,/home/thkim0/github/AIFFEL_quest_rs/MainQuest/Quest02/outputs/trackB_070102/outliers/mislabel/rank001_mislabel0p919_train_00389_label1_pred0.png,/home/thkim0/github/AIFFEL_quest_rs/MainQuest/Quest02/outputs/trackB_070102/score_bin_sample_exports/mislabel_score/bin_02_0.90_0.95/rank01_mislabel0p9192_train_00389_label1_pred0.png,mislabel_score=0.9192; label=1; pred_label=0; pred_clean=0.9995; pred_dusty=0.0005; confidence=0.9990; disagreement=0.9995; ood_score=0.0794,False
mislabel_score,mislabel,0.70-0.75,6,1,train_01319,0.7353146561675866,1,0,train_00583,/home/thkim0/github/AIFFEL_quest_rs/MainQuest/Quest02/outputs/trackB_070102/outliers/mislabel/rank002_mislabel0p735_train_01319_label1_pred0.png,/home/thkim0/github/AIFFEL_quest_rs/MainQuest/Quest02/outputs/trackB_070102/score_bin_sample_exports/mislabel_score/bin_06_0.70_0.75/rank01_mislabel0p7353_train_01319_label1_pred0.png,mislabel_score=0.7353; label=1; pred_label=0; pred_clean=0.9955; pred_dusty=0.0045; confidence=0.9911; disagreement=0.9955; ood_score=0.2548,False
mislabel_score,mislabel,0.65-0.70,7,1,train_00591,0.699752264218558,1,0,train_00934,/home/thkim0/github/AIFFEL_quest_rs/MainQuest/Quest02/outputs/trackB_070102/outliers/mislabel/rank003_mislabel0p700_train_00591_label1_pred0.png,/home/thkim0/github/AIFFEL_quest_rs/MainQuest/Quest02/outputs/trackB_070102/score_bin_sample_exports/mislabel_score/bin_07_0.65_0.70/rank01_mislabel0p6998_train_00591_label1_pred0.png,mislabel_score=0.6998; label=1; pred_label=0; pred_clean=0.9988; pred_dusty=0.0012; confidence=0.9977; disagreement=0.9988; ood_score=0.2978,False
mislabel_score,mislabel,0.65-0.70,7,2,train_00261,0.6747655880205555,1,0,train_00159,/home/thkim0/github/AIFFEL_quest_rs/MainQuest/Quest02/outputs/trackB_070102/outliers/mislabel/rank004_mislabel0p675_train_00261_label1_pred0.png,/home/thkim0/github/AIFFEL_quest_rs/MainQuest/Quest02/outputs/trackB_070102/score_bin_sample_exports/mislabel_score/bin_07_0.65_0.70/rank02_mislabel0p6748_train_00261_label1_pred0.png,mislabel_score=0.6748; label=1; pred_label=0; pred_clean=1.0000; pred_dusty=0.0000; confidence=0.9999; disagreement=1.0000; ood_score=0.3252,False
mislabel_score,mislabel,0.60-0.65,8,1,train_00912,0.6116531263549411,0,1,train_01248,/home/thkim0/github/AIFFEL_quest_rs/MainQuest/Quest02/outputs/trackB_070102/outliers/mislabel/rank005_mislabel0p612_train_00912_label0_pred1.png,/home/thkim0/github/AIFFEL_quest_rs/MainQuest/Quest02/outputs/trackB_070102/score_bin_sample_exports/mislabel_score/bin_08_0.60_0.65/rank01_mislabel0p6117_train_00912_label0_pred1.png,mislabel_score=0.6117; label=0; pred_label=1; pred_clean=0.0593; pred_dusty=0.9407; confidence=0.8815; disagreement=0.9407; ood_score=0.2624,False
mislabel_score,mislabel,0.55-0.60,9,1,train_00964,0.5749701706132307,0,1,train_01069,/home/thkim0/github/AIFFEL_quest_rs/MainQuest/Quest02/outputs/trackB_070102/outliers/mislabel/rank006_mislabel0p575_train_00964_label0_pred1.png,/home/thkim0/github/AIFFEL_quest_rs/MainQuest/Quest02/outputs/trackB_070102/score_bin_sample_exports/mislabel_score/bin_09_0.55_0.60/rank01_mislabel0p5750_train_00964_label0_pred1.png,mislabel_score=0.5750; label=0; pred_label=1; pred_clean=0.1057; pred_dusty=0.8943; confidence=0.7885; disagreement=0.8943; ood_score=0.1846,False
mislabel_score,mislabel,0.55-0.60,9,2,train_01133,0.5610013676371365,1,0,train_00189,/home/thkim0/github/AIFFEL_quest_rs/MainQuest/Quest02/outputs/trackB_070102/outliers/mislabel/rank007_mislabel0p561_train_01133_label1_pred0.png,/home/thkim0/github/AIFFEL_quest_rs/MainQuest/Quest02/outputs/trackB_070102/score_bin_sample_exports/mislabel_score/bin_09_0.55_0.60/rank02_mislabel0p5610_train_01133_label1_pred0.png,mislabel_score=0.5610; label=1; pred_label=0; pred_clean=0.9977; pred_dusty=0.0023; confidence=0.9954; disagreement=0.9977; ood_score=0.4351,False
mislabel_score,mislabel,0.55-0.60,9,3,train_01009,0.5522206405779543,1,0,train_00662,/home/thkim0/github/AIFFEL_quest_rs/MainQuest/Quest02/outputs/trackB_070102/outliers/mislabel/rank008_mislabel0p552_train_01009_label1_pred0.png,/home/thkim0/github/AIFFEL_quest_rs/MainQuest/Quest02/outputs/trackB_070102/score_bin_sample_exports/mislabel_score/bin_09_0.55_0.60/rank03_mislabel0p5522_train_01009_label1_pred0.png,mislabel_score=0.5522; label=1; pred_label=0; pred_clean=0.9965; pred_dusty=0.0035; confidence=0.9929; disagreement=0.9965; ood_score=0.4419,False
mislabel_score,mislabel,0.50-0.55,10,1,train_00006,0.5436001268569136,1,0,train_00043,/home/thkim0/github/AIFFEL_quest_rs/MainQuest/Quest02/outputs/trackB_070102/outliers/mislabel/rank009_mislabel0p544_train_00006_label1_pred0.png,/home/thkim0/github/AIFFEL_quest_rs/MainQuest/Quest02/outputs/trackB_070102/score_bin_sample_exports/mislabel_score/bin_10_0.50_0.55/rank01_mislabel0p5436_train_00006_label1_pred0.png,mislabel_score=0.5436; label=1; pred_label=0; pred_clean=0.9772; pred_dusty=0.0228; confidence=0.9544; disagreement=0.9772; ood_score=0.4171,False
mislabel_score,mislabel,0.50-0.55,10,2,train_00199,0.543056112348924,1,0,train_00143,/home/thkim0/github/AIFFEL_quest_rs/MainQuest/Quest02/outputs/trackB_070102/outliers/mislabel/rank010_mislabel0p543_train_00199_label1_pred0.png,/home/thkim0/github/AIFFEL_quest_rs/MainQuest/Quest02/outputs/trackB_070102/score_bin_sample_exports/mislabel_score/bin_10_0.50_0.55/rank02_mislabel0p5431_train_00199_label1_pred0.png,mislabel_score=0.5431; label=1; pred_label=0; pred_clean=0.9523; pred_dusty=0.0477; confidence=0.9045; disagreement=0.9523; ood_score=0.3695,False
mislabel_score,mislabel,0.50-0.55,10,3,train_01265,0.5146436031548406,1,0,train_00246,/home/thkim0/github/AIFFEL_quest_rs/MainQuest/Quest02/outputs/trackB_070102/outliers/mislabel/rank011_mislabel0p515_train_01265_label1_pred0.png,/home/thkim0/github/AIFFEL_quest_rs/MainQuest/Quest02/outputs/trackB_070102/score_bin_sample_exports/mislabel_score/bin_10_0.50_0.55/rank03_mislabel0p5146_train_01265_label1_pred0.png,mislabel_score=0.5146; label=1; pred_label=0; pred_clean=0.9990; pred_dusty=0.0010; confidence=0.9979; disagreement=0.9990; ood_score=0.4837,False
mislabel_score,mislabel,0.50-0.55,10,4,train_01102,0.508709884439445,1,0,train_01291,/home/thkim0/github/AIFFEL_quest_rs/MainQuest/Quest02/outputs/trackB_070102/outliers/mislabel/rank012_mislabel0p509_train_01102_label1_pred0.png,/home/thkim0/github/AIFFEL_quest_rs/MainQuest/Quest02/outputs/trackB_070102/score_bin_sample_exports/mislabel_score/bin_10_0.50_0.55/rank04_mislabel0p5087_train_01102_label1_pred0.png,mislabel_score=0.5087; label=1; pred_label=0; pred_clean=0.9818; pred_dusty=0.0182; confidence=0.9635; disagreement=0.9818; ood_score=0.4622,False
mislabel_score,mislabel,0.50-0.55,10,5,train_00784,0.5014233346332196,1,0,train_00489,/home/thkim0/github/AIFFEL_quest_rs/MainQuest/Quest02/outputs/trackB_070102/outliers/mislabel/rank013_mislabel0p501_train_00784_label1_pred0.png,/home/thkim0/github/AIFFEL_quest_rs/MainQuest/Quest02/outputs/trackB_070102/score_bin_sample_exports/mislabel_score/bin_10_0.50_0.55/rank05_mislabel0p5014_train_00784_label1_pred0.png,mislabel_score=0.5014; label=1; pred_label=0; pred_clean=0.9998; pred_dusty=0.0002; confidence=0.9996; disagreement=0.9998; ood_score=0.4982,False
mislabel_score,mislabel,0.45-0.50,11,1,train_00235,0.4964713918224586,1,0,train_00292,/home/thkim0/github/AIFFEL_quest_rs/MainQuest/Quest02/outputs/trackB_070102/outliers/mislabel/rank014_mislabel0p496_train_00235_label1_pred0.png,/home/thkim0/github/AIFFEL_quest_rs/MainQuest/Quest02/outputs/trackB_070102/score_bin_sample_exports/mislabel_score/bin_11_0.45_0.50/rank01_mislabel0p4965_train_00235_label1_pred0.png,mislabel_score=0.4965; label=1; pred_label=0; pred_clean=0.9991; pred_dusty=0.0009; confidence=0.9982; disagreement=0.9991; ood_score=0.5022,False
mislabel_score,mislabel,0.45-0.50,11,2,train_00975,0.4867463372861879,1,0,train_00544,/home/thkim0/github/AIFFEL_quest_rs/MainQuest/Quest02/outputs/trackB_070102/outliers/mislabel/rank015_mislabel0p487_train_00975_label1_pred0.png,/home/thkim0/github/AIFFEL_quest_rs/MainQuest/Quest02/outputs/trackB_070102/score_bin_sample_exports/mislabel_score/bin_11_0.45_0.50/rank02_mislabel0p4867_train_00975_label1_pred0.png,mislabel_score=0.4867; label=1; pred_label=0; pred_clean=0.9714; pred_dusty=0.0286; confidence=0.9428; disagreement=0.9714; ood_score=0.4685,False
mislabel_score,mislabel,0.45-0.50,11,3,train_00597,0.4838753640976415,1,0,train_00408,/home/thkim0/github/AIFFEL_quest_rs/MainQuest/Quest02/outputs/trackB_070102/outliers/mislabel/rank016_mislabel0p484_train_00597_label1_pred0.png,/home/thkim0/github/AIFFEL_quest_rs/MainQuest/Quest02/outputs/trackB_070102/score_bin_sample_exports/mislabel_score/bin_11_0.45_0.50/rank03_mislabel0p4839_train_00597_label1_pred0.png,mislabel_score=0.4839; label=1; pred_label=0; pred_clean=0.9847; pred_dusty=0.0153; confidence=0.9694; disagreement=0.9847; ood_score=0.4931,False
mislabel_score,mislabel,0.45-0.50,11,4,train_01119,0.4651763028663734,0,1,train_00571,/home/thkim0/github/AIFFEL_quest_rs/MainQuest/Quest02/outputs/trackB_070102/outliers/mislabel/rank017_mislabel0p465_train_01119_label0_pred1.png,/home/thkim0/github/AIFFEL_quest_rs/MainQuest/Quest02/outputs/trackB_070102/score_bin_sample_exports/mislabel_score/bin_11_0.45_0.50/rank04_mislabel0p4652_train_01119_label0_pred1.png,mislabel_score=0.4652; label=0; pred_label=1; pred_clean=0.0036; pred_dusty=0.9964; confidence=0.9928; disagreement=0.9964; ood_score=0.5297,False
mislabel_score,mislabel,0.45-0.50,11,5,train_00816,0.4610642766402703,1,0,train_00389,/home/thkim0/github/AIFFEL_quest_rs/MainQuest/Quest02/outputs/trackB_070102/outliers/mislabel/rank018_mislabel0p461_train_00816_label1_pred0.png,/home/thkim0/github/AIFFEL_quest_rs/MainQuest/Quest02/outputs/trackB_070102/score_bin_sample_exports/mislabel_score/bin_11_0.45_0.50/rank05_mislabel0p4611_train_00816_label1_pred0.png,mislabel_score=0.4611; label=1; pred_label=0; pred_clean=0.9556; pred_dusty=0.0444; confidence=0.9111; disagreement=0.9556; ood_score=0.4704,False
mislabel_score,mislabel,0.40-0.45,12,1,train_00518,0.4457400584958202,0,1,train_00458,/home/thkim0/github/AIFFEL_quest_rs/MainQuest/Quest02/outputs/trackB_070102/outliers/mislabel/rank019_mislabel0p446_train_00518_label0_pred1.png,/home/thkim0/github/AIFFEL_quest_rs/MainQuest/Quest02/outputs/trackB_070102/score_bin_sample_exports/mislabel_score/bin_12_0.40_0.45/rank01_mislabel0p4457_train_00518_label0_pred1.png,mislabel_score=0.4457; label=0; pred_label=1; pred_clean=0.0387; pred_dusty=0.9613; confidence=0.9225; disagreement=0.9613; ood_score=0.4974,False
mislabel_score,mislabel,0.40-0.45,12,2,train_00302,0.4392252334343358,1,0,train_00202,/home/thkim0/github/AIFFEL_quest_rs/MainQuest/Quest02/outputs/trackB_070102/outliers/mislabel/rank020_mislabel0p439_train_00302_label1_pred0.png,/home/thkim0/github/AIFFEL_quest_rs/MainQuest/Quest02/outputs/trackB_070102/score_bin_sample_exports/mislabel_score/bin_12_0.40_0.45/rank02_mislabel0p4392_train_00302_label1_pred0.png,mislabel_score=0.4392; label=1; pred_label=0; pred_clean=0.9274; pred_dusty=0.0726; confidence=0.8548; disagreement=0.9274; ood_score=0.4460,False
mislabel_score,mislabel,0.40-0.45,12,3,train_00280,0.428180246557327,1,0,train_00207,/home/thkim0/github/AIFFEL_quest_rs/MainQuest/Quest02/outputs/trackB_070102/outliers/mislabel/rank021_mislabel0p428_train_00280_label1_pred0.png,/home/thkim0/github/AIFFEL_quest_rs/MainQuest/Quest02/outputs/trackB_070102/score_bin_sample_exports/mislabel_score/bin_12_0.40_0.45/rank03_mislabel0p4282_train_00280_label1_pred0.png,mislabel_score=0.4282; label=1; pred_label=0; pred_clean=0.9846; pred_dusty=0.0154; confidence=0.9691; disagreement=0.9846; ood_score=0.5512,False
mislabel_score,mislabel,0.40-0.45,12,4,train_01300,0.4217214185070562,1,0,train_00188,/home/thkim0/github/AIFFEL_quest_rs/MainQuest/Quest02/outputs/trackB_070102/outliers/mislabel/rank022_mislabel0p422_train_01300_label1_pred0.png,/home/thkim0/github/AIFFEL_quest_rs/MainQuest/Quest02/outputs/trackB_070102/score_bin_sample_exports/mislabel_score/bin_12_0.40_0.45/rank04_mislabel0p4217_train_01300_label1_pred0.png,mislabel_score=0.4217; label=1; pred_label=0; pred_clean=0.9882; pred_dusty=0.0118; confidence=0.9764; disagreement=0.9882; ood_score=0.5630,False
mislabel_score,mislabel,0.40-0.45,12,5,train_01186,0.4062559888334194,1,0,train_00888,/home/thkim0/github/AIFFEL_quest_rs/MainQuest/Quest02/outputs/trackB_070102/outliers/mislabel/rank023_mislabel0p406_train_01186_label1_pred0.png,/home/thkim0/github/AIFFEL_quest_rs/MainQuest/Quest02/outputs/trackB_070102/score_bin_sample_exports/mislabel_score/bin_12_0.40_0.45/rank05_mislabel0p4063_train_01186_label1_pred0.png,mislabel_score=0.4063; label=1; pred_label=0; pred_clean=0.9368; pred_dusty=0.0632; confidence=0.8735; disagreement=0.9368; ood_score=0.5035,False
mislabel_score,mislabel,0.35-0.40,13,1,train_00160,0.3941811030783881,1,0,train_00287,/home/thkim0/github/AIFFEL_quest_rs/MainQuest/Quest02/outputs/trackB_070102/outliers/mislabel/rank024_mislabel0p394_train_00160_label1_pred0.png,/home/thkim0/github/AIFFEL_quest_rs/MainQuest/Quest02/outputs/trackB_070102/score_bin_sample_exports/mislabel_score/bin_13_0.35_0.40/rank01_mislabel0p3942_train_00160_label1_pred0.png,mislabel_score=0.3942; label=1; pred_label=0; pred_clean=0.9314; pred_dusty=0.0686; confidence=0.8628; disagreement=0.9314; ood_score=0.5095,False
mislabel_score,mislabel,0.35-0.40,13,2,train_00298,0.3802517911330014,1,0,train_00049,/home/thkim0/github/AIFFEL_quest_rs/MainQuest/Quest02/outputs/trackB_070102/outliers/mislabel/rank025_mislabel0p380_train_00298_label1_pred0.png,/home/thkim0/github/AIFFEL_quest_rs/MainQuest/Quest02/outputs/trackB_070102/score_bin_sample_exports/mislabel_score/bin_13_0.35_0.40/rank02_mislabel0p3803_train_00298_label1_pred0.png,mislabel_score=0.3803; label=1; pred_label=0; pred_clean=0.9484; pred_dusty=0.0516; confidence=0.8967; disagreement=0.9484; ood_score=0.5529,False
mislabel_score,mislabel,0.35-0.40,13,3,train_01100,0.3767099358246155,1,0,train_00246,/home/thkim0/github/AIFFEL_quest_rs/MainQuest/Quest02/outputs/trackB_070102/outliers/mislabel/rank026_mislabel0p377_train_01100_label1_pred0.png,/home/thkim0/github/AIFFEL_quest_rs/MainQuest/Quest02/outputs/trackB_070102/score_bin_sample_exports/mislabel_score/bin_13_0.35_0.40/rank03_mislabel0p3767_train_01100_label1_pred0.png,mislabel_score=0.3767; label=1; pred_label=0; pred_clean=0.9993; pred_dusty=0.0007; confidence=0.9987; disagreement=0.9993; ood_score=0.6225,False
mislabel_score,mislabel,0.35-0.40,13,4,train_00514,0.3696835804523182,1,0,train_00608,/home/thkim0/github/AIFFEL_quest_rs/MainQuest/Quest02/outputs/trackB_070102/outliers/mislabel/rank027_mislabel0p370_train_00514_label1_pred0.png,/home/thkim0/github/AIFFEL_quest_rs/MainQuest/Quest02/outputs/trackB_070102/score_bin_sample_exports/mislabel_score/bin_13_0.35_0.40/rank04_mislabel0p3697_train_00514_label1_pred0.png,mislabel_score=0.3697; label=1; pred_label=0; pred_clean=0.9935; pred_dusty=0.0065; confidence=0.9870; disagreement=0.9935; ood_score=0.6230,False
mislabel_score,mislabel,0.35-0.40,13,5,train_01122,0.3669038025960727,0,1,train_00898,/home/thkim0/github/AIFFEL_quest_rs/MainQuest/Quest02/outputs/trackB_070102/outliers/mislabel/rank028_mislabel0p367_train_01122_label0_pred1.png,/home/thkim0/github/AIFFEL_quest_rs/MainQuest/Quest02/outputs/trackB_070102/score_bin_sample_exports/mislabel_score/bin_13_0.35_0.40/rank05_mislabel0p3669_train_01122_label0_pred1.png,mislabel_score=0.3669; label=0; pred_label=1; pred_clean=0.0408; pred_dusty=0.9592; confidence=0.9183; disagreement=0.9592; ood_score=0.5835,False
mislabel_score,mislabel,0.30-0.35,14,1,train_00799,0.3484706472240207,0,1,train_00121,/home/thkim0/github/AIFFEL_quest_rs/MainQuest/Quest02/outputs/trackB_070102/outliers/mislabel/rank035_mislabel0p348_train_00799_label0_pred1.png,/home/thkim0/github/AIFFEL_quest_rs/MainQuest/Quest02/outputs/trackB_070102/score_bin_sample_exports/mislabel_score/bin_14_0.30_0.35/rank01_mislabel0p3485_train_00799_label0_pred1.png,mislabel_score=0.3485; label=0; pred_label=1; pred_clean=0.0907; pred_dusty=0.9093; confidence=0.8185; disagreement=0.9093; ood_score=0.5318,False
mislabel_score,mislabel,0.30-0.35,14,2,train_00188,0.3340112681295674,1,0,train_01300,/home/thkim0/github/AIFFEL_quest_rs/MainQuest/Quest02/outputs/trackB_070102/outliers/mislabel/rank036_mislabel0p334_train_00188_label1_pred0.png,/home/thkim0/github/AIFFEL_quest_rs/MainQuest/Quest02/outputs/trackB_070102/score_bin_sample_exports/mislabel_score/bin_14_0.30_0.35/rank02_mislabel0p3340_train_00188_label1_pred0.png,mislabel_score=0.3340; label=1; pred_label=0; pred_clean=0.9275; pred_dusty=0.0725; confidence=0.8549; disagreement=0.9275; ood_score=0.5788,False
mislabel_score,mislabel,0.30-0.35,14,3,train_01118,0.3287771056940304,1,0,train_00042,/home/thkim0/github/AIFFEL_quest_rs/MainQuest/Quest02/outputs/trackB_070102/outliers/mislabel/rank037_mislabel0p329_train_01118_label1_pred0.png,/home/thkim0/github/AIFFEL_quest_rs/MainQuest/Quest02/outputs/trackB_070102/score_bin_sample_exports/mislabel_score/bin_14_0.30_0.35/rank03_mislabel0p3288_train_01118_label1_pred0.png,mislabel_score=0.3288; label=1; pred_label=0; pred_clean=0.9439; pred_dusty=0.0561; confidence=0.8877; disagreement=0.9439; ood_score=0.6076,False
mislabel_score,mislabel,0.30-0.35,14,4,train_00241,0.3213697710507004,1,0,train_00346,/home/thkim0/github/AIFFEL_quest_rs/MainQuest/Quest02/outputs/trackB_070102/outliers/mislabel/rank038_mislabel0p321_train_00241_label1_pred0.png,/home/thkim0/github/AIFFEL_quest_rs/MainQuest/Quest02/outputs/trackB_070102/score_bin_sample_exports/mislabel_score/bin_14_0.30_0.35/rank04_mislabel0p3214_train_00241_label1_pred0.png,mislabel_score=0.3214; label=1; pred_label=0; pred_clean=0.8973; pred_dusty=0.1027; confidence=0.7947; disagreement=0.8973; ood_score=0.5493,False
mislabel_score,mislabel,0.30-0.35,14,5,train_00132,0.3036120729715766,0,1,train_01260,/home/thkim0/github/AIFFEL_quest_rs/MainQuest/Quest02/outputs/trackB_070102/outliers/mislabel/rank039_mislabel0p304_train_00132_label0_pred1.png,/home/thkim0/github/AIFFEL_quest_rs/MainQuest/Quest02/outputs/trackB_070102/score_bin_sample_exports/mislabel_score/bin_14_0.30_0.35/rank05_mislabel0p3036_train_00132_label0_pred1.png,mislabel_score=0.3036; label=0; pred_label=1; pred_clean=0.0096; pred_dusty=0.9904; confidence=0.9807; disagreement=0.9904; ood_score=0.6874,False
mislabel_score,mislabel,0.25-0.30,15,1,train_00859,0.2933381095558834,1,0,train_00719,/home/thkim0/github/AIFFEL_quest_rs/MainQuest/Quest02/outputs/trackB_070102/outliers/mislabel/rank040_mislabel0p293_train_00859_label1_pred0.png,/home/thkim0/github/AIFFEL_quest_rs/MainQuest/Quest02/outputs/trackB_070102/score_bin_sample_exports/mislabel_score/bin_15_0.25_0.30/rank01_mislabel0p2933_train_00859_label1_pred0.png,mislabel_score=0.2933; label=1; pred_label=0; pred_clean=0.9351; pred_dusty=0.0649; confidence=0.8702; disagreement=0.9351; ood_score=0.6395,False
mislabel_score,mislabel,0.25-0.30,15,2,train_01130,0.2872031705350568,1,0,train_00303,/home/thkim0/github/AIFFEL_quest_rs/MainQuest/Quest02/outputs/trackB_070102/outliers/mislabel/rank041_mislabel0p287_train_01130_label1_pred0.png,/home/thkim0/github/AIFFEL_quest_rs/MainQuest/Quest02/outputs/trackB_070102/score_bin_sample_exports/mislabel_score/bin_15_0.25_0.30/rank02_mislabel0p2872_train_01130_label1_pred0.png,mislabel_score=0.2872; label=1; pred_label=0; pred_clean=0.9435; pred_dusty=0.0565; confidence=0.8870; disagreement=0.9435; ood_score=0.6568,False
mislabel_score,mislabel,0.25-0.30,15,3,train_00915,0.2802066875285986,1,0,train_00761,/home/thkim0/github/AIFFEL_quest_rs/MainQuest/Quest02/outputs/trackB_070102/outliers/mislabel/rank042_mislabel0p280_train_00915_label1_pred0.png,/home/thkim0/github/AIFFEL_quest_rs/MainQuest/Quest02/outputs/trackB_070102/score_bin_sample_exports/mislabel_score/bin_15_0.25_0.30/rank03_mislabel0p2802_train_00915_label1_pred0.png,mislabel_score=0.2802; label=1; pred_label=0; pred_clean=0.8387; pred_dusty=0.1613; confidence=0.6773; disagreement=0.8387; ood_score=0.5067,False
mislabel_score,mislabel,0.25-0.30,15,4,train_00040,0.2536115363406883,0,1,train_00418,/home/thkim0/github/AIFFEL_quest_rs/MainQuest/Quest02/outputs/trackB_070102/outliers/mislabel/rank043_mislabel0p254_train_00040_label0_pred1.png,/home/thkim0/github/AIFFEL_quest_rs/MainQuest/Quest02/outputs/trackB_070102/score_bin_sample_exports/mislabel_score/bin_15_0.25_0.30/rank04_mislabel0p2536_train_00040_label0_pred1.png,mislabel_score=0.2536; label=0; pred_label=1; pred_clean=0.1386; pred_dusty=0.8614; confidence=0.7228; disagreement=0.8614; ood_score=0.5927,False
mislabel_score,mislabel,0.20-0.25,16,1,train_01197,0.2406107494646624,0,1,train_00549,/home/thkim0/github/AIFFEL_quest_rs/MainQuest/Quest02/outputs/trackB_070102/outliers/mislabel/rank044_mislabel0p241_train_01197_label0_pred1.png,/home/thkim0/github/AIFFEL_quest_rs/MainQuest/Quest02/outputs/trackB_070102/score_bin_sample_exports/mislabel_score/bin_16_0.20_0.25/rank01_mislabel0p2406_train_01197_label0_pred1.png,mislabel_score=0.2406; label=0; pred_label=1; pred_clean=0.1768; pred_dusty=0.8232; confidence=0.6465; disagreement=0.8232; ood_score=0.5479,False
mislabel_score,mislabel,0.20-0.25,16,2,train_00119,0.2362073172300392,1,0,train_01302,/home/thkim0/github/AIFFEL_quest_rs/MainQuest/Quest02/outputs/trackB_070102/outliers/mislabel/rank045_mislabel0p236_train_00119_label1_pred0.png,/home/thkim0/github/AIFFEL_quest_rs/MainQuest/Quest02/outputs/trackB_070102/score_bin_sample_exports/mislabel_score/bin_16_0.20_0.25/rank02_mislabel0p2362_train_00119_label1_pred0.png,mislabel_score=0.2362; label=1; pred_label=0; pred_clean=0.9547; pred_dusty=0.0453; confidence=0.9095; disagreement=0.9547; ood_score=0.7280,False
mislabel_score,mislabel,0.20-0.25,16,3,train_00026,0.2353624417502323,1,0,train_01329,/home/thkim0/github/AIFFEL_quest_rs/MainQuest/Quest02/outputs/trackB_070102/outliers/mislabel/rank046_mislabel0p235_train_00026_label1_pred0.png,/home/thkim0/github/AIFFEL_quest_rs/MainQuest/Quest02/outputs/trackB_070102/score_bin_sample_exports/mislabel_score/bin_16_0.20_0.25/rank03_mislabel0p2354_train_00026_label1_pred0.png,mislabel_score=0.2354; label=1; pred_label=0; pred_clean=0.8261; pred_dusty=0.1739; confidence=0.6521; disagreement=0.8261; ood_score=0.5631,False
mislabel_score,mislabel,0.20-0.25,16,4,train_01216,0.2255799638205414,1,0,train_00723,/home/thkim0/github/AIFFEL_quest_rs/MainQuest/Quest02/outputs/trackB_070102/outliers/mislabel/rank047_mislabel0p226_train_01216_label1_pred0.png,/home/thkim0/github/AIFFEL_quest_rs/MainQuest/Quest02/outputs/trackB_070102/score_bin_sample_exports/mislabel_score/bin_16_0.20_0.25/rank04_mislabel0p2256_train_01216_label1_pred0.png,mislabel_score=0.2256; label=1; pred_label=0; pred_clean=0.8532; pred_dusty=0.1468; confidence=0.7065; disagreement=0.8532; ood_score=0.6258,False
mislabel_score,mislabel,0.15-0.20,17,1,train_00023,0.1979122776659985,0,1,train_00018,/home/thkim0/github/AIFFEL_quest_rs/MainQuest/Quest02/outputs/trackB_070102/outliers/mislabel/rank048_mislabel0p198_train_00023_label0_pred1.png,/home/thkim0/github/AIFFEL_quest_rs/MainQuest/Quest02/outputs/trackB_070102/score_bin_sample_exports/mislabel_score/bin_17_0.15_0.20/rank01_mislabel0p1979_train_00023_label0_pred1.png,mislabel_score=0.1979; label=0; pred_label=1; pred_clean=0.0629; pred_dusty=0.9371; confidence=0.8742; disagreement=0.9371; ood_score=0.7584,False
mislabel_score,mislabel,0.15-0.20,17,2,train_00706,0.170933755486845,0,1,train_01015,/home/thkim0/github/AIFFEL_quest_rs/MainQuest/Quest02/outputs/trackB_070102/outliers/mislabel/rank049_mislabel0p171_train_00706_label0_pred1.png,/home/thkim0/github/AIFFEL_quest_rs/MainQuest/Quest02/outputs/trackB_070102/score_bin_sample_exports/mislabel_score/bin_17_0.15_0.20/rank02_mislabel0p1709_train_00706_label0_pred1.png,mislabel_score=0.1709; label=0; pred_label=1; pred_clean=0.2416; pred_dusty=0.7584; confidence=0.5168; disagreement=0.7584; ood_score=0.5638,False
mislabel_score,mislabel,0.10-0.15,18,1,train_00990,0.1396267380517134,1,0,train_01187,/home/thkim0/github/AIFFEL_quest_rs/MainQuest/Quest02/outputs/trackB_070102/outliers/mislabel/rank050_mislabel0p140_train_00990_label1_pred0.png,/home/thkim0/github/AIFFEL_quest_rs/MainQuest/Quest02/outputs/trackB_070102/score_bin_sample_exports/mislabel_score/bin_18_0.10_0.15/rank01_mislabel0p1396_train_00990_label1_pred0.png,mislabel_score=0.1396; label=1; pred_label=0; pred_clean=0.8355; pred_dusty=0.1645; confidence=0.6710; disagreement=0.8355; ood_score=0.7510,False
mislabel_score,mislabel,0.10-0.15,18,2,train_00004,0.1393038546535218,1,0,train_00646,/home/thkim0/github/AIFFEL_quest_rs/MainQuest/Quest02/outputs/trackB_070102/outliers/mislabel/rank051_mislabel0p139_train_00004_label1_pred0.png,/home/thkim0/github/AIFFEL_quest_rs/MainQuest/Quest02/outputs/trackB_070102/score_bin_sample_exports/mislabel_score/bin_18_0.10_0.15/rank02_mislabel0p1393_train_00004_label1_pred0.png,mislabel_score=0.1393; label=1; pred_label=0; pred_clean=0.7618; pred_dusty=0.2382; confidence=0.5236; disagreement=0.7618; ood_score=0.6508,False
mislabel_score,mislabel,0.10-0.15,18,3,train_00471,0.1221680602912202,1,0,train_01174,/home/thkim0/github/AIFFEL_quest_rs/MainQuest/Quest02/outputs/trackB_070102/outliers/mislabel/rank052_mislabel0p122_train_00471_label1_pred0.png,/home/thkim0/github/AIFFEL_quest_rs/MainQuest/Quest02/outputs/trackB_070102/score_bin_sample_exports/mislabel_score/bin_18_0.10_0.15/rank03_mislabel0p1222_train_00471_label1_pred0.png,mislabel_score=0.1222; label=1; pred_label=0; pred_clean=0.6769; pred_dusty=0.3231; confidence=0.3539; disagreement=0.6769; ood_score=0.4900,False
mislabel_score,mislabel,0.10-0.15,18,4,train_00306,0.1156838349830157,1,0,train_00202,/home/thkim0/github/AIFFEL_quest_rs/MainQuest/Quest02/outputs/trackB_070102/outliers/mislabel/rank053_mislabel0p116_train_00306_label1_pred0.png,/home/thkim0/github/AIFFEL_quest_rs/MainQuest/Quest02/outputs/trackB_070102/score_bin_sample_exports/mislabel_score/bin_18_0.10_0.15/rank04_mislabel0p1157_train_00306_label1_pred0.png,mislabel_score=0.1157; label=1; pred_label=0; pred_clean=0.8309; pred_dusty=0.1691; confidence=0.6618; disagreement=0.8309; ood_score=0.7896,False
mislabel_score,mislabel,0.05-0.10,19,1,train_00719,0.0997625643162618,1,0,train_00683,/home/thkim0/github/AIFFEL_quest_rs/MainQuest/Quest02/outputs/trackB_070102/outliers/mislabel/rank054_mislabel0p100_train_00719_label1_pred0.png,/home/thkim0/github/AIFFEL_quest_rs/MainQuest/Quest02/outputs/trackB_070102/score_bin_sample_exports/mislabel_score/bin_19_0.05_0.10/rank01_mislabel0p0998_train_00719_label1_pred0.png,mislabel_score=0.0998; label=1; pred_label=0; pred_clean=0.6821; pred_dusty=0.3179; confidence=0.3642; disagreement=0.6821; ood_score=0.5984,False
mislabel_score,mislabel,0.05-0.10,19,2,train_00069,0.0820759612632012,1,1,train_00510,/home/thkim0/github/AIFFEL_quest_rs/MainQuest/Quest02/outputs/trackB_070102/outliers/mislabel/rank055_mislabel0p082_train_00069_label1_pred1.png,/home/thkim0/github/AIFFEL_quest_rs/MainQuest/Quest02/outputs/trackB_070102/score_bin_sample_exports/mislabel_score/bin_19_0.05_0.10/rank02_mislabel0p0821_train_00069_label1_pred1.png,mislabel_score=0.0821; label=1; pred_label=1; pred_clean=0.1803; pred_dusty=0.8197; confidence=0.6395; disagreement=0.1803; ood_score=0.2880,False
mislabel_score,mislabel,0.05-0.10,19,3,train_00403,0.075629421750642,1,1,train_00194,/home/thkim0/github/AIFFEL_quest_rs/MainQuest/Quest02/outputs/trackB_070102/outliers/mislabel/rank056_mislabel0p076_train_00403_label1_pred1.png,/home/thkim0/github/AIFFEL_quest_rs/MainQuest/Quest02/outputs/trackB_070102/score_bin_sample_exports/mislabel_score/bin_19_0.05_0.10/rank03_mislabel0p0756_train_00403_label1_pred1.png,mislabel_score=0.0756; label=1; pred_label=1; pred_clean=0.2167; pred_dusty=0.7833; confidence=0.5666; disagreement=0.2167; ood_score=0.3840,False
mislabel_score,mislabel,0.05-0.10,19,4,train_00796,0.0755527018287323,0,1,train_00647,/home/thkim0/github/AIFFEL_quest_rs/MainQuest/Quest02/outputs/trackB_070102/outliers/mislabel/rank057_mislabel0p076_train_00796_label0_pred1.png,/home/thkim0/github/AIFFEL_quest_rs/MainQuest/Quest02/outputs/trackB_070102/score_bin_sample_exports/mislabel_score/bin_19_0.05_0.10/rank04_mislabel0p0756_train_00796_label0_pred1.png,mislabel_score=0.0756; label=0; pred_label=1; pred_clean=0.3359; pred_dusty=0.6641; confidence=0.3281; disagreement=0.6641; ood_score=0.6533,False
mislabel_score,mislabel,0.05-0.10,19,5,train_01143,0.0730134637187304,1,1,train_01337,/home/thkim0/github/AIFFEL_quest_rs/MainQuest/Quest02/outputs/trackB_070102/outliers/mislabel/rank058_mislabel0p073_train_01143_label1_pred1.png,/home/thkim0/github/AIFFEL_quest_rs/MainQuest/Quest02/outputs/trackB_070102/score_bin_sample_exports/mislabel_score/bin_19_0.05_0.10/rank05_mislabel0p0730_train_01143_label1_pred1.png,mislabel_score=0.0730; label=1; pred_label=1; pred_clean=0.2751; pred_dusty=0.7249; confidence=0.4498; disagreement=0.2751; ood_score=0.4100,False
mislabel_score,mislabel,0.00-0.05,20,1,train_00379,0.0490445261957418,0,0,train_00241,/home/thkim0/github/AIFFEL_quest_rs/MainQuest/Quest02/outputs/trackB_070102/outliers/mislabel/rank084_mislabel0p049_train_00379_label0_pred0.png,/home/thkim0/github/AIFFEL_quest_rs/MainQuest/Quest02/outputs/trackB_070102/score_bin_sample_exports/mislabel_score/bin_20_0.00_0.05/rank01_mislabel0p0490_train_00379_label0_pred0.png,mislabel_score=0.0490; label=0; pred_label=0; pred_clean=0.8119; pred_dusty=0.1881; confidence=0.6239; disagreement=0.1881; ood_score=0.5820,False
mislabel_score,mislabel,0.00-0.05,20,2,train_00202,0.0487755775863478,0,0,train_00302,/home/thkim0/github/AIFFEL_quest_rs/MainQuest/Quest02/outputs/trackB_070102/outliers/mislabel/rank085_mislabel0p049_train_00202_label0_pred0.png,/home/thkim0/github/AIFFEL_quest_rs/MainQuest/Quest02/outputs/trackB_070102/score_bin_sample_exports/mislabel_score/bin_20_0.00_0.05/rank02_mislabel0p0488_train_00202_label0_pred0.png,mislabel_score=0.0488; label=0; pred_label=0; pred_clean=0.7784; pred_dusty=0.2216; confidence=0.5568; disagreement=0.2216; ood_score=0.6047,False
mislabel_score,mislabel,0.00-0.05,20,3,train_00646,0.0486098800928818,0,0,train_01114,/home/thkim0/github/AIFFEL_quest_rs/MainQuest/Quest02/outputs/trackB_070102/outliers/mislabel/rank086_mislabel0p049_train_00646_label0_pred0.png,/home/thkim0/github/AIFFEL_quest_rs/MainQuest/Quest02/outputs/trackB_070102/score_bin_sample_exports/mislabel_score/bin_20_0.00_0.05/rank03_mislabel0p0486_train_00646_label0_pred0.png,mislabel_score=0.0486; label=0; pred_label=0; pred_clean=0.8923; pred_dusty=0.1077; confidence=0.7847; disagreement=0.1077; ood_score=0.4246,False
mislabel_score,mislabel,0.00-0.05,20,4,train_00772,0.0483039753901599,0,0,train_00073,/home/thkim0/github/AIFFEL_quest_rs/MainQuest/Quest02/outputs/trackB_070102/outliers/mislabel/rank087_mislabel0p048_train_00772_label0_pred0.png,/home/thkim0/github/AIFFEL_quest_rs/MainQuest/Quest02/outputs/trackB_070102/score_bin_sample_exports/mislabel_score/bin_20_0.00_0.05/rank04_mislabel0p0483_train_00772_label0_pred0.png,mislabel_score=0.0483; label=0; pred_label=0; pred_clean=0.7099; pred_dusty=0.2901; confidence=0.4198; disagreement=0.2901; ood_score=0.6034,False
mislabel_score,mislabel,0.00-0.05,20,5,train_00281,0.0481100833478455,0,0,train_01193,/home/thkim0/github/AIFFEL_quest_rs/MainQuest/Quest02/outputs/trackB_070102/outliers/mislabel/rank088_mislabel0p048_train_00281_label0_pred0.png,/home/thkim0/github/AIFFEL_quest_rs/MainQuest/Quest02/outputs/trackB_070102/score_bin_sample_exports/mislabel_score/bin_20_0.00_0.05/rank05_mislabel0p0481_train_00281_label0_pred0.png,mislabel_score=0.0481; label=0; pred_label=0; pred_clean=0.8808; pred_dusty=0.1192; confidence=0.7615; disagreement=0.1192; ood_score=0.4701,False
