score_col,rank,id,score,label,pred_label,dup_score,ood_score_v2,mislabel_score_v2_add,mislabel_score_v2_mul,source_path,copied_path
ood_score_v1,1,train_00459,0.9972181551976574,1,1,0.0,1.0,0.0,0.0,/home/thkim0/github/AIFFEL_quest_rs/MainQuest/Quest02/data/RS18B/train/train_00459.jpg,/home/thkim0/github/AIFFEL_quest_rs/MainQuest/Quest02/outputs/trackB_070103_v2_20260701_223101/top50_images/ood_score_v1/rank001_ood_score_v1_0p9972_train_00459_label1_pred1.jpg
ood_score_v1,2,train_00365,0.993411420204978,0,0,0.0,1.0,0.0,0.0,/home/thkim0/github/AIFFEL_quest_rs/MainQuest/Quest02/data/RS18B/train/train_00365.jpg,/home/thkim0/github/AIFFEL_quest_rs/MainQuest/Quest02/outputs/trackB_070103_v2_20260701_223101/top50_images/ood_score_v1/rank002_ood_score_v1_0p9934_train_00365_label0_pred0.jpg
ood_score_v1,3,train_00762,0.9919472913616398,1,1,0.0,1.0,0.0,0.0,/home/thkim0/github/AIFFEL_quest_rs/MainQuest/Quest02/data/RS18B/train/train_00762.jpg,/home/thkim0/github/AIFFEL_quest_rs/MainQuest/Quest02/outputs/trackB_070103_v2_20260701_223101/top50_images/ood_score_v1/rank003_ood_score_v1_0p9919_train_00762_label1_pred1.jpg
ood_score_v1,4,train_00149,0.9913616398243046,0,0,0.0,1.0,0.0,0.0,/home/thkim0/github/AIFFEL_quest_rs/MainQuest/Quest02/data/RS18B/train/train_00149.jpg,/home/thkim0/github/AIFFEL_quest_rs/MainQuest/Quest02/outputs/trackB_070103_v2_20260701_223101/top50_images/ood_score_v1/rank004_ood_score_v1_0p9914_train_00149_label0_pred0.jpg
ood_score_v1,5,train_00314,0.9912152269399708,0,0,0.0,1.0,0.0,0.0,/home/thkim0/github/AIFFEL_quest_rs/MainQuest/Quest02/data/RS18B/train/train_00314.jpg,/home/thkim0/github/AIFFEL_quest_rs/MainQuest/Quest02/outputs/trackB_070103_v2_20260701_223101/top50_images/ood_score_v1/rank005_ood_score_v1_0p9912_train_00314_label0_pred0.jpg
ood_score_v1,6,train_01138,0.9906295754026354,0,0,0.0,1.0,0.0,0.0,/home/thkim0/github/AIFFEL_quest_rs/MainQuest/Quest02/data/RS18B/train/train_01138.jpg,/home/thkim0/github/AIFFEL_quest_rs/MainQuest/Quest02/outputs/trackB_070103_v2_20260701_223101/top50_images/ood_score_v1/rank006_ood_score_v1_0p9906_train_01138_label0_pred0.jpg
ood_score_v1,7,train_00692,0.9893118594436312,0,1,1.0,0.9971509971509985,0.0,0.0,/home/thkim0/github/AIFFEL_quest_rs/MainQuest/Quest02/data/RS18B/train/train_00692.jpg,/home/thkim0/github/AIFFEL_quest_rs/MainQuest/Quest02/outputs/trackB_070103_v2_20260701_223101/top50_images/ood_score_v1/rank007_ood_score_v1_0p9893_train_00692_label0_pred1.jpg
ood_score_v1,8,train_00777,0.9878477306002929,1,1,0.0,0.9645909645909653,0.0,0.0,/home/thkim0/github/AIFFEL_quest_rs/MainQuest/Quest02/data/RS18B/train/train_00777.jpg,/home/thkim0/github/AIFFEL_quest_rs/MainQuest/Quest02/outputs/trackB_070103_v2_20260701_223101/top50_images/ood_score_v1/rank008_ood_score_v1_0p9878_train_00777_label1_pred1.jpg
ood_score_v1,9,train_00020,0.9859443631039532,1,1,0.0,1.0,0.0,0.0,/home/thkim0/github/AIFFEL_quest_rs/MainQuest/Quest02/data/RS18B/train/train_00020.jpg,/home/thkim0/github/AIFFEL_quest_rs/MainQuest/Quest02/outputs/trackB_070103_v2_20260701_223101/top50_images/ood_score_v1/rank009_ood_score_v1_0p9859_train_00020_label1_pred1.jpg
ood_score_v1,10,train_00423,0.985212298682284,1,1,0.0,0.8994708994709001,0.0,0.0,/home/thkim0/github/AIFFEL_quest_rs/MainQuest/Quest02/data/RS18B/train/train_00423.jpg,/home/thkim0/github/AIFFEL_quest_rs/MainQuest/Quest02/outputs/trackB_070103_v2_20260701_223101/top50_images/ood_score_v1/rank010_ood_score_v1_0p9852_train_00423_label1_pred1.jpg
ood_score_v1,11,train_00487,0.9824304538799414,1,1,0.0,0.9727309727309742,0.0,0.0,/home/thkim0/github/AIFFEL_quest_rs/MainQuest/Quest02/data/RS18B/train/train_00487.jpg,/home/thkim0/github/AIFFEL_quest_rs/MainQuest/Quest02/outputs/trackB_070103_v2_20260701_223101/top50_images/ood_score_v1/rank011_ood_score_v1_0p9824_train_00487_label1_pred1.jpg
ood_score_v1,12,train_00325,0.9816983894582724,1,1,0.0,0.8180708180708195,0.00700972848266979,0.007081168844549814,/home/thkim0/github/AIFFEL_quest_rs/MainQuest/Quest02/data/RS18B/train/train_00325.jpg,/home/thkim0/github/AIFFEL_quest_rs/MainQuest/Quest02/outputs/trackB_070103_v2_20260701_223101/top50_images/ood_score_v1/rank012_ood_score_v1_0p9817_train_00325_label1_pred1.jpg
ood_score_v1,13,train_00231,0.9808199121522694,1,1,0.0,0.94831094831095,0.0,0.0,/home/thkim0/github/AIFFEL_quest_rs/MainQuest/Quest02/data/RS18B/train/train_00231.jpg,/home/thkim0/github/AIFFEL_quest_rs/MainQuest/Quest02/outputs/trackB_070103_v2_20260701_223101/top50_images/ood_score_v1/rank013_ood_score_v1_0p9808_train_00231_label1_pred1.jpg
ood_score_v1,14,train_00179,0.980234260614934,0,0,0.0,1.0,0.0,0.0,/home/thkim0/github/AIFFEL_quest_rs/MainQuest/Quest02/data/RS18B/train/train_00179.jpg,/home/thkim0/github/AIFFEL_quest_rs/MainQuest/Quest02/outputs/trackB_070103_v2_20260701_223101/top50_images/ood_score_v1/rank014_ood_score_v1_0p9802_train_00179_label0_pred0.jpg
ood_score_v1,15,train_01208,0.9739385065885798,1,1,0.0,0.6796906796906802,0.008279734949826457,0.0029757979372631712,/home/thkim0/github/AIFFEL_quest_rs/MainQuest/Quest02/data/RS18B/train/train_01208.jpg,/home/thkim0/github/AIFFEL_quest_rs/MainQuest/Quest02/outputs/trackB_070103_v2_20260701_223101/top50_images/ood_score_v1/rank015_ood_score_v1_0p9739_train_01208_label1_pred1.jpg
ood_score_v1,16,train_01307,0.9724743777452416,1,1,0.0,0.7122507122507135,0.0023962419821960193,0.0,/home/thkim0/github/AIFFEL_quest_rs/MainQuest/Quest02/data/RS18B/train/train_01307.jpg,/home/thkim0/github/AIFFEL_quest_rs/MainQuest/Quest02/outputs/trackB_070103_v2_20260701_223101/top50_images/ood_score_v1/rank016_ood_score_v1_0p9725_train_01307_label1_pred1.jpg
ood_score_v1,17,train_00003,0.972181551976574,1,1,0.0,0.8587708587708592,0.0,0.0,/home/thkim0/github/AIFFEL_quest_rs/MainQuest/Quest02/data/RS18B/train/train_00003.jpg,/home/thkim0/github/AIFFEL_quest_rs/MainQuest/Quest02/outputs/trackB_070103_v2_20260701_223101/top50_images/ood_score_v1/rank017_ood_score_v1_0p9722_train_00003_label1_pred1.jpg
ood_score_v1,18,train_01315,0.9701317715959004,1,1,1.0,0.6471306471306482,0.059875732723540485,0.06105299506148016,/home/thkim0/github/AIFFEL_quest_rs/MainQuest/Quest02/data/RS18B/train/train_01315.jpg,/home/thkim0/github/AIFFEL_quest_rs/MainQuest/Quest02/outputs/trackB_070103_v2_20260701_223101/top50_images/ood_score_v1/rank018_ood_score_v1_0p9701_train_01315_label1_pred1.jpg
ood_score_v1,19,train_00226,0.968081991215227,0,0,0.0,1.0,0.0,0.0,/home/thkim0/github/AIFFEL_quest_rs/MainQuest/Quest02/data/RS18B/train/train_00226.jpg,/home/thkim0/github/AIFFEL_quest_rs/MainQuest/Quest02/outputs/trackB_070103_v2_20260701_223101/top50_images/ood_score_v1/rank019_ood_score_v1_0p9681_train_00226_label0_pred0.jpg
ood_score_v1,20,train_00096,0.9677891654465594,1,1,0.0,0.614570614570615,0.06273627299057202,0.06391618864695602,/home/thkim0/github/AIFFEL_quest_rs/MainQuest/Quest02/data/RS18B/train/train_00096.jpg,/home/thkim0/github/AIFFEL_quest_rs/MainQuest/Quest02/outputs/trackB_070103_v2_20260701_223101/top50_images/ood_score_v1/rank020_ood_score_v1_0p9678_train_00096_label1_pred1.jpg
ood_score_v1,21,train_00910,0.9667642752562224,0,0,0.0,1.0,0.0,0.0,/home/thkim0/github/AIFFEL_quest_rs/MainQuest/Quest02/data/RS18B/train/train_00910.jpg,/home/thkim0/github/AIFFEL_quest_rs/MainQuest/Quest02/outputs/trackB_070103_v2_20260701_223101/top50_images/ood_score_v1/rank021_ood_score_v1_0p9668_train_00910_label0_pred0.jpg
ood_score_v1,22,train_00384,0.9663250366032212,0,1,0.0,0.5168905168905178,0.3911436502129207,0.39126812777693437,/home/thkim0/github/AIFFEL_quest_rs/MainQuest/Quest02/data/RS18B/train/train_00384.jpg,/home/thkim0/github/AIFFEL_quest_rs/MainQuest/Quest02/outputs/trackB_070103_v2_20260701_223101/top50_images/ood_score_v1/rank022_ood_score_v1_0p9663_train_00384_label0_pred1.jpg
ood_score_v1,23,train_00058,0.965592972181552,1,1,0.0,0.7692307692307697,0.005550002005606715,0.0052631389558721806,/home/thkim0/github/AIFFEL_quest_rs/MainQuest/Quest02/data/RS18B/train/train_00058.jpg,/home/thkim0/github/AIFFEL_quest_rs/MainQuest/Quest02/outputs/trackB_070103_v2_20260701_223101/top50_images/ood_score_v1/rank023_ood_score_v1_0p9656_train_00058_label1_pred1.jpg
ood_score_v1,24,train_00572,0.9629575402635432,1,1,0.0,0.8506308506308515,0.0,0.0,/home/thkim0/github/AIFFEL_quest_rs/MainQuest/Quest02/data/RS18B/train/train_00572.jpg,/home/thkim0/github/AIFFEL_quest_rs/MainQuest/Quest02/outputs/trackB_070103_v2_20260701_223101/top50_images/ood_score_v1/rank024_ood_score_v1_0p9630_train_00572_label1_pred1.jpg
ood_score_v1,25,train_00562,0.9604685212298684,0,1,0.0,1.0,0.0,0.0,/home/thkim0/github/AIFFEL_quest_rs/MainQuest/Quest02/data/RS18B/train/train_00562.jpg,/home/thkim0/github/AIFFEL_quest_rs/MainQuest/Quest02/outputs/trackB_070103_v2_20260701_223101/top50_images/ood_score_v1/rank025_ood_score_v1_0p9605_train_00562_label0_pred1.jpg
ood_score_v1,26,train_00127,0.9600292825768668,1,1,0.0,0.7041107041107045,0.00324939195225245,0.0,/home/thkim0/github/AIFFEL_quest_rs/MainQuest/Quest02/data/RS18B/train/train_00127.jpg,/home/thkim0/github/AIFFEL_quest_rs/MainQuest/Quest02/outputs/trackB_070103_v2_20260701_223101/top50_images/ood_score_v1/rank026_ood_score_v1_0p9600_train_00127_label1_pred1.jpg
ood_score_v1,27,train_00383,0.9595900439238652,1,1,0.0,0.38665038665038737,0.022064535315027486,0.004858796307759962,/home/thkim0/github/AIFFEL_quest_rs/MainQuest/Quest02/data/RS18B/train/train_00383.jpg,/home/thkim0/github/AIFFEL_quest_rs/MainQuest/Quest02/outputs/trackB_070103_v2_20260701_223101/top50_images/ood_score_v1/rank027_ood_score_v1_0p9596_train_00383_label1_pred1.jpg
ood_score_v1,28,train_01166,0.95900439238653,1,1,0.0,0.4843304843304846,0.005200274957747388,0.0,/home/thkim0/github/AIFFEL_quest_rs/MainQuest/Quest02/data/RS18B/train/train_01166.jpg,/home/thkim0/github/AIFFEL_quest_rs/MainQuest/Quest02/outputs/trackB_070103_v2_20260701_223101/top50_images/ood_score_v1/rank028_ood_score_v1_0p9590_train_01166_label1_pred1.jpg
ood_score_v1,29,train_01048,0.9569546120058564,1,1,0.0,0.3703703703703708,0.10291283064786505,0.1042410255829511,/home/thkim0/github/AIFFEL_quest_rs/MainQuest/Quest02/data/RS18B/train/train_01048.jpg,/home/thkim0/github/AIFFEL_quest_rs/MainQuest/Quest02/outputs/trackB_070103_v2_20260701_223101/top50_images/ood_score_v1/rank029_ood_score_v1_0p9570_train_01048_label1_pred1.jpg
ood_score_v1,30,train_00126,0.9559297218155196,0,1,1.0,0.4761904761904769,0.28123498154904314,0.28475079514145385,/home/thkim0/github/AIFFEL_quest_rs/MainQuest/Quest02/data/RS18B/train/train_00126.jpg,/home/thkim0/github/AIFFEL_quest_rs/MainQuest/Quest02/outputs/trackB_070103_v2_20260701_223101/top50_images/ood_score_v1/rank030_ood_score_v1_0p9559_train_00126_label0_pred1.jpg
ood_score_v1,31,train_00317,0.9535871156661786,1,1,0.0,0.26455026455026465,0.029020124420971457,0.012988281744580877,/home/thkim0/github/AIFFEL_quest_rs/MainQuest/Quest02/data/RS18B/train/train_00317.jpg,/home/thkim0/github/AIFFEL_quest_rs/MainQuest/Quest02/outputs/trackB_070103_v2_20260701_223101/top50_images/ood_score_v1/rank031_ood_score_v1_0p9536_train_00317_label1_pred1.jpg
ood_score_v1,32,train_01141,0.9503660322108346,1,1,0.0,0.34595034595034646,0.14738666053217264,0.1503369675652426,/home/thkim0/github/AIFFEL_quest_rs/MainQuest/Quest02/data/RS18B/train/train_01141.jpg,/home/thkim0/github/AIFFEL_quest_rs/MainQuest/Quest02/outputs/trackB_070103_v2_20260701_223101/top50_images/ood_score_v1/rank032_ood_score_v1_0p9504_train_01141_label1_pred1.jpg
ood_score_v1,33,train_01059,0.949926793557833,1,1,0.0,0.3215303215303222,0.0044429520317060605,0.0,/home/thkim0/github/AIFFEL_quest_rs/MainQuest/Quest02/data/RS18B/train/train_01059.jpg,/home/thkim0/github/AIFFEL_quest_rs/MainQuest/Quest02/outputs/trackB_070103_v2_20260701_223101/top50_images/ood_score_v1/rank033_ood_score_v1_0p9499_train_01059_label1_pred1.jpg
ood_score_v1,34,train_01184,0.9494875549048316,1,1,0.0,0.39479039479039507,0.0029330935510435046,0.0,/home/thkim0/github/AIFFEL_quest_rs/MainQuest/Quest02/data/RS18B/train/train_01184.jpg,/home/thkim0/github/AIFFEL_quest_rs/MainQuest/Quest02/outputs/trackB_070103_v2_20260701_223101/top50_images/ood_score_v1/rank034_ood_score_v1_0p9495_train_01184_label1_pred1.jpg
ood_score_v1,35,train_01003,0.9477306002928256,1,1,0.0,0.801790801790803,0.0011527860008486604,0.0,/home/thkim0/github/AIFFEL_quest_rs/MainQuest/Quest02/data/RS18B/train/train_01003.jpg,/home/thkim0/github/AIFFEL_quest_rs/MainQuest/Quest02/outputs/trackB_070103_v2_20260701_223101/top50_images/ood_score_v1/rank035_ood_score_v1_0p9477_train_01003_label1_pred1.jpg
ood_score_v1,36,train_01154,0.9452415812591508,0,1,0.25,0.22385022385022377,0.3788659253158253,0.37495395164074663,/home/thkim0/github/AIFFEL_quest_rs/MainQuest/Quest02/data/RS18B/train/train_01154.jpg,/home/thkim0/github/AIFFEL_quest_rs/MainQuest/Quest02/outputs/trackB_070103_v2_20260701_223101/top50_images/ood_score_v1/rank036_ood_score_v1_0p9452_train_01154_label0_pred1.jpg
ood_score_v1,37,train_01259,0.9439238653001464,0,0,0.0,0.21571021571021606,1.4452692403627521e-05,0.0,/home/thkim0/github/AIFFEL_quest_rs/MainQuest/Quest02/data/RS18B/train/train_01259.jpg,/home/thkim0/github/AIFFEL_quest_rs/MainQuest/Quest02/outputs/trackB_070103_v2_20260701_223101/top50_images/ood_score_v1/rank037_ood_score_v1_0p9439_train_01259_label0_pred0.jpg
ood_score_v1,38,train_01339,0.942606149341142,1,1,0.0,0.5657305657305663,0.03730651295580715,0.03429707539020467,/home/thkim0/github/AIFFEL_quest_rs/MainQuest/Quest02/data/RS18B/train/train_01339.jpg,/home/thkim0/github/AIFFEL_quest_rs/MainQuest/Quest02/outputs/trackB_070103_v2_20260701_223101/top50_images/ood_score_v1/rank038_ood_score_v1_0p9426_train_01339_label1_pred1.jpg
ood_score_v1,39,train_01205,0.9386530014641288,1,1,0.0,0.6878306878306891,0.00180156485103337,0.0,/home/thkim0/github/AIFFEL_quest_rs/MainQuest/Quest02/data/RS18B/train/train_01205.jpg,/home/thkim0/github/AIFFEL_quest_rs/MainQuest/Quest02/outputs/trackB_070103_v2_20260701_223101/top50_images/ood_score_v1/rank039_ood_score_v1_0p9387_train_01205_label1_pred1.jpg
ood_score_v1,40,train_01361,0.9379209370424596,1,1,0.0,0.0,0.0413190105854118,0.014826837072303435,/home/thkim0/github/AIFFEL_quest_rs/MainQuest/Quest02/data/RS18B/train/train_01361.jpg,/home/thkim0/github/AIFFEL_quest_rs/MainQuest/Quest02/outputs/trackB_070103_v2_20260701_223101/top50_images/ood_score_v1/rank040_ood_score_v1_0p9379_train_01361_label1_pred1.jpg
ood_score_v1,41,train_00187,0.937628111273792,1,1,0.25,0.06105006105006136,0.24136975408610267,0.24561386142836272,/home/thkim0/github/AIFFEL_quest_rs/MainQuest/Quest02/data/RS18B/train/train_00187.jpg,/home/thkim0/github/AIFFEL_quest_rs/MainQuest/Quest02/outputs/trackB_070103_v2_20260701_223101/top50_images/ood_score_v1/rank041_ood_score_v1_0p9376_train_00187_label1_pred1.jpg
ood_score_v1,42,train_00340,0.9357247437774524,0,0,0.0,0.5087505087505089,2.4419769066899515e-06,0.0,/home/thkim0/github/AIFFEL_quest_rs/MainQuest/Quest02/data/RS18B/train/train_00340.jpg,/home/thkim0/github/AIFFEL_quest_rs/MainQuest/Quest02/outputs/trackB_070103_v2_20260701_223101/top50_images/ood_score_v1/rank042_ood_score_v1_0p9357_train_00340_label0_pred0.jpg
ood_score_v1,43,train_01220,0.9357247437774524,0,0,0.0,0.7855107855107863,0.0063185462119236336,0.0025092830462353976,/home/thkim0/github/AIFFEL_quest_rs/MainQuest/Quest02/data/RS18B/train/train_01220.jpg,/home/thkim0/github/AIFFEL_quest_rs/MainQuest/Quest02/outputs/trackB_070103_v2_20260701_223101/top50_images/ood_score_v1/rank043_ood_score_v1_0p9357_train_01220_label0_pred0.jpg
ood_score_v1,44,train_01018,0.9326500732064422,0,0,0.0,0.256410256410257,0.030670879705372824,0.017849042305726277,/home/thkim0/github/AIFFEL_quest_rs/MainQuest/Quest02/data/RS18B/train/train_01018.jpg,/home/thkim0/github/AIFFEL_quest_rs/MainQuest/Quest02/outputs/trackB_070103_v2_20260701_223101/top50_images/ood_score_v1/rank044_ood_score_v1_0p9327_train_01018_label0_pred0.jpg
ood_score_v1,45,train_00273,0.930307467057101,1,1,0.0,0.24013024013024037,0.002729036739765111,0.0,/home/thkim0/github/AIFFEL_quest_rs/MainQuest/Quest02/data/RS18B/train/train_00273.jpg,/home/thkim0/github/AIFFEL_quest_rs/MainQuest/Quest02/outputs/trackB_070103_v2_20260701_223101/top50_images/ood_score_v1/rank045_ood_score_v1_0p9303_train_00273_label1_pred1.jpg
ood_score_v1,46,train_00230,0.9282576866764276,1,1,0.0,0.35409035409035416,0.0038869308613284767,0.0,/home/thkim0/github/AIFFEL_quest_rs/MainQuest/Quest02/data/RS18B/train/train_00230.jpg,/home/thkim0/github/AIFFEL_quest_rs/MainQuest/Quest02/outputs/trackB_070103_v2_20260701_223101/top50_images/ood_score_v1/rank046_ood_score_v1_0p9283_train_00230_label1_pred1.jpg
ood_score_v1,47,train_01218,0.9251830161054172,1,1,0.0,0.16687016687016748,0.014335153532886767,0.0,/home/thkim0/github/AIFFEL_quest_rs/MainQuest/Quest02/data/RS18B/train/train_01218.jpg,/home/thkim0/github/AIFFEL_quest_rs/MainQuest/Quest02/outputs/trackB_070103_v2_20260701_223101/top50_images/ood_score_v1/rank047_ood_score_v1_0p9252_train_01218_label1_pred1.jpg
ood_score_v1,48,train_00846,0.9231332357247438,1,1,0.0,0.2971102971102979,0.003427544465768309,0.0,/home/thkim0/github/AIFFEL_quest_rs/MainQuest/Quest02/data/RS18B/train/train_00846.jpg,/home/thkim0/github/AIFFEL_quest_rs/MainQuest/Quest02/outputs/trackB_070103_v2_20260701_223101/top50_images/ood_score_v1/rank048_ood_score_v1_0p9231_train_00846_label1_pred1.jpg
ood_score_v1,49,train_00076,0.922840409956076,0,0,0.0,0.6227106227106239,0.010813064027656758,0.002284391644406559,/home/thkim0/github/AIFFEL_quest_rs/MainQuest/Quest02/data/RS18B/train/train_00076.jpg,/home/thkim0/github/AIFFEL_quest_rs/MainQuest/Quest02/outputs/trackB_070103_v2_20260701_223101/top50_images/ood_score_v1/rank049_ood_score_v1_0p9228_train_00076_label0_pred0.jpg
ood_score_v1,50,train_00986,0.9218155197657394,1,1,0.0,0.7773707773707786,0.008061151493938254,0.005907927665051453,/home/thkim0/github/AIFFEL_quest_rs/MainQuest/Quest02/data/RS18B/train/train_00986.jpg,/home/thkim0/github/AIFFEL_quest_rs/MainQuest/Quest02/outputs/trackB_070103_v2_20260701_223101/top50_images/ood_score_v1/rank050_ood_score_v1_0p9218_train_00986_label1_pred1.jpg
ood_score_v2,1,train_00179,1.0,0,0,0.0,1.0,0.0,0.0,/home/thkim0/github/AIFFEL_quest_rs/MainQuest/Quest02/data/RS18B/train/train_00179.jpg,/home/thkim0/github/AIFFEL_quest_rs/MainQuest/Quest02/outputs/trackB_070103_v2_20260701_223101/top50_images/ood_score_v2/rank001_ood_score_v2_1p0000_train_00179_label0_pred0.jpg
ood_score_v2,2,train_00012,1.0,1,0,0.0,1.0,0.0,0.0,/home/thkim0/github/AIFFEL_quest_rs/MainQuest/Quest02/data/RS18B/train/train_00012.jpg,/home/thkim0/github/AIFFEL_quest_rs/MainQuest/Quest02/outputs/trackB_070103_v2_20260701_223101/top50_images/ood_score_v2/rank002_ood_score_v2_1p0000_train_00012_label1_pred0.jpg
ood_score_v2,3,train_00365,1.0,0,0,0.0,1.0,0.0,0.0,/home/thkim0/github/AIFFEL_quest_rs/MainQuest/Quest02/data/RS18B/train/train_00365.jpg,/home/thkim0/github/AIFFEL_quest_rs/MainQuest/Quest02/outputs/trackB_070103_v2_20260701_223101/top50_images/ood_score_v2/rank003_ood_score_v2_1p0000_train_00365_label0_pred0.jpg
ood_score_v2,4,train_00204,1.0,0,0,0.0,1.0,0.0,0.0,/home/thkim0/github/AIFFEL_quest_rs/MainQuest/Quest02/data/RS18B/train/train_00204.jpg,/home/thkim0/github/AIFFEL_quest_rs/MainQuest/Quest02/outputs/trackB_070103_v2_20260701_223101/top50_images/ood_score_v2/rank004_ood_score_v2_1p0000_train_00204_label0_pred0.jpg
ood_score_v2,5,train_01138,1.0,0,0,0.0,1.0,0.0,0.0,/home/thkim0/github/AIFFEL_quest_rs/MainQuest/Quest02/data/RS18B/train/train_01138.jpg,/home/thkim0/github/AIFFEL_quest_rs/MainQuest/Quest02/outputs/trackB_070103_v2_20260701_223101/top50_images/ood_score_v2/rank005_ood_score_v2_1p0000_train_01138_label0_pred0.jpg
ood_score_v2,6,train_00459,1.0,1,1,0.0,1.0,0.0,0.0,/home/thkim0/github/AIFFEL_quest_rs/MainQuest/Quest02/data/RS18B/train/train_00459.jpg,/home/thkim0/github/AIFFEL_quest_rs/MainQuest/Quest02/outputs/trackB_070103_v2_20260701_223101/top50_images/ood_score_v2/rank006_ood_score_v2_1p0000_train_00459_label1_pred1.jpg
ood_score_v2,7,train_00910,1.0,0,0,0.0,1.0,0.0,0.0,/home/thkim0/github/AIFFEL_quest_rs/MainQuest/Quest02/data/RS18B/train/train_00910.jpg,/home/thkim0/github/AIFFEL_quest_rs/MainQuest/Quest02/outputs/trackB_070103_v2_20260701_223101/top50_images/ood_score_v2/rank007_ood_score_v2_1p0000_train_00910_label0_pred0.jpg
ood_score_v2,8,train_00562,1.0,0,1,0.0,1.0,0.0,0.0,/home/thkim0/github/AIFFEL_quest_rs/MainQuest/Quest02/data/RS18B/train/train_00562.jpg,/home/thkim0/github/AIFFEL_quest_rs/MainQuest/Quest02/outputs/trackB_070103_v2_20260701_223101/top50_images/ood_score_v2/rank008_ood_score_v2_1p0000_train_00562_label0_pred1.jpg
ood_score_v2,9,train_00020,1.0,1,1,0.0,1.0,0.0,0.0,/home/thkim0/github/AIFFEL_quest_rs/MainQuest/Quest02/data/RS18B/train/train_00020.jpg,/home/thkim0/github/AIFFEL_quest_rs/MainQuest/Quest02/outputs/trackB_070103_v2_20260701_223101/top50_images/ood_score_v2/rank009_ood_score_v2_1p0000_train_00020_label1_pred1.jpg
ood_score_v2,10,train_00314,1.0,0,0,0.0,1.0,0.0,0.0,/home/thkim0/github/AIFFEL_quest_rs/MainQuest/Quest02/data/RS18B/train/train_00314.jpg,/home/thkim0/github/AIFFEL_quest_rs/MainQuest/Quest02/outputs/trackB_070103_v2_20260701_223101/top50_images/ood_score_v2/rank010_ood_score_v2_1p0000_train_00314_label0_pred0.jpg
ood_score_v2,11,train_00149,1.0,0,0,0.0,1.0,0.0,0.0,/home/thkim0/github/AIFFEL_quest_rs/MainQuest/Quest02/data/RS18B/train/train_00149.jpg,/home/thkim0/github/AIFFEL_quest_rs/MainQuest/Quest02/outputs/trackB_070103_v2_20260701_223101/top50_images/ood_score_v2/rank011_ood_score_v2_1p0000_train_00149_label0_pred0.jpg
ood_score_v2,12,train_00226,1.0,0,0,0.0,1.0,0.0,0.0,/home/thkim0/github/AIFFEL_quest_rs/MainQuest/Quest02/data/RS18B/train/train_00226.jpg,/home/thkim0/github/AIFFEL_quest_rs/MainQuest/Quest02/outputs/trackB_070103_v2_20260701_223101/top50_images/ood_score_v2/rank012_ood_score_v2_1p0000_train_00226_label0_pred0.jpg
ood_score_v2,13,train_00762,1.0,1,1,0.0,1.0,0.0,0.0,/home/thkim0/github/AIFFEL_quest_rs/MainQuest/Quest02/data/RS18B/train/train_00762.jpg,/home/thkim0/github/AIFFEL_quest_rs/MainQuest/Quest02/outputs/trackB_070103_v2_20260701_223101/top50_images/ood_score_v2/rank013_ood_score_v2_1p0000_train_00762_label1_pred1.jpg
ood_score_v2,14,train_00742,1.0,1,0,0.0,1.0,0.0,0.0,/home/thkim0/github/AIFFEL_quest_rs/MainQuest/Quest02/data/RS18B/train/train_00742.jpg,/home/thkim0/github/AIFFEL_quest_rs/MainQuest/Quest02/outputs/trackB_070103_v2_20260701_223101/top50_images/ood_score_v2/rank014_ood_score_v2_1p0000_train_00742_label1_pred0.jpg
ood_score_v2,15,train_00692,0.9971509971509985,0,1,1.0,0.9971509971509985,0.0,0.0,/home/thkim0/github/AIFFEL_quest_rs/MainQuest/Quest02/data/RS18B/train/train_00692.jpg,/home/thkim0/github/AIFFEL_quest_rs/MainQuest/Quest02/outputs/trackB_070103_v2_20260701_223101/top50_images/ood_score_v2/rank015_ood_score_v2_0p9972_train_00692_label0_pred1.jpg
ood_score_v2,16,train_00931,0.9890109890109896,0,0,0.0,0.9890109890109896,0.0,0.0,/home/thkim0/github/AIFFEL_quest_rs/MainQuest/Quest02/data/RS18B/train/train_00931.jpg,/home/thkim0/github/AIFFEL_quest_rs/MainQuest/Quest02/outputs/trackB_070103_v2_20260701_223101/top50_images/ood_score_v2/rank016_ood_score_v2_0p9890_train_00931_label0_pred0.jpg
ood_score_v2,17,train_01242,0.9808709808709819,0,0,0.0,0.9808709808709819,0.0,0.0,/home/thkim0/github/AIFFEL_quest_rs/MainQuest/Quest02/data/RS18B/train/train_01242.jpg,/home/thkim0/github/AIFFEL_quest_rs/MainQuest/Quest02/outputs/trackB_070103_v2_20260701_223101/top50_images/ood_score_v2/rank017_ood_score_v2_0p9809_train_01242_label0_pred0.jpg
ood_score_v2,18,train_00487,0.9727309727309742,1,1,0.0,0.9727309727309742,0.0,0.0,/home/thkim0/github/AIFFEL_quest_rs/MainQuest/Quest02/data/RS18B/train/train_00487.jpg,/home/thkim0/github/AIFFEL_quest_rs/MainQuest/Quest02/outputs/trackB_070103_v2_20260701_223101/top50_images/ood_score_v2/rank018_ood_score_v2_0p9727_train_00487_label1_pred1.jpg
ood_score_v2,19,train_00777,0.9645909645909653,1,1,0.0,0.9645909645909653,0.0,0.0,/home/thkim0/github/AIFFEL_quest_rs/MainQuest/Quest02/data/RS18B/train/train_00777.jpg,/home/thkim0/github/AIFFEL_quest_rs/MainQuest/Quest02/outputs/trackB_070103_v2_20260701_223101/top50_images/ood_score_v2/rank019_ood_score_v2_0p9646_train_00777_label1_pred1.jpg
ood_score_v2,20,train_01283,0.9564509564509577,1,1,0.0,0.9564509564509577,0.0,0.0,/home/thkim0/github/AIFFEL_quest_rs/MainQuest/Quest02/data/RS18B/train/train_01283.jpg,/home/thkim0/github/AIFFEL_quest_rs/MainQuest/Quest02/outputs/trackB_070103_v2_20260701_223101/top50_images/ood_score_v2/rank020_ood_score_v2_0p9565_train_01283_label1_pred1.jpg
ood_score_v2,21,train_00231,0.94831094831095,1,1,0.0,0.94831094831095,0.0,0.0,/home/thkim0/github/AIFFEL_quest_rs/MainQuest/Quest02/data/RS18B/train/train_00231.jpg,/home/thkim0/github/AIFFEL_quest_rs/MainQuest/Quest02/outputs/trackB_070103_v2_20260701_223101/top50_images/ood_score_v2/rank021_ood_score_v2_0p9483_train_00231_label1_pred1.jpg
ood_score_v2,22,train_01113,0.940170940170941,0,1,0.0,0.940170940170941,0.0,0.0,/home/thkim0/github/AIFFEL_quest_rs/MainQuest/Quest02/data/RS18B/train/train_01113.jpg,/home/thkim0/github/AIFFEL_quest_rs/MainQuest/Quest02/outputs/trackB_070103_v2_20260701_223101/top50_images/ood_score_v2/rank022_ood_score_v2_0p9402_train_01113_label0_pred1.jpg
ood_score_v2,23,train_00990,0.9320309320309333,1,0,0.0,0.9320309320309333,0.0,0.0,/home/thkim0/github/AIFFEL_quest_rs/MainQuest/Quest02/data/RS18B/train/train_00990.jpg,/home/thkim0/github/AIFFEL_quest_rs/MainQuest/Quest02/outputs/trackB_070103_v2_20260701_223101/top50_images/ood_score_v2/rank023_ood_score_v2_0p9320_train_00990_label1_pred0.jpg
ood_score_v2,24,train_00834,0.9238909238909244,0,0,0.0,0.9238909238909244,0.0,0.0,/home/thkim0/github/AIFFEL_quest_rs/MainQuest/Quest02/data/RS18B/train/train_00834.jpg,/home/thkim0/github/AIFFEL_quest_rs/MainQuest/Quest02/outputs/trackB_070103_v2_20260701_223101/top50_images/ood_score_v2/rank024_ood_score_v2_0p9239_train_00834_label0_pred0.jpg
ood_score_v2,25,train_01223,0.9157509157509167,1,1,0.0,0.9157509157509167,0.0,0.0,/home/thkim0/github/AIFFEL_quest_rs/MainQuest/Quest02/data/RS18B/train/train_01223.jpg,/home/thkim0/github/AIFFEL_quest_rs/MainQuest/Quest02/outputs/trackB_070103_v2_20260701_223101/top50_images/ood_score_v2/rank025_ood_score_v2_0p9158_train_01223_label1_pred1.jpg
ood_score_v2,26,train_00901,0.907610907610909,0,0,0.0,0.907610907610909,0.0,0.0,/home/thkim0/github/AIFFEL_quest_rs/MainQuest/Quest02/data/RS18B/train/train_00901.jpg,/home/thkim0/github/AIFFEL_quest_rs/MainQuest/Quest02/outputs/trackB_070103_v2_20260701_223101/top50_images/ood_score_v2/rank026_ood_score_v2_0p9076_train_00901_label0_pred0.jpg
ood_score_v2,27,train_00423,0.8994708994709001,1,1,0.0,0.8994708994709001,0.0,0.0,/home/thkim0/github/AIFFEL_quest_rs/MainQuest/Quest02/data/RS18B/train/train_00423.jpg,/home/thkim0/github/AIFFEL_quest_rs/MainQuest/Quest02/outputs/trackB_070103_v2_20260701_223101/top50_images/ood_score_v2/rank027_ood_score_v2_0p8995_train_00423_label1_pred1.jpg
ood_score_v2,28,train_00051,0.8913308913308924,0,0,0.0,0.8913308913308924,0.0,0.0,/home/thkim0/github/AIFFEL_quest_rs/MainQuest/Quest02/data/RS18B/train/train_00051.jpg,/home/thkim0/github/AIFFEL_quest_rs/MainQuest/Quest02/outputs/trackB_070103_v2_20260701_223101/top50_images/ood_score_v2/rank028_ood_score_v2_0p8913_train_00051_label0_pred0.jpg
ood_score_v2,29,train_00587,0.8831908831908848,0,0,0.0,0.8831908831908848,0.0,0.0,/home/thkim0/github/AIFFEL_quest_rs/MainQuest/Quest02/data/RS18B/train/train_00587.jpg,/home/thkim0/github/AIFFEL_quest_rs/MainQuest/Quest02/outputs/trackB_070103_v2_20260701_223101/top50_images/ood_score_v2/rank029_ood_score_v2_0p8832_train_00587_label0_pred0.jpg
ood_score_v2,30,train_00973,0.8750508750508759,0,0,0.0,0.8750508750508759,0.0,0.0,/home/thkim0/github/AIFFEL_quest_rs/MainQuest/Quest02/data/RS18B/train/train_00973.jpg,/home/thkim0/github/AIFFEL_quest_rs/MainQuest/Quest02/outputs/trackB_070103_v2_20260701_223101/top50_images/ood_score_v2/rank030_ood_score_v2_0p8751_train_00973_label0_pred0.jpg
ood_score_v2,31,train_00726,0.8669108669108682,0,0,0.0,0.8669108669108682,0.0,0.0,/home/thkim0/github/AIFFEL_quest_rs/MainQuest/Quest02/data/RS18B/train/train_00726.jpg,/home/thkim0/github/AIFFEL_quest_rs/MainQuest/Quest02/outputs/trackB_070103_v2_20260701_223101/top50_images/ood_score_v2/rank031_ood_score_v2_0p8669_train_00726_label0_pred0.jpg
ood_score_v2,32,train_00003,0.8587708587708592,1,1,0.0,0.8587708587708592,0.0,0.0,/home/thkim0/github/AIFFEL_quest_rs/MainQuest/Quest02/data/RS18B/train/train_00003.jpg,/home/thkim0/github/AIFFEL_quest_rs/MainQuest/Quest02/outputs/trackB_070103_v2_20260701_223101/top50_images/ood_score_v2/rank032_ood_score_v2_0p8588_train_00003_label1_pred1.jpg
ood_score_v2,33,train_00572,0.8506308506308515,1,1,0.0,0.8506308506308515,0.0,0.0,/home/thkim0/github/AIFFEL_quest_rs/MainQuest/Quest02/data/RS18B/train/train_00572.jpg,/home/thkim0/github/AIFFEL_quest_rs/MainQuest/Quest02/outputs/trackB_070103_v2_20260701_223101/top50_images/ood_score_v2/rank033_ood_score_v2_0p8506_train_00572_label1_pred1.jpg
ood_score_v2,34,train_00434,0.8424908424908438,0,1,0.0,0.8424908424908438,0.005419608202768791,0.005526190969935408,/home/thkim0/github/AIFFEL_quest_rs/MainQuest/Quest02/data/RS18B/train/train_00434.jpg,/home/thkim0/github/AIFFEL_quest_rs/MainQuest/Quest02/outputs/trackB_070103_v2_20260701_223101/top50_images/ood_score_v2/rank034_ood_score_v2_0p8425_train_00434_label0_pred1.jpg
ood_score_v2,35,train_00101,0.8343508343508349,0,0,0.0,0.8343508343508349,0.0012632444477231237,0.001271419295617215,/home/thkim0/github/AIFFEL_quest_rs/MainQuest/Quest02/data/RS18B/train/train_00101.jpg,/home/thkim0/github/AIFFEL_quest_rs/MainQuest/Quest02/outputs/trackB_070103_v2_20260701_223101/top50_images/ood_score_v2/rank035_ood_score_v2_0p8344_train_00101_label0_pred0.jpg
ood_score_v2,36,train_00319,0.8262108262108272,0,0,0.0,0.8262108262108272,0.010757408879726817,0.010633982184810294,/home/thkim0/github/AIFFEL_quest_rs/MainQuest/Quest02/data/RS18B/train/train_00319.jpg,/home/thkim0/github/AIFFEL_quest_rs/MainQuest/Quest02/outputs/trackB_070103_v2_20260701_223101/top50_images/ood_score_v2/rank036_ood_score_v2_0p8262_train_00319_label0_pred0.jpg
ood_score_v2,37,train_00325,0.8180708180708195,1,1,0.0,0.8180708180708195,0.00700972848266979,0.007081168844549814,/home/thkim0/github/AIFFEL_quest_rs/MainQuest/Quest02/data/RS18B/train/train_00325.jpg,/home/thkim0/github/AIFFEL_quest_rs/MainQuest/Quest02/outputs/trackB_070103_v2_20260701_223101/top50_images/ood_score_v2/rank037_ood_score_v2_0p8181_train_00325_label1_pred1.jpg
ood_score_v2,38,train_00978,0.8099308099308106,0,0,0.0,0.8099308099308106,4.446332958039844e-05,0.0,/home/thkim0/github/AIFFEL_quest_rs/MainQuest/Quest02/data/RS18B/train/train_00978.jpg,/home/thkim0/github/AIFFEL_quest_rs/MainQuest/Quest02/outputs/trackB_070103_v2_20260701_223101/top50_images/ood_score_v2/rank038_ood_score_v2_0p8099_train_00978_label0_pred0.jpg
ood_score_v2,39,train_01003,0.801790801790803,1,1,0.0,0.801790801790803,0.0011527860008486604,0.0,/home/thkim0/github/AIFFEL_quest_rs/MainQuest/Quest02/data/RS18B/train/train_01003.jpg,/home/thkim0/github/AIFFEL_quest_rs/MainQuest/Quest02/outputs/trackB_070103_v2_20260701_223101/top50_images/ood_score_v2/rank039_ood_score_v2_0p8018_train_01003_label1_pred1.jpg
ood_score_v2,40,train_01046,0.793650793650794,0,0,0.0,0.793650793650794,0.021225564646352536,0.020979216182315474,/home/thkim0/github/AIFFEL_quest_rs/MainQuest/Quest02/data/RS18B/train/train_01046.jpg,/home/thkim0/github/AIFFEL_quest_rs/MainQuest/Quest02/outputs/trackB_070103_v2_20260701_223101/top50_images/ood_score_v2/rank040_ood_score_v2_0p7937_train_01046_label0_pred0.jpg
ood_score_v2,41,train_01220,0.7855107855107863,0,0,0.0,0.7855107855107863,0.0063185462119236336,0.0025092830462353976,/home/thkim0/github/AIFFEL_quest_rs/MainQuest/Quest02/data/RS18B/train/train_01220.jpg,/home/thkim0/github/AIFFEL_quest_rs/MainQuest/Quest02/outputs/trackB_070103_v2_20260701_223101/top50_images/ood_score_v2/rank041_ood_score_v2_0p7855_train_01220_label0_pred0.jpg
ood_score_v2,42,train_00986,0.7773707773707786,1,1,0.0,0.7773707773707786,0.008061151493938254,0.005907927665051453,/home/thkim0/github/AIFFEL_quest_rs/MainQuest/Quest02/data/RS18B/train/train_00986.jpg,/home/thkim0/github/AIFFEL_quest_rs/MainQuest/Quest02/outputs/trackB_070103_v2_20260701_223101/top50_images/ood_score_v2/rank042_ood_score_v2_0p7774_train_00986_label1_pred1.jpg
ood_score_v2,43,train_00058,0.7692307692307697,1,1,0.0,0.7692307692307697,0.005550002005606715,0.0052631389558721806,/home/thkim0/github/AIFFEL_quest_rs/MainQuest/Quest02/data/RS18B/train/train_00058.jpg,/home/thkim0/github/AIFFEL_quest_rs/MainQuest/Quest02/outputs/trackB_070103_v2_20260701_223101/top50_images/ood_score_v2/rank043_ood_score_v2_0p7692_train_00058_label1_pred1.jpg
ood_score_v2,44,train_00248,0.761090761090762,0,0,0.0,0.761090761090762,0.0009954097302864635,0.0,/home/thkim0/github/AIFFEL_quest_rs/MainQuest/Quest02/data/RS18B/train/train_00248.jpg,/home/thkim0/github/AIFFEL_quest_rs/MainQuest/Quest02/outputs/trackB_070103_v2_20260701_223101/top50_images/ood_score_v2/rank044_ood_score_v2_0p7611_train_00248_label0_pred0.jpg
ood_score_v2,45,train_00774,0.7529507529507543,1,1,0.0,0.7529507529507543,0.0028618500089281104,0.0,/home/thkim0/github/AIFFEL_quest_rs/MainQuest/Quest02/data/RS18B/train/train_00774.jpg,/home/thkim0/github/AIFFEL_quest_rs/MainQuest/Quest02/outputs/trackB_070103_v2_20260701_223101/top50_images/ood_score_v2/rank045_ood_score_v2_0p7530_train_00774_label1_pred1.jpg
ood_score_v2,46,train_01245,0.7448107448107454,0,0,0.0,0.7448107448107454,0.012817814330546944,0.010970644243459384,/home/thkim0/github/AIFFEL_quest_rs/MainQuest/Quest02/data/RS18B/train/train_01245.jpg,/home/thkim0/github/AIFFEL_quest_rs/MainQuest/Quest02/outputs/trackB_070103_v2_20260701_223101/top50_images/ood_score_v2/rank046_ood_score_v2_0p7448_train_01245_label0_pred0.jpg
ood_score_v2,47,train_00955,0.7366707366707377,0,1,0.0,0.7366707366707377,0.07905073214673174,0.0804258565880522,/home/thkim0/github/AIFFEL_quest_rs/MainQuest/Quest02/data/RS18B/train/train_00955.jpg,/home/thkim0/github/AIFFEL_quest_rs/MainQuest/Quest02/outputs/trackB_070103_v2_20260701_223101/top50_images/ood_score_v2/rank047_ood_score_v2_0p7367_train_00955_label0_pred1.jpg
ood_score_v2,48,train_00070,0.7285307285307288,0,0,0.0,0.7285307285307288,0.0007527182141136659,0.0,/home/thkim0/github/AIFFEL_quest_rs/MainQuest/Quest02/data/RS18B/train/train_00070.jpg,/home/thkim0/github/AIFFEL_quest_rs/MainQuest/Quest02/outputs/trackB_070103_v2_20260701_223101/top50_images/ood_score_v2/rank048_ood_score_v2_0p7285_train_00070_label0_pred0.jpg
ood_score_v2,49,train_00478,0.7203907203907212,0,0,0.0,0.7203907203907212,0.019624712905020967,0.018539963086114046,/home/thkim0/github/AIFFEL_quest_rs/MainQuest/Quest02/data/RS18B/train/train_00478.jpg,/home/thkim0/github/AIFFEL_quest_rs/MainQuest/Quest02/outputs/trackB_070103_v2_20260701_223101/top50_images/ood_score_v2/rank049_ood_score_v2_0p7204_train_00478_label0_pred0.jpg
ood_score_v2,50,train_01307,0.7122507122507135,1,1,0.0,0.7122507122507135,0.0023962419821960193,0.0,/home/thkim0/github/AIFFEL_quest_rs/MainQuest/Quest02/data/RS18B/train/train_01307.jpg,/home/thkim0/github/AIFFEL_quest_rs/MainQuest/Quest02/outputs/trackB_070103_v2_20260701_223101/top50_images/ood_score_v2/rank050_ood_score_v2_0p7123_train_01307_label1_pred1.jpg
mislabel_score_v1,1,train_00389,0.9192474484597984,1,0,0.0,0.0,0.9993930623781153,0.9994940906763075,/home/thkim0/github/AIFFEL_quest_rs/MainQuest/Quest02/data/RS18B/train/train_00389.jpg,/home/thkim0/github/AIFFEL_quest_rs/MainQuest/Quest02/outputs/trackB_070103_v2_20260701_223101/top50_images/mislabel_score_v1/rank001_mislabel_score_v1_0p9192_train_00389_label1_pred0.jpg
mislabel_score_v1,2,train_01319,0.7353146561675866,1,0,0.0,0.0,0.9946678306099074,0.9955466091632839,/home/thkim0/github/AIFFEL_quest_rs/MainQuest/Quest02/data/RS18B/train/train_01319.jpg,/home/thkim0/github/AIFFEL_quest_rs/MainQuest/Quest02/outputs/trackB_070103_v2_20260701_223101/top50_images/mislabel_score_v1/rank002_mislabel_score_v1_0p7353_train_01319_label1_pred0.jpg
mislabel_score_v1,3,train_00591,0.699752264218558,1,0,0.0,0.0,0.9586075621560666,0.9475818398608639,/home/thkim0/github/AIFFEL_quest_rs/MainQuest/Quest02/data/RS18B/train/train_00591.jpg,/home/thkim0/github/AIFFEL_quest_rs/MainQuest/Quest02/outputs/trackB_070103_v2_20260701_223101/top50_images/mislabel_score_v1/rank003_mislabel_score_v1_0p6998_train_00591_label1_pred0.jpg
mislabel_score_v1,4,train_00261,0.6747655880205555,1,0,0.5625,0.0,0.9999695304924301,0.9999746084213256,/home/thkim0/github/AIFFEL_quest_rs/MainQuest/Quest02/data/RS18B/train/train_00261.jpg,/home/thkim0/github/AIFFEL_quest_rs/MainQuest/Quest02/outputs/trackB_070103_v2_20260701_223101/top50_images/mislabel_score_v1/rank004_mislabel_score_v1_0p6748_train_00261_label1_pred0.jpg
mislabel_score_v1,5,train_00912,0.6116531263549411,0,1,0.0,0.0,0.9309838668812518,0.940730094909668,/home/thkim0/github/AIFFEL_quest_rs/MainQuest/Quest02/data/RS18B/train/train_00912.jpg,/home/thkim0/github/AIFFEL_quest_rs/MainQuest/Quest02/outputs/trackB_070103_v2_20260701_223101/top50_images/mislabel_score_v1/rank005_mislabel_score_v1_0p6117_train_00912_label0_pred1.jpg
mislabel_score_v1,6,train_00964,0.5749701706132307,0,1,0.0,0.0,0.8398288721921914,0.8483768668983656,/home/thkim0/github/AIFFEL_quest_rs/MainQuest/Quest02/data/RS18B/train/train_00964.jpg,/home/thkim0/github/AIFFEL_quest_rs/MainQuest/Quest02/outputs/trackB_070103_v2_20260701_223101/top50_images/mislabel_score_v1/rank006_mislabel_score_v1_0p5750_train_00964_label0_pred1.jpg
mislabel_score_v1,7,train_01133,0.5610013676371365,1,0,0.0,0.0,0.997265820420267,0.9977189153432836,/home/thkim0/github/AIFFEL_quest_rs/MainQuest/Quest02/data/RS18B/train/train_01133.jpg,/home/thkim0/github/AIFFEL_quest_rs/MainQuest/Quest02/outputs/trackB_070103_v2_20260701_223101/top50_images/mislabel_score_v1/rank007_mislabel_score_v1_0p5610_train_01133_label1_pred0.jpg
mislabel_score_v1,8,train_01009,0.5522206405779543,1,0,0.0,0.0,0.9957652987814647,0.9964648336172103,/home/thkim0/github/AIFFEL_quest_rs/MainQuest/Quest02/data/RS18B/train/train_01009.jpg,/home/thkim0/github/AIFFEL_quest_rs/MainQuest/Quest02/outputs/trackB_070103_v2_20260701_223101/top50_images/mislabel_score_v1/rank008_mislabel_score_v1_0p5522_train_01009_label1_pred0.jpg
mislabel_score_v1,9,train_00006,0.5436001268569136,1,0,0.0,0.0,0.9329468907931278,0.927049263086753,/home/thkim0/github/AIFFEL_quest_rs/MainQuest/Quest02/data/RS18B/train/train_00006.jpg,/home/thkim0/github/AIFFEL_quest_rs/MainQuest/Quest02/outputs/trackB_070103_v2_20260701_223101/top50_images/mislabel_score_v1/rank009_mislabel_score_v1_0p5436_train_00006_label1_pred0.jpg
mislabel_score_v1,10,train_00199,0.543056112348924,1,0,0.0,0.0,0.9040937197179231,0.9034049920035225,/home/thkim0/github/AIFFEL_quest_rs/MainQuest/Quest02/data/RS18B/train/train_00199.jpg,/home/thkim0/github/AIFFEL_quest_rs/MainQuest/Quest02/outputs/trackB_070103_v2_20260701_223101/top50_images/mislabel_score_v1/rank010_mislabel_score_v1_0p5431_train_00199_label1_pred0.jpg
mislabel_score_v1,11,train_01265,0.5146436031548406,1,0,0.0,0.0,0.9587536889067578,0.9476974904262101,/home/thkim0/github/AIFFEL_quest_rs/MainQuest/Quest02/data/RS18B/train/train_01265.jpg,/home/thkim0/github/AIFFEL_quest_rs/MainQuest/Quest02/outputs/trackB_070103_v2_20260701_223101/top50_images/mislabel_score_v1/rank011_mislabel_score_v1_0p5146_train_01265_label1_pred0.jpg
mislabel_score_v1,12,train_01102,0.508709884439445,1,0,0.0,0.0,0.9783150186520287,0.9817628860473632,/home/thkim0/github/AIFFEL_quest_rs/MainQuest/Quest02/data/RS18B/train/train_01102.jpg,/home/thkim0/github/AIFFEL_quest_rs/MainQuest/Quest02/outputs/trackB_070103_v2_20260701_223101/top50_images/mislabel_score_v1/rank012_mislabel_score_v1_0p5087_train_01102_label1_pred0.jpg
mislabel_score_v1,13,train_00784,0.5014233346332196,1,0,1.0,0.0,0.959734025873763,0.948473003733182,/home/thkim0/github/AIFFEL_quest_rs/MainQuest/Quest02/data/RS18B/train/train_00784.jpg,/home/thkim0/github/AIFFEL_quest_rs/MainQuest/Quest02/outputs/trackB_070103_v2_20260701_223101/top50_images/mislabel_score_v1/rank013_mislabel_score_v1_0p5014_train_00784_label1_pred0.jpg
mislabel_score_v1,14,train_00235,0.4964713918224586,1,0,0.0,0.0,0.9989292217634589,0.9991072863340377,/home/thkim0/github/AIFFEL_quest_rs/MainQuest/Quest02/data/RS18B/train/train_00235.jpg,/home/thkim0/github/AIFFEL_quest_rs/MainQuest/Quest02/outputs/trackB_070103_v2_20260701_223101/top50_images/mislabel_score_v1/rank014_mislabel_score_v1_0p4965_train_00235_label1_pred0.jpg
mislabel_score_v1,15,train_00975,0.4867463372861879,1,0,0.0,0.0,0.9661699858465795,0.9713993221521376,/home/thkim0/github/AIFFEL_quest_rs/MainQuest/Quest02/data/RS18B/train/train_00975.jpg,/home/thkim0/github/AIFFEL_quest_rs/MainQuest/Quest02/outputs/trackB_070103_v2_20260701_223101/top50_images/mislabel_score_v1/rank015_mislabel_score_v1_0p4867_train_00975_label1_pred0.jpg
mislabel_score_v1,16,train_00597,0.4838753640976415,1,0,1.0,0.0,0.9417983017492537,0.934182772600673,/home/thkim0/github/AIFFEL_quest_rs/MainQuest/Quest02/data/RS18B/train/train_00597.jpg,/home/thkim0/github/AIFFEL_quest_rs/MainQuest/Quest02/outputs/trackB_070103_v2_20260701_223101/top50_images/mislabel_score_v1/rank016_mislabel_score_v1_0p4839_train_00597_label1_pred0.jpg
mislabel_score_v1,17,train_01119,0.4651763028663734,0,1,0.0,0.0,0.9956579134516482,0.9963750243186952,/home/thkim0/github/AIFFEL_quest_rs/MainQuest/Quest02/data/RS18B/train/train_01119.jpg,/home/thkim0/github/AIFFEL_quest_rs/MainQuest/Quest02/outputs/trackB_070103_v2_20260701_223101/top50_images/mislabel_score_v1/rank017_mislabel_score_v1_0p4652_train_01119_label0_pred1.jpg
mislabel_score_v1,18,train_00816,0.4610642766402703,1,0,0.0,0.0,0.9078570492479179,0.9065238959188427,/home/thkim0/github/AIFFEL_quest_rs/MainQuest/Quest02/data/RS18B/train/train_00816.jpg,/home/thkim0/github/AIFFEL_quest_rs/MainQuest/Quest02/outputs/trackB_070103_v2_20260701_223101/top50_images/mislabel_score_v1/rank018_mislabel_score_v1_0p4611_train_00816_label1_pred0.jpg
mislabel_score_v1,19,train_00518,0.4457400584958202,0,1,0.0,0.0,0.954422328437667,0.9612685441970824,/home/thkim0/github/AIFFEL_quest_rs/MainQuest/Quest02/data/RS18B/train/train_00518.jpg,/home/thkim0/github/AIFFEL_quest_rs/MainQuest/Quest02/outputs/trackB_070103_v2_20260701_223101/top50_images/mislabel_score_v1/rank019_mislabel_score_v1_0p4457_train_00518_label0_pred1.jpg
mislabel_score_v1,20,train_00302,0.4392252334343358,1,0,0.0,0.0,0.8360613697555672,0.8295069778734572,/home/thkim0/github/AIFFEL_quest_rs/MainQuest/Quest02/data/RS18B/train/train_00302.jpg,/home/thkim0/github/AIFFEL_quest_rs/MainQuest/Quest02/outputs/trackB_070103_v2_20260701_223101/top50_images/mislabel_score_v1/rank020_mislabel_score_v1_0p4392_train_00302_label1_pred0.jpg
mislabel_score_v1,21,train_00280,0.428180246557327,1,0,0.0,0.0,0.9016124633264305,0.8806152874185416,/home/thkim0/github/AIFFEL_quest_rs/MainQuest/Quest02/data/RS18B/train/train_00280.jpg,/home/thkim0/github/AIFFEL_quest_rs/MainQuest/Quest02/outputs/trackB_070103_v2_20260701_223101/top50_images/mislabel_score_v1/rank021_mislabel_score_v1_0p4282_train_00280_label1_pred0.jpg
mislabel_score_v1,22,train_01300,0.4217214185070562,1,0,0.0,0.0,0.9459498130158273,0.9375098503609126,/home/thkim0/github/AIFFEL_quest_rs/MainQuest/Quest02/data/RS18B/train/train_01300.jpg,/home/thkim0/github/AIFFEL_quest_rs/MainQuest/Quest02/outputs/trackB_070103_v2_20260701_223101/top50_images/mislabel_score_v1/rank022_mislabel_score_v1_0p4217_train_01300_label1_pred0.jpg
mislabel_score_v1,23,train_01186,0.4062559888334194,1,0,0.0,0.0,0.9265049882240234,0.9367541372776027,/home/thkim0/github/AIFFEL_quest_rs/MainQuest/Quest02/data/RS18B/train/train_01186.jpg,/home/thkim0/github/AIFFEL_quest_rs/MainQuest/Quest02/outputs/trackB_070103_v2_20260701_223101/top50_images/mislabel_score_v1/rank023_mislabel_score_v1_0p4063_train_01186_label1_pred0.jpg
mislabel_score_v1,24,train_00160,0.3941811030783881,1,0,0.0,0.0,0.8405228135632112,0.8330848804799434,/home/thkim0/github/AIFFEL_quest_rs/MainQuest/Quest02/data/RS18B/train/train_00160.jpg,/home/thkim0/github/AIFFEL_quest_rs/MainQuest/Quest02/outputs/trackB_070103_v2_20260701_223101/top50_images/mislabel_score_v1/rank024_mislabel_score_v1_0p3942_train_00160_label1_pred0.jpg
mislabel_score_v1,25,train_00298,0.3802517911330014,1,0,0.0,0.0,0.8996263283849204,0.8996885530990049,/home/thkim0/github/AIFFEL_quest_rs/MainQuest/Quest02/data/RS18B/train/train_00298.jpg,/home/thkim0/github/AIFFEL_quest_rs/MainQuest/Quest02/outputs/trackB_070103_v2_20260701_223101/top50_images/mislabel_score_v1/rank025_mislabel_score_v1_0p3803_train_00298_label1_pred0.jpg
mislabel_score_v1,26,train_01100,0.3767099358246155,1,0,0.0,0.0,0.9592131013529774,0.948060995943545,/home/thkim0/github/AIFFEL_quest_rs/MainQuest/Quest02/data/RS18B/train/train_01100.jpg,/home/thkim0/github/AIFFEL_quest_rs/MainQuest/Quest02/outputs/trackB_070103_v2_20260701_223101/top50_images/mislabel_score_v1/rank026_mislabel_score_v1_0p3767_train_01100_label1_pred0.jpg
mislabel_score_v1,27,train_00514,0.3696835804523182,1,0,0.0,0.0,0.952215039427716,0.9425086520247833,/home/thkim0/github/AIFFEL_quest_rs/MainQuest/Quest02/data/RS18B/train/train_00514.jpg,/home/thkim0/github/AIFFEL_quest_rs/MainQuest/Quest02/outputs/trackB_070103_v2_20260701_223101/top50_images/mislabel_score_v1/rank027_mislabel_score_v1_0p3697_train_00514_label1_pred0.jpg
mislabel_score_v1,28,train_01122,0.3669038025960727,0,1,0.0,0.0,0.951997305665426,0.9591639637947084,/home/thkim0/github/AIFFEL_quest_rs/MainQuest/Quest02/data/RS18B/train/train_01122.jpg,/home/thkim0/github/AIFFEL_quest_rs/MainQuest/Quest02/outputs/trackB_070103_v2_20260701_223101/top50_images/mislabel_score_v1/rank028_mislabel_score_v1_0p3669_train_01122_label0_pred1.jpg
mislabel_score_v1,29,train_01337,0.362342366913163,1,0,0.0,0.0,0.6080258057363253,0.5831136293899081,/home/thkim0/github/AIFFEL_quest_rs/MainQuest/Quest02/data/RS18B/train/train_01337.jpg,/home/thkim0/github/AIFFEL_quest_rs/MainQuest/Quest02/outputs/trackB_070103_v2_20260701_223101/top50_images/mislabel_score_v1/rank029_mislabel_score_v1_0p3623_train_01337_label1_pred0.jpg
mislabel_score_v1,30,train_00570,0.3588531925181251,1,0,0.0,0.0,0.9775817386256783,0.9811402708292006,/home/thkim0/github/AIFFEL_quest_rs/MainQuest/Quest02/data/RS18B/train/train_00570.jpg,/home/thkim0/github/AIFFEL_quest_rs/MainQuest/Quest02/outputs/trackB_070103_v2_20260701_223101/top50_images/mislabel_score_v1/rank030_mislabel_score_v1_0p3589_train_00570_label1_pred0.jpg
mislabel_score_v1,31,train_01069,0.3567588096028409,0,1,0.0,0.0,0.7186599300904658,0.7290724061805894,/home/thkim0/github/AIFFEL_quest_rs/MainQuest/Quest02/data/RS18B/train/train_01069.jpg,/home/thkim0/github/AIFFEL_quest_rs/MainQuest/Quest02/outputs/trackB_070103_v2_20260701_223101/top50_images/mislabel_score_v1/rank031_mislabel_score_v1_0p3568_train_01069_label0_pred1.jpg
mislabel_score_v1,32,train_00669,0.3536449339010457,0,1,0.0,0.0,0.9940235458776755,0.9950071573257446,/home/thkim0/github/AIFFEL_quest_rs/MainQuest/Quest02/data/RS18B/train/train_00669.jpg,/home/thkim0/github/AIFFEL_quest_rs/MainQuest/Quest02/outputs/trackB_070103_v2_20260701_223101/top50_images/mislabel_score_v1/rank032_mislabel_score_v1_0p3536_train_00669_label0_pred1.jpg
mislabel_score_v1,33,train_00633,0.3523406747309016,0,1,0.0,0.0,0.8793711980956544,0.8938411474227905,/home/thkim0/github/AIFFEL_quest_rs/MainQuest/Quest02/data/RS18B/train/train_00633.jpg,/home/thkim0/github/AIFFEL_quest_rs/MainQuest/Quest02/outputs/trackB_070103_v2_20260701_223101/top50_images/mislabel_score_v1/rank033_mislabel_score_v1_0p3523_train_00633_label0_pred1.jpg
mislabel_score_v1,34,train_01290,0.3518292554833844,1,0,0.0,0.0,0.8841727449607412,0.8983065038919448,/home/thkim0/github/AIFFEL_quest_rs/MainQuest/Quest02/data/RS18B/train/train_01290.jpg,/home/thkim0/github/AIFFEL_quest_rs/MainQuest/Quest02/outputs/trackB_070103_v2_20260701_223101/top50_images/mislabel_score_v1/rank034_mislabel_score_v1_0p3518_train_01290_label1_pred0.jpg
mislabel_score_v1,35,train_00799,0.3484706472240207,0,1,0.0,0.0,0.8960459128266933,0.9092541933059692,/home/thkim0/github/AIFFEL_quest_rs/MainQuest/Quest02/data/RS18B/train/train_00799.jpg,/home/thkim0/github/AIFFEL_quest_rs/MainQuest/Quest02/outputs/trackB_070103_v2_20260701_223101/top50_images/mislabel_score_v1/rank035_mislabel_score_v1_0p3485_train_00799_label0_pred1.jpg
mislabel_score_v1,36,train_00188,0.3340112681295674,1,0,0.0,0.0,0.8761252182367625,0.8798794391023942,/home/thkim0/github/AIFFEL_quest_rs/MainQuest/Quest02/data/RS18B/train/train_00188.jpg,/home/thkim0/github/AIFFEL_quest_rs/MainQuest/Quest02/outputs/trackB_070103_v2_20260701_223101/top50_images/mislabel_score_v1/rank036_mislabel_score_v1_0p3340_train_00188_label1_pred0.jpg
mislabel_score_v1,37,train_01118,0.3287771056940304,1,0,1.0,0.0,0.9345260682678898,0.9438626915216445,/home/thkim0/github/AIFFEL_quest_rs/MainQuest/Quest02/data/RS18B/train/train_01118.jpg,/home/thkim0/github/AIFFEL_quest_rs/MainQuest/Quest02/outputs/trackB_070103_v2_20260701_223101/top50_images/mislabel_score_v1/rank037_mislabel_score_v1_0p3288_train_01118_label1_pred0.jpg
mislabel_score_v1,38,train_00241,0.3213697710507004,1,0,0.0,0.0,0.8431368042860263,0.851296191950275,/home/thkim0/github/AIFFEL_quest_rs/MainQuest/Quest02/data/RS18B/train/train_00241.jpg,/home/thkim0/github/AIFFEL_quest_rs/MainQuest/Quest02/outputs/trackB_070103_v2_20260701_223101/top50_images/mislabel_score_v1/rank038_mislabel_score_v1_0p3214_train_00241_label1_pred0.jpg
mislabel_score_v1,39,train_00132,0.3036120729715766,0,1,0.0,0.0,0.988491112719597,0.990362823009491,/home/thkim0/github/AIFFEL_quest_rs/MainQuest/Quest02/data/RS18B/train/train_00132.jpg,/home/thkim0/github/AIFFEL_quest_rs/MainQuest/Quest02/outputs/trackB_070103_v2_20260701_223101/top50_images/mislabel_score_v1/rank039_mislabel_score_v1_0p3036_train_00132_label0_pred1.jpg
mislabel_score_v1,40,train_00859,0.2933381095558834,1,0,0.0,0.6634106634106636,0.1941990323068214,0.19473985481144818,/home/thkim0/github/AIFFEL_quest_rs/MainQuest/Quest02/data/RS18B/train/train_00859.jpg,/home/thkim0/github/AIFFEL_quest_rs/MainQuest/Quest02/outputs/trackB_070103_v2_20260701_223101/top50_images/mislabel_score_v1/rank040_mislabel_score_v1_0p2933_train_00859_label1_pred0.jpg
mislabel_score_v1,41,train_01130,0.2872031705350568,1,0,0.0,0.04477004477004475,0.8849050477328377,0.8937965520624397,/home/thkim0/github/AIFFEL_quest_rs/MainQuest/Quest02/data/RS18B/train/train_01130.jpg,/home/thkim0/github/AIFFEL_quest_rs/MainQuest/Quest02/outputs/trackB_070103_v2_20260701_223101/top50_images/mislabel_score_v1/rank041_mislabel_score_v1_0p2872_train_01130_label1_pred0.jpg
mislabel_score_v1,42,train_00915,0.2802066875285986,1,0,0.0,0.0,0.7420206467255537,0.7501294525840667,/home/thkim0/github/AIFFEL_quest_rs/MainQuest/Quest02/data/RS18B/train/train_00915.jpg,/home/thkim0/github/AIFFEL_quest_rs/MainQuest/Quest02/outputs/trackB_070103_v2_20260701_223101/top50_images/mislabel_score_v1/rank042_mislabel_score_v1_0p2802_train_00915_label1_pred0.jpg
mislabel_score_v1,43,train_00040,0.2536115363406883,0,1,0.0,0.0,0.8052117760368651,0.8172011160389452,/home/thkim0/github/AIFFEL_quest_rs/MainQuest/Quest02/data/RS18B/train/train_00040.jpg,/home/thkim0/github/AIFFEL_quest_rs/MainQuest/Quest02/outputs/trackB_070103_v2_20260701_223101/top50_images/mislabel_score_v1/rank043_mislabel_score_v1_0p2536_train_00040_label0_pred1.jpg
mislabel_score_v1,44,train_01197,0.2406107494646624,0,1,0.0,0.0,0.8066222522745534,0.8232276439666748,/home/thkim0/github/AIFFEL_quest_rs/MainQuest/Quest02/data/RS18B/train/train_01197.jpg,/home/thkim0/github/AIFFEL_quest_rs/MainQuest/Quest02/outputs/trackB_070103_v2_20260701_223101/top50_images/mislabel_score_v1/rank044_mislabel_score_v1_0p2406_train_01197_label0_pred1.jpg
mislabel_score_v1,45,train_00119,0.2362073172300392,1,0,0.0,0.0,0.9069089745034806,0.9057391797616028,/home/thkim0/github/AIFFEL_quest_rs/MainQuest/Quest02/data/RS18B/train/train_00119.jpg,/home/thkim0/github/AIFFEL_quest_rs/MainQuest/Quest02/outputs/trackB_070103_v2_20260701_223101/top50_images/mislabel_score_v1/rank045_mislabel_score_v1_0p2362_train_00119_label1_pred0.jpg
mislabel_score_v1,46,train_00026,0.2353624417502323,1,0,0.0,0.0,0.7294357065310326,0.7388601189499338,/home/thkim0/github/AIFFEL_quest_rs/MainQuest/Quest02/data/RS18B/train/train_00026.jpg,/home/thkim0/github/AIFFEL_quest_rs/MainQuest/Quest02/outputs/trackB_070103_v2_20260701_223101/top50_images/mislabel_score_v1/rank046_mislabel_score_v1_0p2354_train_00026_label1_pred0.jpg
mislabel_score_v1,47,train_01216,0.2255799638205414,1,0,0.0,0.10989010989010996,0.6589632063253871,0.6644929181198249,/home/thkim0/github/AIFFEL_quest_rs/MainQuest/Quest02/data/RS18B/train/train_01216.jpg,/home/thkim0/github/AIFFEL_quest_rs/MainQuest/Quest02/outputs/trackB_070103_v2_20260701_223101/top50_images/mislabel_score_v1/rank047_mislabel_score_v1_0p2256_train_01216_label1_pred0.jpg
mislabel_score_v1,48,train_00023,0.1979122776659985,0,1,0.0,0.0,0.9269036913441938,0.9371087551116944,/home/thkim0/github/AIFFEL_quest_rs/MainQuest/Quest02/data/RS18B/train/train_00023.jpg,/home/thkim0/github/AIFFEL_quest_rs/MainQuest/Quest02/outputs/trackB_070103_v2_20260701_223101/top50_images/mislabel_score_v1/rank048_mislabel_score_v1_0p1979_train_00023_label0_pred1.jpg
mislabel_score_v1,49,train_00706,0.170933755486845,0,1,0.0,0.0,0.7450850529798203,0.7583810091018677,/home/thkim0/github/AIFFEL_quest_rs/MainQuest/Quest02/data/RS18B/train/train_00706.jpg,/home/thkim0/github/AIFFEL_quest_rs/MainQuest/Quest02/outputs/trackB_070103_v2_20260701_223101/top50_images/mislabel_score_v1/rank049_mislabel_score_v1_0p1709_train_00706_label0_pred1.jpg
mislabel_score_v1,50,train_00990,0.1396267380517134,1,0,0.0,0.9320309320309333,0.0,0.0,/home/thkim0/github/AIFFEL_quest_rs/MainQuest/Quest02/data/RS18B/train/train_00990.jpg,/home/thkim0/github/AIFFEL_quest_rs/MainQuest/Quest02/outputs/trackB_070103_v2_20260701_223101/top50_images/mislabel_score_v1/rank050_mislabel_score_v1_0p1396_train_00990_label1_pred0.jpg
mislabel_score_v2_add,1,train_00261,0.9999695304924301,1,0,0.5625,0.0,0.9999695304924301,0.9999746084213256,/home/thkim0/github/AIFFEL_quest_rs/MainQuest/Quest02/data/RS18B/train/train_00261.jpg,/home/thkim0/github/AIFFEL_quest_rs/MainQuest/Quest02/outputs/trackB_070103_v2_20260701_223101/top50_images/mislabel_score_v2_add/rank001_mislabel_score_v2_add_1p0000_train_00261_label1_pred0.jpg
mislabel_score_v2_add,2,train_00389,0.9993930623781153,1,0,0.0,0.0,0.9993930623781153,0.9994940906763075,/home/thkim0/github/AIFFEL_quest_rs/MainQuest/Quest02/data/RS18B/train/train_00389.jpg,/home/thkim0/github/AIFFEL_quest_rs/MainQuest/Quest02/outputs/trackB_070103_v2_20260701_223101/top50_images/mislabel_score_v2_add/rank002_mislabel_score_v2_add_0p9994_train_00389_label1_pred0.jpg
mislabel_score_v2_add,3,train_00235,0.9989292217634589,1,0,0.0,0.0,0.9989292217634589,0.9991072863340377,/home/thkim0/github/AIFFEL_quest_rs/MainQuest/Quest02/data/RS18B/train/train_00235.jpg,/home/thkim0/github/AIFFEL_quest_rs/MainQuest/Quest02/outputs/trackB_070103_v2_20260701_223101/top50_images/mislabel_score_v2_add/rank003_mislabel_score_v2_add_0p9989_train_00235_label1_pred0.jpg
mislabel_score_v2_add,4,train_01133,0.997265820420267,1,0,0.0,0.0,0.997265820420267,0.9977189153432836,/home/thkim0/github/AIFFEL_quest_rs/MainQuest/Quest02/data/RS18B/train/train_01133.jpg,/home/thkim0/github/AIFFEL_quest_rs/MainQuest/Quest02/outputs/trackB_070103_v2_20260701_223101/top50_images/mislabel_score_v2_add/rank004_mislabel_score_v2_add_0p9973_train_01133_label1_pred0.jpg
mislabel_score_v2_add,5,train_01009,0.9957652987814647,1,0,0.0,0.0,0.9957652987814647,0.9964648336172103,/home/thkim0/github/AIFFEL_quest_rs/MainQuest/Quest02/data/RS18B/train/train_01009.jpg,/home/thkim0/github/AIFFEL_quest_rs/MainQuest/Quest02/outputs/trackB_070103_v2_20260701_223101/top50_images/mislabel_score_v2_add/rank005_mislabel_score_v2_add_0p9958_train_01009_label1_pred0.jpg
mislabel_score_v2_add,6,train_01119,0.9956579134516482,0,1,0.0,0.0,0.9956579134516482,0.9963750243186952,/home/thkim0/github/AIFFEL_quest_rs/MainQuest/Quest02/data/RS18B/train/train_01119.jpg,/home/thkim0/github/AIFFEL_quest_rs/MainQuest/Quest02/outputs/trackB_070103_v2_20260701_223101/top50_images/mislabel_score_v2_add/rank006_mislabel_score_v2_add_0p9957_train_01119_label0_pred1.jpg
mislabel_score_v2_add,7,train_01319,0.9946678306099074,1,0,0.0,0.0,0.9946678306099074,0.9955466091632839,/home/thkim0/github/AIFFEL_quest_rs/MainQuest/Quest02/data/RS18B/train/train_01319.jpg,/home/thkim0/github/AIFFEL_quest_rs/MainQuest/Quest02/outputs/trackB_070103_v2_20260701_223101/top50_images/mislabel_score_v2_add/rank007_mislabel_score_v2_add_0p9947_train_01319_label1_pred0.jpg
mislabel_score_v2_add,8,train_00669,0.9940235458776755,0,1,0.0,0.0,0.9940235458776755,0.9950071573257446,/home/thkim0/github/AIFFEL_quest_rs/MainQuest/Quest02/data/RS18B/train/train_00669.jpg,/home/thkim0/github/AIFFEL_quest_rs/MainQuest/Quest02/outputs/trackB_070103_v2_20260701_223101/top50_images/mislabel_score_v2_add/rank008_mislabel_score_v2_add_0p9940_train_00669_label0_pred1.jpg
mislabel_score_v2_add,9,train_00132,0.988491112719597,0,1,0.0,0.0,0.988491112719597,0.990362823009491,/home/thkim0/github/AIFFEL_quest_rs/MainQuest/Quest02/data/RS18B/train/train_00132.jpg,/home/thkim0/github/AIFFEL_quest_rs/MainQuest/Quest02/outputs/trackB_070103_v2_20260701_223101/top50_images/mislabel_score_v2_add/rank009_mislabel_score_v2_add_0p9885_train_00132_label0_pred1.jpg
mislabel_score_v2_add,10,train_01102,0.9783150186520287,1,0,0.0,0.0,0.9783150186520287,0.9817628860473632,/home/thkim0/github/AIFFEL_quest_rs/MainQuest/Quest02/data/RS18B/train/train_01102.jpg,/home/thkim0/github/AIFFEL_quest_rs/MainQuest/Quest02/outputs/trackB_070103_v2_20260701_223101/top50_images/mislabel_score_v2_add/rank010_mislabel_score_v2_add_0p9783_train_01102_label1_pred0.jpg
mislabel_score_v2_add,11,train_00570,0.9775817386256783,1,0,0.0,0.0,0.9775817386256783,0.9811402708292006,/home/thkim0/github/AIFFEL_quest_rs/MainQuest/Quest02/data/RS18B/train/train_00570.jpg,/home/thkim0/github/AIFFEL_quest_rs/MainQuest/Quest02/outputs/trackB_070103_v2_20260701_223101/top50_images/mislabel_score_v2_add/rank011_mislabel_score_v2_add_0p9776_train_00570_label1_pred0.jpg
mislabel_score_v2_add,12,train_00975,0.9661699858465795,1,0,0.0,0.0,0.9661699858465795,0.9713993221521376,/home/thkim0/github/AIFFEL_quest_rs/MainQuest/Quest02/data/RS18B/train/train_00975.jpg,/home/thkim0/github/AIFFEL_quest_rs/MainQuest/Quest02/outputs/trackB_070103_v2_20260701_223101/top50_images/mislabel_score_v2_add/rank012_mislabel_score_v2_add_0p9662_train_00975_label1_pred0.jpg
mislabel_score_v2_add,13,train_00784,0.959734025873763,1,0,1.0,0.0,0.959734025873763,0.948473003733182,/home/thkim0/github/AIFFEL_quest_rs/MainQuest/Quest02/data/RS18B/train/train_00784.jpg,/home/thkim0/github/AIFFEL_quest_rs/MainQuest/Quest02/outputs/trackB_070103_v2_20260701_223101/top50_images/mislabel_score_v2_add/rank013_mislabel_score_v2_add_0p9597_train_00784_label1_pred0.jpg
mislabel_score_v2_add,14,train_01100,0.9592131013529774,1,0,0.0,0.0,0.9592131013529774,0.948060995943545,/home/thkim0/github/AIFFEL_quest_rs/MainQuest/Quest02/data/RS18B/train/train_01100.jpg,/home/thkim0/github/AIFFEL_quest_rs/MainQuest/Quest02/outputs/trackB_070103_v2_20260701_223101/top50_images/mislabel_score_v2_add/rank014_mislabel_score_v2_add_0p9592_train_01100_label1_pred0.jpg
mislabel_score_v2_add,15,train_01265,0.9587536889067578,1,0,0.0,0.0,0.9587536889067578,0.9476974904262101,/home/thkim0/github/AIFFEL_quest_rs/MainQuest/Quest02/data/RS18B/train/train_01265.jpg,/home/thkim0/github/AIFFEL_quest_rs/MainQuest/Quest02/outputs/trackB_070103_v2_20260701_223101/top50_images/mislabel_score_v2_add/rank015_mislabel_score_v2_add_0p9588_train_01265_label1_pred0.jpg
mislabel_score_v2_add,16,train_00591,0.9586075621560666,1,0,0.0,0.0,0.9586075621560666,0.9475818398608639,/home/thkim0/github/AIFFEL_quest_rs/MainQuest/Quest02/data/RS18B/train/train_00591.jpg,/home/thkim0/github/AIFFEL_quest_rs/MainQuest/Quest02/outputs/trackB_070103_v2_20260701_223101/top50_images/mislabel_score_v2_add/rank016_mislabel_score_v2_add_0p9586_train_00591_label1_pred0.jpg
mislabel_score_v2_add,17,train_00518,0.954422328437667,0,1,0.0,0.0,0.954422328437667,0.9612685441970824,/home/thkim0/github/AIFFEL_quest_rs/MainQuest/Quest02/data/RS18B/train/train_00518.jpg,/home/thkim0/github/AIFFEL_quest_rs/MainQuest/Quest02/outputs/trackB_070103_v2_20260701_223101/top50_images/mislabel_score_v2_add/rank017_mislabel_score_v2_add_0p9544_train_00518_label0_pred1.jpg
mislabel_score_v2_add,18,train_00514,0.952215039427716,1,0,0.0,0.0,0.952215039427716,0.9425086520247833,/home/thkim0/github/AIFFEL_quest_rs/MainQuest/Quest02/data/RS18B/train/train_00514.jpg,/home/thkim0/github/AIFFEL_quest_rs/MainQuest/Quest02/outputs/trackB_070103_v2_20260701_223101/top50_images/mislabel_score_v2_add/rank018_mislabel_score_v2_add_0p9522_train_00514_label1_pred0.jpg
mislabel_score_v2_add,19,train_01122,0.951997305665426,0,1,0.0,0.0,0.951997305665426,0.9591639637947084,/home/thkim0/github/AIFFEL_quest_rs/MainQuest/Quest02/data/RS18B/train/train_01122.jpg,/home/thkim0/github/AIFFEL_quest_rs/MainQuest/Quest02/outputs/trackB_070103_v2_20260701_223101/top50_images/mislabel_score_v2_add/rank019_mislabel_score_v2_add_0p9520_train_01122_label0_pred1.jpg
mislabel_score_v2_add,20,train_01300,0.9459498130158273,1,0,0.0,0.0,0.9459498130158273,0.9375098503609126,/home/thkim0/github/AIFFEL_quest_rs/MainQuest/Quest02/data/RS18B/train/train_01300.jpg,/home/thkim0/github/AIFFEL_quest_rs/MainQuest/Quest02/outputs/trackB_070103_v2_20260701_223101/top50_images/mislabel_score_v2_add/rank020_mislabel_score_v2_add_0p9459_train_01300_label1_pred0.jpg
mislabel_score_v2_add,21,train_00597,0.9417983017492537,1,0,1.0,0.0,0.9417983017492537,0.934182772600673,/home/thkim0/github/AIFFEL_quest_rs/MainQuest/Quest02/data/RS18B/train/train_00597.jpg,/home/thkim0/github/AIFFEL_quest_rs/MainQuest/Quest02/outputs/trackB_070103_v2_20260701_223101/top50_images/mislabel_score_v2_add/rank021_mislabel_score_v2_add_0p9418_train_00597_label1_pred0.jpg
mislabel_score_v2_add,22,train_01118,0.9345260682678898,1,0,1.0,0.0,0.9345260682678898,0.9438626915216445,/home/thkim0/github/AIFFEL_quest_rs/MainQuest/Quest02/data/RS18B/train/train_01118.jpg,/home/thkim0/github/AIFFEL_quest_rs/MainQuest/Quest02/outputs/trackB_070103_v2_20260701_223101/top50_images/mislabel_score_v2_add/rank022_mislabel_score_v2_add_0p9345_train_01118_label1_pred0.jpg
mislabel_score_v2_add,23,train_00006,0.9329468907931278,1,0,0.0,0.0,0.9329468907931278,0.927049263086753,/home/thkim0/github/AIFFEL_quest_rs/MainQuest/Quest02/data/RS18B/train/train_00006.jpg,/home/thkim0/github/AIFFEL_quest_rs/MainQuest/Quest02/outputs/trackB_070103_v2_20260701_223101/top50_images/mislabel_score_v2_add/rank023_mislabel_score_v2_add_0p9329_train_00006_label1_pred0.jpg
mislabel_score_v2_add,24,train_00912,0.9309838668812518,0,1,0.0,0.0,0.9309838668812518,0.940730094909668,/home/thkim0/github/AIFFEL_quest_rs/MainQuest/Quest02/data/RS18B/train/train_00912.jpg,/home/thkim0/github/AIFFEL_quest_rs/MainQuest/Quest02/outputs/trackB_070103_v2_20260701_223101/top50_images/mislabel_score_v2_add/rank024_mislabel_score_v2_add_0p9310_train_00912_label0_pred1.jpg
mislabel_score_v2_add,25,train_00023,0.9269036913441938,0,1,0.0,0.0,0.9269036913441938,0.9371087551116944,/home/thkim0/github/AIFFEL_quest_rs/MainQuest/Quest02/data/RS18B/train/train_00023.jpg,/home/thkim0/github/AIFFEL_quest_rs/MainQuest/Quest02/outputs/trackB_070103_v2_20260701_223101/top50_images/mislabel_score_v2_add/rank025_mislabel_score_v2_add_0p9269_train_00023_label0_pred1.jpg
mislabel_score_v2_add,26,train_01186,0.9265049882240234,1,0,0.0,0.0,0.9265049882240234,0.9367541372776027,/home/thkim0/github/AIFFEL_quest_rs/MainQuest/Quest02/data/RS18B/train/train_01186.jpg,/home/thkim0/github/AIFFEL_quest_rs/MainQuest/Quest02/outputs/trackB_070103_v2_20260701_223101/top50_images/mislabel_score_v2_add/rank026_mislabel_score_v2_add_0p9265_train_01186_label1_pred0.jpg
mislabel_score_v2_add,27,train_00816,0.9078570492479179,1,0,0.0,0.0,0.9078570492479179,0.9065238959188427,/home/thkim0/github/AIFFEL_quest_rs/MainQuest/Quest02/data/RS18B/train/train_00816.jpg,/home/thkim0/github/AIFFEL_quest_rs/MainQuest/Quest02/outputs/trackB_070103_v2_20260701_223101/top50_images/mislabel_score_v2_add/rank027_mislabel_score_v2_add_0p9079_train_00816_label1_pred0.jpg
mislabel_score_v2_add,28,train_00119,0.9069089745034806,1,0,0.0,0.0,0.9069089745034806,0.9057391797616028,/home/thkim0/github/AIFFEL_quest_rs/MainQuest/Quest02/data/RS18B/train/train_00119.jpg,/home/thkim0/github/AIFFEL_quest_rs/MainQuest/Quest02/outputs/trackB_070103_v2_20260701_223101/top50_images/mislabel_score_v2_add/rank028_mislabel_score_v2_add_0p9069_train_00119_label1_pred0.jpg
mislabel_score_v2_add,29,train_00199,0.9040937197179231,1,0,0.0,0.0,0.9040937197179231,0.9034049920035225,/home/thkim0/github/AIFFEL_quest_rs/MainQuest/Quest02/data/RS18B/train/train_00199.jpg,/home/thkim0/github/AIFFEL_quest_rs/MainQuest/Quest02/outputs/trackB_070103_v2_20260701_223101/top50_images/mislabel_score_v2_add/rank029_mislabel_score_v2_add_0p9041_train_00199_label1_pred0.jpg
mislabel_score_v2_add,30,train_00280,0.9016124633264305,1,0,0.0,0.0,0.9016124633264305,0.8806152874185416,/home/thkim0/github/AIFFEL_quest_rs/MainQuest/Quest02/data/RS18B/train/train_00280.jpg,/home/thkim0/github/AIFFEL_quest_rs/MainQuest/Quest02/outputs/trackB_070103_v2_20260701_223101/top50_images/mislabel_score_v2_add/rank030_mislabel_score_v2_add_0p9016_train_00280_label1_pred0.jpg
mislabel_score_v2_add,31,train_00298,0.8996263283849204,1,0,0.0,0.0,0.8996263283849204,0.8996885530990049,/home/thkim0/github/AIFFEL_quest_rs/MainQuest/Quest02/data/RS18B/train/train_00298.jpg,/home/thkim0/github/AIFFEL_quest_rs/MainQuest/Quest02/outputs/trackB_070103_v2_20260701_223101/top50_images/mislabel_score_v2_add/rank031_mislabel_score_v2_add_0p8996_train_00298_label1_pred0.jpg
mislabel_score_v2_add,32,train_00799,0.8960459128266933,0,1,0.0,0.0,0.8960459128266933,0.9092541933059692,/home/thkim0/github/AIFFEL_quest_rs/MainQuest/Quest02/data/RS18B/train/train_00799.jpg,/home/thkim0/github/AIFFEL_quest_rs/MainQuest/Quest02/outputs/trackB_070103_v2_20260701_223101/top50_images/mislabel_score_v2_add/rank032_mislabel_score_v2_add_0p8960_train_00799_label0_pred1.jpg
mislabel_score_v2_add,33,train_01130,0.8849050477328377,1,0,0.0,0.04477004477004475,0.8849050477328377,0.8937965520624397,/home/thkim0/github/AIFFEL_quest_rs/MainQuest/Quest02/data/RS18B/train/train_01130.jpg,/home/thkim0/github/AIFFEL_quest_rs/MainQuest/Quest02/outputs/trackB_070103_v2_20260701_223101/top50_images/mislabel_score_v2_add/rank033_mislabel_score_v2_add_0p8849_train_01130_label1_pred0.jpg
mislabel_score_v2_add,34,train_01290,0.8841727449607412,1,0,0.0,0.0,0.8841727449607412,0.8983065038919448,/home/thkim0/github/AIFFEL_quest_rs/MainQuest/Quest02/data/RS18B/train/train_01290.jpg,/home/thkim0/github/AIFFEL_quest_rs/MainQuest/Quest02/outputs/trackB_070103_v2_20260701_223101/top50_images/mislabel_score_v2_add/rank034_mislabel_score_v2_add_0p8842_train_01290_label1_pred0.jpg
mislabel_score_v2_add,35,train_00633,0.8793711980956544,0,1,0.0,0.0,0.8793711980956544,0.8938411474227905,/home/thkim0/github/AIFFEL_quest_rs/MainQuest/Quest02/data/RS18B/train/train_00633.jpg,/home/thkim0/github/AIFFEL_quest_rs/MainQuest/Quest02/outputs/trackB_070103_v2_20260701_223101/top50_images/mislabel_score_v2_add/rank035_mislabel_score_v2_add_0p8794_train_00633_label0_pred1.jpg
mislabel_score_v2_add,36,train_00188,0.8761252182367625,1,0,0.0,0.0,0.8761252182367625,0.8798794391023942,/home/thkim0/github/AIFFEL_quest_rs/MainQuest/Quest02/data/RS18B/train/train_00188.jpg,/home/thkim0/github/AIFFEL_quest_rs/MainQuest/Quest02/outputs/trackB_070103_v2_20260701_223101/top50_images/mislabel_score_v2_add/rank036_mislabel_score_v2_add_0p8761_train_00188_label1_pred0.jpg
mislabel_score_v2_add,37,train_00241,0.8431368042860263,1,0,0.0,0.0,0.8431368042860263,0.851296191950275,/home/thkim0/github/AIFFEL_quest_rs/MainQuest/Quest02/data/RS18B/train/train_00241.jpg,/home/thkim0/github/AIFFEL_quest_rs/MainQuest/Quest02/outputs/trackB_070103_v2_20260701_223101/top50_images/mislabel_score_v2_add/rank037_mislabel_score_v2_add_0p8431_train_00241_label1_pred0.jpg
mislabel_score_v2_add,38,train_00160,0.8405228135632112,1,0,0.0,0.0,0.8405228135632112,0.8330848804799434,/home/thkim0/github/AIFFEL_quest_rs/MainQuest/Quest02/data/RS18B/train/train_00160.jpg,/home/thkim0/github/AIFFEL_quest_rs/MainQuest/Quest02/outputs/trackB_070103_v2_20260701_223101/top50_images/mislabel_score_v2_add/rank038_mislabel_score_v2_add_0p8405_train_00160_label1_pred0.jpg
mislabel_score_v2_add,39,train_00964,0.8398288721921914,0,1,0.0,0.0,0.8398288721921914,0.8483768668983656,/home/thkim0/github/AIFFEL_quest_rs/MainQuest/Quest02/data/RS18B/train/train_00964.jpg,/home/thkim0/github/AIFFEL_quest_rs/MainQuest/Quest02/outputs/trackB_070103_v2_20260701_223101/top50_images/mislabel_score_v2_add/rank039_mislabel_score_v2_add_0p8398_train_00964_label0_pred1.jpg
mislabel_score_v2_add,40,train_00302,0.8360613697555672,1,0,0.0,0.0,0.8360613697555672,0.8295069778734572,/home/thkim0/github/AIFFEL_quest_rs/MainQuest/Quest02/data/RS18B/train/train_00302.jpg,/home/thkim0/github/AIFFEL_quest_rs/MainQuest/Quest02/outputs/trackB_070103_v2_20260701_223101/top50_images/mislabel_score_v2_add/rank040_mislabel_score_v2_add_0p8361_train_00302_label1_pred0.jpg
mislabel_score_v2_add,41,train_01197,0.8066222522745534,0,1,0.0,0.0,0.8066222522745534,0.8232276439666748,/home/thkim0/github/AIFFEL_quest_rs/MainQuest/Quest02/data/RS18B/train/train_01197.jpg,/home/thkim0/github/AIFFEL_quest_rs/MainQuest/Quest02/outputs/trackB_070103_v2_20260701_223101/top50_images/mislabel_score_v2_add/rank041_mislabel_score_v2_add_0p8066_train_01197_label0_pred1.jpg
mislabel_score_v2_add,42,train_00040,0.8052117760368651,0,1,0.0,0.0,0.8052117760368651,0.8172011160389452,/home/thkim0/github/AIFFEL_quest_rs/MainQuest/Quest02/data/RS18B/train/train_00040.jpg,/home/thkim0/github/AIFFEL_quest_rs/MainQuest/Quest02/outputs/trackB_070103_v2_20260701_223101/top50_images/mislabel_score_v2_add/rank042_mislabel_score_v2_add_0p8052_train_00040_label0_pred1.jpg
mislabel_score_v2_add,43,train_00706,0.7450850529798203,0,1,0.0,0.0,0.7450850529798203,0.7583810091018677,/home/thkim0/github/AIFFEL_quest_rs/MainQuest/Quest02/data/RS18B/train/train_00706.jpg,/home/thkim0/github/AIFFEL_quest_rs/MainQuest/Quest02/outputs/trackB_070103_v2_20260701_223101/top50_images/mislabel_score_v2_add/rank043_mislabel_score_v2_add_0p7451_train_00706_label0_pred1.jpg
mislabel_score_v2_add,44,train_00915,0.7420206467255537,1,0,0.0,0.0,0.7420206467255537,0.7501294525840667,/home/thkim0/github/AIFFEL_quest_rs/MainQuest/Quest02/data/RS18B/train/train_00915.jpg,/home/thkim0/github/AIFFEL_quest_rs/MainQuest/Quest02/outputs/trackB_070103_v2_20260701_223101/top50_images/mislabel_score_v2_add/rank044_mislabel_score_v2_add_0p7420_train_00915_label1_pred0.jpg
mislabel_score_v2_add,45,train_00026,0.7294357065310326,1,0,0.0,0.0,0.7294357065310326,0.7388601189499338,/home/thkim0/github/AIFFEL_quest_rs/MainQuest/Quest02/data/RS18B/train/train_00026.jpg,/home/thkim0/github/AIFFEL_quest_rs/MainQuest/Quest02/outputs/trackB_070103_v2_20260701_223101/top50_images/mislabel_score_v2_add/rank045_mislabel_score_v2_add_0p7294_train_00026_label1_pred0.jpg
mislabel_score_v2_add,46,train_01069,0.7186599300904658,0,1,0.0,0.0,0.7186599300904658,0.7290724061805894,/home/thkim0/github/AIFFEL_quest_rs/MainQuest/Quest02/data/RS18B/train/train_01069.jpg,/home/thkim0/github/AIFFEL_quest_rs/MainQuest/Quest02/outputs/trackB_070103_v2_20260701_223101/top50_images/mislabel_score_v2_add/rank046_mislabel_score_v2_add_0p7187_train_01069_label0_pred1.jpg
mislabel_score_v2_add,47,train_01172,0.6663670276918856,0,1,0.5625,0.0,0.6663670276918856,0.6779015721606112,/home/thkim0/github/AIFFEL_quest_rs/MainQuest/Quest02/data/RS18B/train/train_01172.jpg,/home/thkim0/github/AIFFEL_quest_rs/MainQuest/Quest02/outputs/trackB_070103_v2_20260701_223101/top50_images/mislabel_score_v2_add/rank047_mislabel_score_v2_add_0p6664_train_01172_label0_pred1.jpg
mislabel_score_v2_add,48,train_00796,0.6645972344075084,0,1,0.0,0.0,0.6645972344075084,0.6640748381614685,/home/thkim0/github/AIFFEL_quest_rs/MainQuest/Quest02/data/RS18B/train/train_00796.jpg,/home/thkim0/github/AIFFEL_quest_rs/MainQuest/Quest02/outputs/trackB_070103_v2_20260701_223101/top50_images/mislabel_score_v2_add/rank048_mislabel_score_v2_add_0p6646_train_00796_label0_pred1.jpg
mislabel_score_v2_add,49,train_01216,0.6589632063253871,1,0,0.0,0.10989010989010996,0.6589632063253871,0.6644929181198249,/home/thkim0/github/AIFFEL_quest_rs/MainQuest/Quest02/data/RS18B/train/train_01216.jpg,/home/thkim0/github/AIFFEL_quest_rs/MainQuest/Quest02/outputs/trackB_070103_v2_20260701_223101/top50_images/mislabel_score_v2_add/rank049_mislabel_score_v2_add_0p6590_train_01216_label1_pred0.jpg
mislabel_score_v2_add,50,train_01337,0.6080258057363253,1,0,0.0,0.0,0.6080258057363253,0.5831136293899081,/home/thkim0/github/AIFFEL_quest_rs/MainQuest/Quest02/data/RS18B/train/train_01337.jpg,/home/thkim0/github/AIFFEL_quest_rs/MainQuest/Quest02/outputs/trackB_070103_v2_20260701_223101/top50_images/mislabel_score_v2_add/rank050_mislabel_score_v2_add_0p6080_train_01337_label1_pred0.jpg
mislabel_score_v2_mul,1,train_00261,0.9999746084213256,1,0,0.5625,0.0,0.9999695304924301,0.9999746084213256,/home/thkim0/github/AIFFEL_quest_rs/MainQuest/Quest02/data/RS18B/train/train_00261.jpg,/home/thkim0/github/AIFFEL_quest_rs/MainQuest/Quest02/outputs/trackB_070103_v2_20260701_223101/top50_images/mislabel_score_v2_mul/rank001_mislabel_score_v2_mul_1p0000_train_00261_label1_pred0.jpg
mislabel_score_v2_mul,2,train_00389,0.9994940906763075,1,0,0.0,0.0,0.9993930623781153,0.9994940906763075,/home/thkim0/github/AIFFEL_quest_rs/MainQuest/Quest02/data/RS18B/train/train_00389.jpg,/home/thkim0/github/AIFFEL_quest_rs/MainQuest/Quest02/outputs/trackB_070103_v2_20260701_223101/top50_images/mislabel_score_v2_mul/rank002_mislabel_score_v2_mul_0p9995_train_00389_label1_pred0.jpg
mislabel_score_v2_mul,3,train_00235,0.9991072863340377,1,0,0.0,0.0,0.9989292217634589,0.9991072863340377,/home/thkim0/github/AIFFEL_quest_rs/MainQuest/Quest02/data/RS18B/train/train_00235.jpg,/home/thkim0/github/AIFFEL_quest_rs/MainQuest/Quest02/outputs/trackB_070103_v2_20260701_223101/top50_images/mislabel_score_v2_mul/rank003_mislabel_score_v2_mul_0p9991_train_00235_label1_pred0.jpg
mislabel_score_v2_mul,4,train_01133,0.9977189153432836,1,0,0.0,0.0,0.997265820420267,0.9977189153432836,/home/thkim0/github/AIFFEL_quest_rs/MainQuest/Quest02/data/RS18B/train/train_01133.jpg,/home/thkim0/github/AIFFEL_quest_rs/MainQuest/Quest02/outputs/trackB_070103_v2_20260701_223101/top50_images/mislabel_score_v2_mul/rank004_mislabel_score_v2_mul_0p9977_train_01133_label1_pred0.jpg
mislabel_score_v2_mul,5,train_01009,0.9964648336172103,1,0,0.0,0.0,0.9957652987814647,0.9964648336172103,/home/thkim0/github/AIFFEL_quest_rs/MainQuest/Quest02/data/RS18B/train/train_01009.jpg,/home/thkim0/github/AIFFEL_quest_rs/MainQuest/Quest02/outputs/trackB_070103_v2_20260701_223101/top50_images/mislabel_score_v2_mul/rank005_mislabel_score_v2_mul_0p9965_train_01009_label1_pred0.jpg
mislabel_score_v2_mul,6,train_01119,0.9963750243186952,0,1,0.0,0.0,0.9956579134516482,0.9963750243186952,/home/thkim0/github/AIFFEL_quest_rs/MainQuest/Quest02/data/RS18B/train/train_01119.jpg,/home/thkim0/github/AIFFEL_quest_rs/MainQuest/Quest02/outputs/trackB_070103_v2_20260701_223101/top50_images/mislabel_score_v2_mul/rank006_mislabel_score_v2_mul_0p9964_train_01119_label0_pred1.jpg
mislabel_score_v2_mul,7,train_01319,0.9955466091632839,1,0,0.0,0.0,0.9946678306099074,0.9955466091632839,/home/thkim0/github/AIFFEL_quest_rs/MainQuest/Quest02/data/RS18B/train/train_01319.jpg,/home/thkim0/github/AIFFEL_quest_rs/MainQuest/Quest02/outputs/trackB_070103_v2_20260701_223101/top50_images/mislabel_score_v2_mul/rank007_mislabel_score_v2_mul_0p9955_train_01319_label1_pred0.jpg
mislabel_score_v2_mul,8,train_00669,0.9950071573257446,0,1,0.0,0.0,0.9940235458776755,0.9950071573257446,/home/thkim0/github/AIFFEL_quest_rs/MainQuest/Quest02/data/RS18B/train/train_00669.jpg,/home/thkim0/github/AIFFEL_quest_rs/MainQuest/Quest02/outputs/trackB_070103_v2_20260701_223101/top50_images/mislabel_score_v2_mul/rank008_mislabel_score_v2_mul_0p9950_train_00669_label0_pred1.jpg
mislabel_score_v2_mul,9,train_00132,0.990362823009491,0,1,0.0,0.0,0.988491112719597,0.990362823009491,/home/thkim0/github/AIFFEL_quest_rs/MainQuest/Quest02/data/RS18B/train/train_00132.jpg,/home/thkim0/github/AIFFEL_quest_rs/MainQuest/Quest02/outputs/trackB_070103_v2_20260701_223101/top50_images/mislabel_score_v2_mul/rank009_mislabel_score_v2_mul_0p9904_train_00132_label0_pred1.jpg
mislabel_score_v2_mul,10,train_01102,0.9817628860473632,1,0,0.0,0.0,0.9783150186520287,0.9817628860473632,/home/thkim0/github/AIFFEL_quest_rs/MainQuest/Quest02/data/RS18B/train/train_01102.jpg,/home/thkim0/github/AIFFEL_quest_rs/MainQuest/Quest02/outputs/trackB_070103_v2_20260701_223101/top50_images/mislabel_score_v2_mul/rank010_mislabel_score_v2_mul_0p9818_train_01102_label1_pred0.jpg
mislabel_score_v2_mul,11,train_00570,0.9811402708292006,1,0,0.0,0.0,0.9775817386256783,0.9811402708292006,/home/thkim0/github/AIFFEL_quest_rs/MainQuest/Quest02/data/RS18B/train/train_00570.jpg,/home/thkim0/github/AIFFEL_quest_rs/MainQuest/Quest02/outputs/trackB_070103_v2_20260701_223101/top50_images/mislabel_score_v2_mul/rank011_mislabel_score_v2_mul_0p9811_train_00570_label1_pred0.jpg
mislabel_score_v2_mul,12,train_00975,0.9713993221521376,1,0,0.0,0.0,0.9661699858465795,0.9713993221521376,/home/thkim0/github/AIFFEL_quest_rs/MainQuest/Quest02/data/RS18B/train/train_00975.jpg,/home/thkim0/github/AIFFEL_quest_rs/MainQuest/Quest02/outputs/trackB_070103_v2_20260701_223101/top50_images/mislabel_score_v2_mul/rank012_mislabel_score_v2_mul_0p9714_train_00975_label1_pred0.jpg
mislabel_score_v2_mul,13,train_00518,0.9612685441970824,0,1,0.0,0.0,0.954422328437667,0.9612685441970824,/home/thkim0/github/AIFFEL_quest_rs/MainQuest/Quest02/data/RS18B/train/train_00518.jpg,/home/thkim0/github/AIFFEL_quest_rs/MainQuest/Quest02/outputs/trackB_070103_v2_20260701_223101/top50_images/mislabel_score_v2_mul/rank013_mislabel_score_v2_mul_0p9613_train_00518_label0_pred1.jpg
mislabel_score_v2_mul,14,train_01122,0.9591639637947084,0,1,0.0,0.0,0.951997305665426,0.9591639637947084,/home/thkim0/github/AIFFEL_quest_rs/MainQuest/Quest02/data/RS18B/train/train_01122.jpg,/home/thkim0/github/AIFFEL_quest_rs/MainQuest/Quest02/outputs/trackB_070103_v2_20260701_223101/top50_images/mislabel_score_v2_mul/rank014_mislabel_score_v2_mul_0p9592_train_01122_label0_pred1.jpg
mislabel_score_v2_mul,15,train_00784,0.948473003733182,1,0,1.0,0.0,0.959734025873763,0.948473003733182,/home/thkim0/github/AIFFEL_quest_rs/MainQuest/Quest02/data/RS18B/train/train_00784.jpg,/home/thkim0/github/AIFFEL_quest_rs/MainQuest/Quest02/outputs/trackB_070103_v2_20260701_223101/top50_images/mislabel_score_v2_mul/rank015_mislabel_score_v2_mul_0p9485_train_00784_label1_pred0.jpg
mislabel_score_v2_mul,16,train_01100,0.948060995943545,1,0,0.0,0.0,0.9592131013529774,0.948060995943545,/home/thkim0/github/AIFFEL_quest_rs/MainQuest/Quest02/data/RS18B/train/train_01100.jpg,/home/thkim0/github/AIFFEL_quest_rs/MainQuest/Quest02/outputs/trackB_070103_v2_20260701_223101/top50_images/mislabel_score_v2_mul/rank016_mislabel_score_v2_mul_0p9481_train_01100_label1_pred0.jpg
mislabel_score_v2_mul,17,train_01265,0.9476974904262101,1,0,0.0,0.0,0.9587536889067578,0.9476974904262101,/home/thkim0/github/AIFFEL_quest_rs/MainQuest/Quest02/data/RS18B/train/train_01265.jpg,/home/thkim0/github/AIFFEL_quest_rs/MainQuest/Quest02/outputs/trackB_070103_v2_20260701_223101/top50_images/mislabel_score_v2_mul/rank017_mislabel_score_v2_mul_0p9477_train_01265_label1_pred0.jpg
mislabel_score_v2_mul,18,train_00591,0.9475818398608639,1,0,0.0,0.0,0.9586075621560666,0.9475818398608639,/home/thkim0/github/AIFFEL_quest_rs/MainQuest/Quest02/data/RS18B/train/train_00591.jpg,/home/thkim0/github/AIFFEL_quest_rs/MainQuest/Quest02/outputs/trackB_070103_v2_20260701_223101/top50_images/mislabel_score_v2_mul/rank018_mislabel_score_v2_mul_0p9476_train_00591_label1_pred0.jpg
mislabel_score_v2_mul,19,train_01118,0.9438626915216445,1,0,1.0,0.0,0.9345260682678898,0.9438626915216445,/home/thkim0/github/AIFFEL_quest_rs/MainQuest/Quest02/data/RS18B/train/train_01118.jpg,/home/thkim0/github/AIFFEL_quest_rs/MainQuest/Quest02/outputs/trackB_070103_v2_20260701_223101/top50_images/mislabel_score_v2_mul/rank019_mislabel_score_v2_mul_0p9439_train_01118_label1_pred0.jpg
mislabel_score_v2_mul,20,train_00514,0.9425086520247833,1,0,0.0,0.0,0.952215039427716,0.9425086520247833,/home/thkim0/github/AIFFEL_quest_rs/MainQuest/Quest02/data/RS18B/train/train_00514.jpg,/home/thkim0/github/AIFFEL_quest_rs/MainQuest/Quest02/outputs/trackB_070103_v2_20260701_223101/top50_images/mislabel_score_v2_mul/rank020_mislabel_score_v2_mul_0p9425_train_00514_label1_pred0.jpg
mislabel_score_v2_mul,21,train_00912,0.940730094909668,0,1,0.0,0.0,0.9309838668812518,0.940730094909668,/home/thkim0/github/AIFFEL_quest_rs/MainQuest/Quest02/data/RS18B/train/train_00912.jpg,/home/thkim0/github/AIFFEL_quest_rs/MainQuest/Quest02/outputs/trackB_070103_v2_20260701_223101/top50_images/mislabel_score_v2_mul/rank021_mislabel_score_v2_mul_0p9407_train_00912_label0_pred1.jpg
mislabel_score_v2_mul,22,train_01300,0.9375098503609126,1,0,0.0,0.0,0.9459498130158273,0.9375098503609126,/home/thkim0/github/AIFFEL_quest_rs/MainQuest/Quest02/data/RS18B/train/train_01300.jpg,/home/thkim0/github/AIFFEL_quest_rs/MainQuest/Quest02/outputs/trackB_070103_v2_20260701_223101/top50_images/mislabel_score_v2_mul/rank022_mislabel_score_v2_mul_0p9375_train_01300_label1_pred0.jpg
mislabel_score_v2_mul,23,train_00023,0.9371087551116944,0,1,0.0,0.0,0.9269036913441938,0.9371087551116944,/home/thkim0/github/AIFFEL_quest_rs/MainQuest/Quest02/data/RS18B/train/train_00023.jpg,/home/thkim0/github/AIFFEL_quest_rs/MainQuest/Quest02/outputs/trackB_070103_v2_20260701_223101/top50_images/mislabel_score_v2_mul/rank023_mislabel_score_v2_mul_0p9371_train_00023_label0_pred1.jpg
mislabel_score_v2_mul,24,train_01186,0.9367541372776027,1,0,0.0,0.0,0.9265049882240234,0.9367541372776027,/home/thkim0/github/AIFFEL_quest_rs/MainQuest/Quest02/data/RS18B/train/train_01186.jpg,/home/thkim0/github/AIFFEL_quest_rs/MainQuest/Quest02/outputs/trackB_070103_v2_20260701_223101/top50_images/mislabel_score_v2_mul/rank024_mislabel_score_v2_mul_0p9368_train_01186_label1_pred0.jpg
mislabel_score_v2_mul,25,train_00597,0.934182772600673,1,0,1.0,0.0,0.9417983017492537,0.934182772600673,/home/thkim0/github/AIFFEL_quest_rs/MainQuest/Quest02/data/RS18B/train/train_00597.jpg,/home/thkim0/github/AIFFEL_quest_rs/MainQuest/Quest02/outputs/trackB_070103_v2_20260701_223101/top50_images/mislabel_score_v2_mul/rank025_mislabel_score_v2_mul_0p9342_train_00597_label1_pred0.jpg
mislabel_score_v2_mul,26,train_00006,0.927049263086753,1,0,0.0,0.0,0.9329468907931278,0.927049263086753,/home/thkim0/github/AIFFEL_quest_rs/MainQuest/Quest02/data/RS18B/train/train_00006.jpg,/home/thkim0/github/AIFFEL_quest_rs/MainQuest/Quest02/outputs/trackB_070103_v2_20260701_223101/top50_images/mislabel_score_v2_mul/rank026_mislabel_score_v2_mul_0p9270_train_00006_label1_pred0.jpg
mislabel_score_v2_mul,27,train_00799,0.9092541933059692,0,1,0.0,0.0,0.8960459128266933,0.9092541933059692,/home/thkim0/github/AIFFEL_quest_rs/MainQuest/Quest02/data/RS18B/train/train_00799.jpg,/home/thkim0/github/AIFFEL_quest_rs/MainQuest/Quest02/outputs/trackB_070103_v2_20260701_223101/top50_images/mislabel_score_v2_mul/rank027_mislabel_score_v2_mul_0p9093_train_00799_label0_pred1.jpg
mislabel_score_v2_mul,28,train_00816,0.9065238959188427,1,0,0.0,0.0,0.9078570492479179,0.9065238959188427,/home/thkim0/github/AIFFEL_quest_rs/MainQuest/Quest02/data/RS18B/train/train_00816.jpg,/home/thkim0/github/AIFFEL_quest_rs/MainQuest/Quest02/outputs/trackB_070103_v2_20260701_223101/top50_images/mislabel_score_v2_mul/rank028_mislabel_score_v2_mul_0p9065_train_00816_label1_pred0.jpg
mislabel_score_v2_mul,29,train_00119,0.9057391797616028,1,0,0.0,0.0,0.9069089745034806,0.9057391797616028,/home/thkim0/github/AIFFEL_quest_rs/MainQuest/Quest02/data/RS18B/train/train_00119.jpg,/home/thkim0/github/AIFFEL_quest_rs/MainQuest/Quest02/outputs/trackB_070103_v2_20260701_223101/top50_images/mislabel_score_v2_mul/rank029_mislabel_score_v2_mul_0p9057_train_00119_label1_pred0.jpg
mislabel_score_v2_mul,30,train_00199,0.9034049920035225,1,0,0.0,0.0,0.9040937197179231,0.9034049920035225,/home/thkim0/github/AIFFEL_quest_rs/MainQuest/Quest02/data/RS18B/train/train_00199.jpg,/home/thkim0/github/AIFFEL_quest_rs/MainQuest/Quest02/outputs/trackB_070103_v2_20260701_223101/top50_images/mislabel_score_v2_mul/rank030_mislabel_score_v2_mul_0p9034_train_00199_label1_pred0.jpg
mislabel_score_v2_mul,31,train_00298,0.8996885530990049,1,0,0.0,0.0,0.8996263283849204,0.8996885530990049,/home/thkim0/github/AIFFEL_quest_rs/MainQuest/Quest02/data/RS18B/train/train_00298.jpg,/home/thkim0/github/AIFFEL_quest_rs/MainQuest/Quest02/outputs/trackB_070103_v2_20260701_223101/top50_images/mislabel_score_v2_mul/rank031_mislabel_score_v2_mul_0p8997_train_00298_label1_pred0.jpg
mislabel_score_v2_mul,32,train_01290,0.8983065038919448,1,0,0.0,0.0,0.8841727449607412,0.8983065038919448,/home/thkim0/github/AIFFEL_quest_rs/MainQuest/Quest02/data/RS18B/train/train_01290.jpg,/home/thkim0/github/AIFFEL_quest_rs/MainQuest/Quest02/outputs/trackB_070103_v2_20260701_223101/top50_images/mislabel_score_v2_mul/rank032_mislabel_score_v2_mul_0p8983_train_01290_label1_pred0.jpg
mislabel_score_v2_mul,33,train_00633,0.8938411474227905,0,1,0.0,0.0,0.8793711980956544,0.8938411474227905,/home/thkim0/github/AIFFEL_quest_rs/MainQuest/Quest02/data/RS18B/train/train_00633.jpg,/home/thkim0/github/AIFFEL_quest_rs/MainQuest/Quest02/outputs/trackB_070103_v2_20260701_223101/top50_images/mislabel_score_v2_mul/rank033_mislabel_score_v2_mul_0p8938_train_00633_label0_pred1.jpg
mislabel_score_v2_mul,34,train_01130,0.8937965520624397,1,0,0.0,0.04477004477004475,0.8849050477328377,0.8937965520624397,/home/thkim0/github/AIFFEL_quest_rs/MainQuest/Quest02/data/RS18B/train/train_01130.jpg,/home/thkim0/github/AIFFEL_quest_rs/MainQuest/Quest02/outputs/trackB_070103_v2_20260701_223101/top50_images/mislabel_score_v2_mul/rank034_mislabel_score_v2_mul_0p8938_train_01130_label1_pred0.jpg
mislabel_score_v2_mul,35,train_00280,0.8806152874185416,1,0,0.0,0.0,0.9016124633264305,0.8806152874185416,/home/thkim0/github/AIFFEL_quest_rs/MainQuest/Quest02/data/RS18B/train/train_00280.jpg,/home/thkim0/github/AIFFEL_quest_rs/MainQuest/Quest02/outputs/trackB_070103_v2_20260701_223101/top50_images/mislabel_score_v2_mul/rank035_mislabel_score_v2_mul_0p8806_train_00280_label1_pred0.jpg
mislabel_score_v2_mul,36,train_00188,0.8798794391023942,1,0,0.0,0.0,0.8761252182367625,0.8798794391023942,/home/thkim0/github/AIFFEL_quest_rs/MainQuest/Quest02/data/RS18B/train/train_00188.jpg,/home/thkim0/github/AIFFEL_quest_rs/MainQuest/Quest02/outputs/trackB_070103_v2_20260701_223101/top50_images/mislabel_score_v2_mul/rank036_mislabel_score_v2_mul_0p8799_train_00188_label1_pred0.jpg
mislabel_score_v2_mul,37,train_00241,0.851296191950275,1,0,0.0,0.0,0.8431368042860263,0.851296191950275,/home/thkim0/github/AIFFEL_quest_rs/MainQuest/Quest02/data/RS18B/train/train_00241.jpg,/home/thkim0/github/AIFFEL_quest_rs/MainQuest/Quest02/outputs/trackB_070103_v2_20260701_223101/top50_images/mislabel_score_v2_mul/rank037_mislabel_score_v2_mul_0p8513_train_00241_label1_pred0.jpg
mislabel_score_v2_mul,38,train_00964,0.8483768668983656,0,1,0.0,0.0,0.8398288721921914,0.8483768668983656,/home/thkim0/github/AIFFEL_quest_rs/MainQuest/Quest02/data/RS18B/train/train_00964.jpg,/home/thkim0/github/AIFFEL_quest_rs/MainQuest/Quest02/outputs/trackB_070103_v2_20260701_223101/top50_images/mislabel_score_v2_mul/rank038_mislabel_score_v2_mul_0p8484_train_00964_label0_pred1.jpg
mislabel_score_v2_mul,39,train_00160,0.8330848804799434,1,0,0.0,0.0,0.8405228135632112,0.8330848804799434,/home/thkim0/github/AIFFEL_quest_rs/MainQuest/Quest02/data/RS18B/train/train_00160.jpg,/home/thkim0/github/AIFFEL_quest_rs/MainQuest/Quest02/outputs/trackB_070103_v2_20260701_223101/top50_images/mislabel_score_v2_mul/rank039_mislabel_score_v2_mul_0p8331_train_00160_label1_pred0.jpg
mislabel_score_v2_mul,40,train_00302,0.8295069778734572,1,0,0.0,0.0,0.8360613697555672,0.8295069778734572,/home/thkim0/github/AIFFEL_quest_rs/MainQuest/Quest02/data/RS18B/train/train_00302.jpg,/home/thkim0/github/AIFFEL_quest_rs/MainQuest/Quest02/outputs/trackB_070103_v2_20260701_223101/top50_images/mislabel_score_v2_mul/rank040_mislabel_score_v2_mul_0p8295_train_00302_label1_pred0.jpg
mislabel_score_v2_mul,41,train_01197,0.8232276439666748,0,1,0.0,0.0,0.8066222522745534,0.8232276439666748,/home/thkim0/github/AIFFEL_quest_rs/MainQuest/Quest02/data/RS18B/train/train_01197.jpg,/home/thkim0/github/AIFFEL_quest_rs/MainQuest/Quest02/outputs/trackB_070103_v2_20260701_223101/top50_images/mislabel_score_v2_mul/rank041_mislabel_score_v2_mul_0p8232_train_01197_label0_pred1.jpg
mislabel_score_v2_mul,42,train_00040,0.8172011160389452,0,1,0.0,0.0,0.8052117760368651,0.8172011160389452,/home/thkim0/github/AIFFEL_quest_rs/MainQuest/Quest02/data/RS18B/train/train_00040.jpg,/home/thkim0/github/AIFFEL_quest_rs/MainQuest/Quest02/outputs/trackB_070103_v2_20260701_223101/top50_images/mislabel_score_v2_mul/rank042_mislabel_score_v2_mul_0p8172_train_00040_label0_pred1.jpg
mislabel_score_v2_mul,43,train_00706,0.7583810091018677,0,1,0.0,0.0,0.7450850529798203,0.7583810091018677,/home/thkim0/github/AIFFEL_quest_rs/MainQuest/Quest02/data/RS18B/train/train_00706.jpg,/home/thkim0/github/AIFFEL_quest_rs/MainQuest/Quest02/outputs/trackB_070103_v2_20260701_223101/top50_images/mislabel_score_v2_mul/rank043_mislabel_score_v2_mul_0p7584_train_00706_label0_pred1.jpg
mislabel_score_v2_mul,44,train_00915,0.7501294525840667,1,0,0.0,0.0,0.7420206467255537,0.7501294525840667,/home/thkim0/github/AIFFEL_quest_rs/MainQuest/Quest02/data/RS18B/train/train_00915.jpg,/home/thkim0/github/AIFFEL_quest_rs/MainQuest/Quest02/outputs/trackB_070103_v2_20260701_223101/top50_images/mislabel_score_v2_mul/rank044_mislabel_score_v2_mul_0p7501_train_00915_label1_pred0.jpg
mislabel_score_v2_mul,45,train_00026,0.7388601189499338,1,0,0.0,0.0,0.7294357065310326,0.7388601189499338,/home/thkim0/github/AIFFEL_quest_rs/MainQuest/Quest02/data/RS18B/train/train_00026.jpg,/home/thkim0/github/AIFFEL_quest_rs/MainQuest/Quest02/outputs/trackB_070103_v2_20260701_223101/top50_images/mislabel_score_v2_mul/rank045_mislabel_score_v2_mul_0p7389_train_00026_label1_pred0.jpg
mislabel_score_v2_mul,46,train_01069,0.7290724061805894,0,1,0.0,0.0,0.7186599300904658,0.7290724061805894,/home/thkim0/github/AIFFEL_quest_rs/MainQuest/Quest02/data/RS18B/train/train_01069.jpg,/home/thkim0/github/AIFFEL_quest_rs/MainQuest/Quest02/outputs/trackB_070103_v2_20260701_223101/top50_images/mislabel_score_v2_mul/rank046_mislabel_score_v2_mul_0p7291_train_01069_label0_pred1.jpg
mislabel_score_v2_mul,47,train_01172,0.6779015721606112,0,1,0.5625,0.0,0.6663670276918856,0.6779015721606112,/home/thkim0/github/AIFFEL_quest_rs/MainQuest/Quest02/data/RS18B/train/train_01172.jpg,/home/thkim0/github/AIFFEL_quest_rs/MainQuest/Quest02/outputs/trackB_070103_v2_20260701_223101/top50_images/mislabel_score_v2_mul/rank047_mislabel_score_v2_mul_0p6779_train_01172_label0_pred1.jpg
mislabel_score_v2_mul,48,train_01216,0.6644929181198249,1,0,0.0,0.10989010989010996,0.6589632063253871,0.6644929181198249,/home/thkim0/github/AIFFEL_quest_rs/MainQuest/Quest02/data/RS18B/train/train_01216.jpg,/home/thkim0/github/AIFFEL_quest_rs/MainQuest/Quest02/outputs/trackB_070103_v2_20260701_223101/top50_images/mislabel_score_v2_mul/rank048_mislabel_score_v2_mul_0p6645_train_01216_label1_pred0.jpg
mislabel_score_v2_mul,49,train_00796,0.6640748381614685,0,1,0.0,0.0,0.6645972344075084,0.6640748381614685,/home/thkim0/github/AIFFEL_quest_rs/MainQuest/Quest02/data/RS18B/train/train_00796.jpg,/home/thkim0/github/AIFFEL_quest_rs/MainQuest/Quest02/outputs/trackB_070103_v2_20260701_223101/top50_images/mislabel_score_v2_mul/rank049_mislabel_score_v2_mul_0p6641_train_00796_label0_pred1.jpg
mislabel_score_v2_mul,50,train_01337,0.5831136293899081,1,0,0.0,0.0,0.6080258057363253,0.5831136293899081,/home/thkim0/github/AIFFEL_quest_rs/MainQuest/Quest02/data/RS18B/train/train_01337.jpg,/home/thkim0/github/AIFFEL_quest_rs/MainQuest/Quest02/outputs/trackB_070103_v2_20260701_223101/top50_images/mislabel_score_v2_mul/rank050_mislabel_score_v2_mul_0p5831_train_01337_label1_pred0.jpg
