score_col,rank,id,score,label,pred_label,confidence,ood_score_v2,dup_score,source_path,copied_path
mislabel_score_v2_add,1,train_00261,0.9999695304924301,1,0,0.9999492168426514,0.0,0.5625,/home/thkim0/github/AIFFEL_quest_rs/MainQuest/Quest02/data/RS18B/train/train_00261.jpg,/home/thkim0/github/AIFFEL_quest_rs/MainQuest/Quest02/outputs/trackB_070103_v2_20260701_223101/mislabel_top100_images/mislabel_score_v2_add/rank001_mislabel_score_v2_add_1p0000_train_00261_label1_pred0.jpg
mislabel_score_v2_add,2,train_00389,0.9993930623781153,1,0,0.9989882111549376,0.0,0.0,/home/thkim0/github/AIFFEL_quest_rs/MainQuest/Quest02/data/RS18B/train/train_00389.jpg,/home/thkim0/github/AIFFEL_quest_rs/MainQuest/Quest02/outputs/trackB_070103_v2_20260701_223101/mislabel_top100_images/mislabel_score_v2_add/rank002_mislabel_score_v2_add_0p9994_train_00389_label1_pred0.jpg
mislabel_score_v2_add,3,train_00235,0.9989292217634589,1,0,0.9982145428657532,0.0,0.0,/home/thkim0/github/AIFFEL_quest_rs/MainQuest/Quest02/data/RS18B/train/train_00235.jpg,/home/thkim0/github/AIFFEL_quest_rs/MainQuest/Quest02/outputs/trackB_070103_v2_20260701_223101/mislabel_top100_images/mislabel_score_v2_add/rank003_mislabel_score_v2_add_0p9989_train_00235_label1_pred0.jpg
mislabel_score_v2_add,4,train_01133,0.997265820420267,1,0,0.9954379200935364,0.0,0.0,/home/thkim0/github/AIFFEL_quest_rs/MainQuest/Quest02/data/RS18B/train/train_01133.jpg,/home/thkim0/github/AIFFEL_quest_rs/MainQuest/Quest02/outputs/trackB_070103_v2_20260701_223101/mislabel_top100_images/mislabel_score_v2_add/rank004_mislabel_score_v2_add_0p9973_train_01133_label1_pred0.jpg
mislabel_score_v2_add,5,train_01009,0.9957652987814647,1,0,0.9929296374320984,0.0,0.0,/home/thkim0/github/AIFFEL_quest_rs/MainQuest/Quest02/data/RS18B/train/train_01009.jpg,/home/thkim0/github/AIFFEL_quest_rs/MainQuest/Quest02/outputs/trackB_070103_v2_20260701_223101/mislabel_top100_images/mislabel_score_v2_add/rank005_mislabel_score_v2_add_0p9958_train_01009_label1_pred0.jpg
mislabel_score_v2_add,6,train_01119,0.9956579134516482,0,1,0.99275004863739,0.0,0.0,/home/thkim0/github/AIFFEL_quest_rs/MainQuest/Quest02/data/RS18B/train/train_01119.jpg,/home/thkim0/github/AIFFEL_quest_rs/MainQuest/Quest02/outputs/trackB_070103_v2_20260701_223101/mislabel_top100_images/mislabel_score_v2_add/rank006_mislabel_score_v2_add_0p9957_train_01119_label0_pred1.jpg
mislabel_score_v2_add,7,train_01319,0.9946678306099074,1,0,0.9910932779312134,0.0,0.0,/home/thkim0/github/AIFFEL_quest_rs/MainQuest/Quest02/data/RS18B/train/train_01319.jpg,/home/thkim0/github/AIFFEL_quest_rs/MainQuest/Quest02/outputs/trackB_070103_v2_20260701_223101/mislabel_top100_images/mislabel_score_v2_add/rank007_mislabel_score_v2_add_0p9947_train_01319_label1_pred0.jpg
mislabel_score_v2_add,8,train_00669,0.9940235458776755,0,1,0.9900143146514891,0.0,0.0,/home/thkim0/github/AIFFEL_quest_rs/MainQuest/Quest02/data/RS18B/train/train_00669.jpg,/home/thkim0/github/AIFFEL_quest_rs/MainQuest/Quest02/outputs/trackB_070103_v2_20260701_223101/mislabel_top100_images/mislabel_score_v2_add/rank008_mislabel_score_v2_add_0p9940_train_00669_label0_pred1.jpg
mislabel_score_v2_add,9,train_00132,0.988491112719597,0,1,0.980725646018982,0.0,0.0,/home/thkim0/github/AIFFEL_quest_rs/MainQuest/Quest02/data/RS18B/train/train_00132.jpg,/home/thkim0/github/AIFFEL_quest_rs/MainQuest/Quest02/outputs/trackB_070103_v2_20260701_223101/mislabel_top100_images/mislabel_score_v2_add/rank009_mislabel_score_v2_add_0p9885_train_00132_label0_pred1.jpg
mislabel_score_v2_add,10,train_01102,0.9783150186520287,1,0,0.9635257720947266,0.0,0.0,/home/thkim0/github/AIFFEL_quest_rs/MainQuest/Quest02/data/RS18B/train/train_01102.jpg,/home/thkim0/github/AIFFEL_quest_rs/MainQuest/Quest02/outputs/trackB_070103_v2_20260701_223101/mislabel_top100_images/mislabel_score_v2_add/rank010_mislabel_score_v2_add_0p9783_train_01102_label1_pred0.jpg
mislabel_score_v2_add,11,train_00570,0.9775817386256783,1,0,0.962280571460724,0.0,0.0,/home/thkim0/github/AIFFEL_quest_rs/MainQuest/Quest02/data/RS18B/train/train_00570.jpg,/home/thkim0/github/AIFFEL_quest_rs/MainQuest/Quest02/outputs/trackB_070103_v2_20260701_223101/mislabel_top100_images/mislabel_score_v2_add/rank011_mislabel_score_v2_add_0p9776_train_00570_label1_pred0.jpg
mislabel_score_v2_add,12,train_00975,0.9661699858465795,1,0,0.942798674106598,0.0,0.0,/home/thkim0/github/AIFFEL_quest_rs/MainQuest/Quest02/data/RS18B/train/train_00975.jpg,/home/thkim0/github/AIFFEL_quest_rs/MainQuest/Quest02/outputs/trackB_070103_v2_20260701_223101/mislabel_top100_images/mislabel_score_v2_add/rank012_mislabel_score_v2_add_0p9662_train_00975_label1_pred0.jpg
mislabel_score_v2_add,13,train_00784,0.959734025873763,1,0,0.9995566606521606,0.0,1.0,/home/thkim0/github/AIFFEL_quest_rs/MainQuest/Quest02/data/RS18B/train/train_00784.jpg,/home/thkim0/github/AIFFEL_quest_rs/MainQuest/Quest02/outputs/trackB_070103_v2_20260701_223101/mislabel_top100_images/mislabel_score_v2_add/rank013_mislabel_score_v2_add_0p9597_train_00784_label1_pred0.jpg
mislabel_score_v2_add,14,train_01100,0.9592131013529774,1,0,0.9986880421638488,0.0,0.0,/home/thkim0/github/AIFFEL_quest_rs/MainQuest/Quest02/data/RS18B/train/train_01100.jpg,/home/thkim0/github/AIFFEL_quest_rs/MainQuest/Quest02/outputs/trackB_070103_v2_20260701_223101/mislabel_top100_images/mislabel_score_v2_add/rank014_mislabel_score_v2_add_0p9592_train_01100_label1_pred0.jpg
mislabel_score_v2_add,15,train_01265,0.9587536889067578,1,0,0.9979217648506165,0.0,0.0,/home/thkim0/github/AIFFEL_quest_rs/MainQuest/Quest02/data/RS18B/train/train_01265.jpg,/home/thkim0/github/AIFFEL_quest_rs/MainQuest/Quest02/outputs/trackB_070103_v2_20260701_223101/mislabel_top100_images/mislabel_score_v2_add/rank015_mislabel_score_v2_add_0p9588_train_01265_label1_pred0.jpg
mislabel_score_v2_add,16,train_00591,0.9586075621560666,1,0,0.9976779222488404,0.0,0.0,/home/thkim0/github/AIFFEL_quest_rs/MainQuest/Quest02/data/RS18B/train/train_00591.jpg,/home/thkim0/github/AIFFEL_quest_rs/MainQuest/Quest02/outputs/trackB_070103_v2_20260701_223101/mislabel_top100_images/mislabel_score_v2_add/rank016_mislabel_score_v2_add_0p9586_train_00591_label1_pred0.jpg
mislabel_score_v2_add,17,train_00518,0.954422328437667,0,1,0.922537088394165,0.0,0.0,/home/thkim0/github/AIFFEL_quest_rs/MainQuest/Quest02/data/RS18B/train/train_00518.jpg,/home/thkim0/github/AIFFEL_quest_rs/MainQuest/Quest02/outputs/trackB_070103_v2_20260701_223101/mislabel_top100_images/mislabel_score_v2_add/rank017_mislabel_score_v2_add_0p9544_train_00518_label0_pred1.jpg
mislabel_score_v2_add,18,train_00514,0.952215039427716,1,0,0.9869827032089232,0.0,0.0,/home/thkim0/github/AIFFEL_quest_rs/MainQuest/Quest02/data/RS18B/train/train_00514.jpg,/home/thkim0/github/AIFFEL_quest_rs/MainQuest/Quest02/outputs/trackB_070103_v2_20260701_223101/mislabel_top100_images/mislabel_score_v2_add/rank018_mislabel_score_v2_add_0p9522_train_00514_label1_pred0.jpg
mislabel_score_v2_add,19,train_01122,0.951997305665426,0,1,0.9183279275894164,0.0,0.0,/home/thkim0/github/AIFFEL_quest_rs/MainQuest/Quest02/data/RS18B/train/train_01122.jpg,/home/thkim0/github/AIFFEL_quest_rs/MainQuest/Quest02/outputs/trackB_070103_v2_20260701_223101/mislabel_top100_images/mislabel_score_v2_add/rank019_mislabel_score_v2_add_0p9520_train_01122_label0_pred1.jpg
mislabel_score_v2_add,20,train_01300,0.9459498130158273,1,0,0.9764442443847656,0.0,0.0,/home/thkim0/github/AIFFEL_quest_rs/MainQuest/Quest02/data/RS18B/train/train_01300.jpg,/home/thkim0/github/AIFFEL_quest_rs/MainQuest/Quest02/outputs/trackB_070103_v2_20260701_223101/mislabel_top100_images/mislabel_score_v2_add/rank020_mislabel_score_v2_add_0p9459_train_01300_label1_pred0.jpg
mislabel_score_v2_add,21,train_00597,0.9417983017492537,1,0,0.9694302082061768,0.0,1.0,/home/thkim0/github/AIFFEL_quest_rs/MainQuest/Quest02/data/RS18B/train/train_00597.jpg,/home/thkim0/github/AIFFEL_quest_rs/MainQuest/Quest02/outputs/trackB_070103_v2_20260701_223101/mislabel_top100_images/mislabel_score_v2_add/rank021_mislabel_score_v2_add_0p9418_train_00597_label1_pred0.jpg
mislabel_score_v2_add,22,train_01118,0.9345260682678898,1,0,0.8877254128456116,0.0,1.0,/home/thkim0/github/AIFFEL_quest_rs/MainQuest/Quest02/data/RS18B/train/train_01118.jpg,/home/thkim0/github/AIFFEL_quest_rs/MainQuest/Quest02/outputs/trackB_070103_v2_20260701_223101/mislabel_top100_images/mislabel_score_v2_add/rank022_mislabel_score_v2_add_0p9345_train_01118_label1_pred0.jpg
mislabel_score_v2_add,23,train_00006,0.9329468907931278,1,0,0.9543914198875428,0.0,0.0,/home/thkim0/github/AIFFEL_quest_rs/MainQuest/Quest02/data/RS18B/train/train_00006.jpg,/home/thkim0/github/AIFFEL_quest_rs/MainQuest/Quest02/outputs/trackB_070103_v2_20260701_223101/mislabel_top100_images/mislabel_score_v2_add/rank023_mislabel_score_v2_add_0p9329_train_00006_label1_pred0.jpg
mislabel_score_v2_add,24,train_00912,0.9309838668812518,0,1,0.8814601898193359,0.0,0.0,/home/thkim0/github/AIFFEL_quest_rs/MainQuest/Quest02/data/RS18B/train/train_00912.jpg,/home/thkim0/github/AIFFEL_quest_rs/MainQuest/Quest02/outputs/trackB_070103_v2_20260701_223101/mislabel_top100_images/mislabel_score_v2_add/rank024_mislabel_score_v2_add_0p9310_train_00912_label0_pred1.jpg
mislabel_score_v2_add,25,train_00023,0.9269036913441938,0,1,0.8742175102233887,0.0,0.0,/home/thkim0/github/AIFFEL_quest_rs/MainQuest/Quest02/data/RS18B/train/train_00023.jpg,/home/thkim0/github/AIFFEL_quest_rs/MainQuest/Quest02/outputs/trackB_070103_v2_20260701_223101/mislabel_top100_images/mislabel_score_v2_add/rank025_mislabel_score_v2_add_0p9269_train_00023_label0_pred1.jpg
mislabel_score_v2_add,26,train_01186,0.9265049882240234,1,0,0.8735083341598511,0.0,0.0,/home/thkim0/github/AIFFEL_quest_rs/MainQuest/Quest02/data/RS18B/train/train_01186.jpg,/home/thkim0/github/AIFFEL_quest_rs/MainQuest/Quest02/outputs/trackB_070103_v2_20260701_223101/mislabel_top100_images/mislabel_score_v2_add/rank026_mislabel_score_v2_add_0p9265_train_01186_label1_pred0.jpg
mislabel_score_v2_add,27,train_00816,0.9078570492479179,1,0,0.9111201763153076,0.0,0.0,/home/thkim0/github/AIFFEL_quest_rs/MainQuest/Quest02/data/RS18B/train/train_00816.jpg,/home/thkim0/github/AIFFEL_quest_rs/MainQuest/Quest02/outputs/trackB_070103_v2_20260701_223101/mislabel_top100_images/mislabel_score_v2_add/rank027_mislabel_score_v2_add_0p9079_train_00816_label1_pred0.jpg
mislabel_score_v2_add,28,train_00119,0.9069089745034806,1,0,0.9094659090042114,0.0,0.0,/home/thkim0/github/AIFFEL_quest_rs/MainQuest/Quest02/data/RS18B/train/train_00119.jpg,/home/thkim0/github/AIFFEL_quest_rs/MainQuest/Quest02/outputs/trackB_070103_v2_20260701_223101/mislabel_top100_images/mislabel_score_v2_add/rank028_mislabel_score_v2_add_0p9069_train_00119_label1_pred0.jpg
mislabel_score_v2_add,29,train_00199,0.9040937197179231,1,0,0.9045449495315552,0.0,0.0,/home/thkim0/github/AIFFEL_quest_rs/MainQuest/Quest02/data/RS18B/train/train_00199.jpg,/home/thkim0/github/AIFFEL_quest_rs/MainQuest/Quest02/outputs/trackB_070103_v2_20260701_223101/mislabel_top100_images/mislabel_score_v2_add/rank029_mislabel_score_v2_add_0p9041_train_00199_label1_pred0.jpg
mislabel_score_v2_add,30,train_00280,0.9016124633264305,1,0,0.969115674495697,0.0,0.0,/home/thkim0/github/AIFFEL_quest_rs/MainQuest/Quest02/data/RS18B/train/train_00280.jpg,/home/thkim0/github/AIFFEL_quest_rs/MainQuest/Quest02/outputs/trackB_070103_v2_20260701_223101/mislabel_top100_images/mislabel_score_v2_add/rank030_mislabel_score_v2_add_0p9016_train_00280_label1_pred0.jpg
mislabel_score_v2_add,31,train_00298,0.8996263283849204,1,0,0.8967099785804749,0.0,0.0,/home/thkim0/github/AIFFEL_quest_rs/MainQuest/Quest02/data/RS18B/train/train_00298.jpg,/home/thkim0/github/AIFFEL_quest_rs/MainQuest/Quest02/outputs/trackB_070103_v2_20260701_223101/mislabel_top100_images/mislabel_score_v2_add/rank031_mislabel_score_v2_add_0p8996_train_00298_label1_pred0.jpg
mislabel_score_v2_add,32,train_00799,0.8960459128266933,0,1,0.8185083866119385,0.0,0.0,/home/thkim0/github/AIFFEL_quest_rs/MainQuest/Quest02/data/RS18B/train/train_00799.jpg,/home/thkim0/github/AIFFEL_quest_rs/MainQuest/Quest02/outputs/trackB_070103_v2_20260701_223101/mislabel_top100_images/mislabel_score_v2_add/rank032_mislabel_score_v2_add_0p8960_train_00799_label0_pred1.jpg
mislabel_score_v2_add,33,train_01130,0.8849050477328377,1,0,0.8869816660881042,0.04477004477004475,0.0,/home/thkim0/github/AIFFEL_quest_rs/MainQuest/Quest02/data/RS18B/train/train_01130.jpg,/home/thkim0/github/AIFFEL_quest_rs/MainQuest/Quest02/outputs/trackB_070103_v2_20260701_223101/mislabel_top100_images/mislabel_score_v2_add/rank033_mislabel_score_v2_add_0p8849_train_01130_label1_pred0.jpg
mislabel_score_v2_add,34,train_01290,0.8841727449607412,1,0,0.7966130375862122,0.0,0.0,/home/thkim0/github/AIFFEL_quest_rs/MainQuest/Quest02/data/RS18B/train/train_01290.jpg,/home/thkim0/github/AIFFEL_quest_rs/MainQuest/Quest02/outputs/trackB_070103_v2_20260701_223101/mislabel_top100_images/mislabel_score_v2_add/rank034_mislabel_score_v2_add_0p8842_train_01290_label1_pred0.jpg
mislabel_score_v2_add,35,train_00633,0.8793711980956544,0,1,0.787682294845581,0.0,0.0,/home/thkim0/github/AIFFEL_quest_rs/MainQuest/Quest02/data/RS18B/train/train_00633.jpg,/home/thkim0/github/AIFFEL_quest_rs/MainQuest/Quest02/outputs/trackB_070103_v2_20260701_223101/mislabel_top100_images/mislabel_score_v2_add/rank035_mislabel_score_v2_add_0p8794_train_00633_label0_pred1.jpg
mislabel_score_v2_add,36,train_00188,0.8761252182367625,1,0,0.8549486994743347,0.0,0.0,/home/thkim0/github/AIFFEL_quest_rs/MainQuest/Quest02/data/RS18B/train/train_00188.jpg,/home/thkim0/github/AIFFEL_quest_rs/MainQuest/Quest02/outputs/trackB_070103_v2_20260701_223101/mislabel_top100_images/mislabel_score_v2_add/rank036_mislabel_score_v2_add_0p8761_train_00188_label1_pred0.jpg
mislabel_score_v2_add,37,train_00241,0.8431368042860263,1,0,0.7946898937225342,0.0,0.0,/home/thkim0/github/AIFFEL_quest_rs/MainQuest/Quest02/data/RS18B/train/train_00241.jpg,/home/thkim0/github/AIFFEL_quest_rs/MainQuest/Quest02/outputs/trackB_070103_v2_20260701_223101/mislabel_top100_images/mislabel_score_v2_add/rank037_mislabel_score_v2_add_0p8431_train_00241_label1_pred0.jpg
mislabel_score_v2_add,38,train_00160,0.8405228135632112,1,0,0.8628343939781189,0.0,0.0,/home/thkim0/github/AIFFEL_quest_rs/MainQuest/Quest02/data/RS18B/train/train_00160.jpg,/home/thkim0/github/AIFFEL_quest_rs/MainQuest/Quest02/outputs/trackB_070103_v2_20260701_223101/mislabel_top100_images/mislabel_score_v2_add/rank038_mislabel_score_v2_add_0p8405_train_00160_label1_pred0.jpg
mislabel_score_v2_add,39,train_00964,0.8398288721921914,0,1,0.788535475730896,0.0,0.0,/home/thkim0/github/AIFFEL_quest_rs/MainQuest/Quest02/data/RS18B/train/train_00964.jpg,/home/thkim0/github/AIFFEL_quest_rs/MainQuest/Quest02/outputs/trackB_070103_v2_20260701_223101/mislabel_top100_images/mislabel_score_v2_add/rank039_mislabel_score_v2_add_0p8398_train_00964_label0_pred1.jpg
mislabel_score_v2_add,40,train_00302,0.8360613697555672,1,0,0.8548340201377869,0.0,0.0,/home/thkim0/github/AIFFEL_quest_rs/MainQuest/Quest02/data/RS18B/train/train_00302.jpg,/home/thkim0/github/AIFFEL_quest_rs/MainQuest/Quest02/outputs/trackB_070103_v2_20260701_223101/mislabel_top100_images/mislabel_score_v2_add/rank040_mislabel_score_v2_add_0p8361_train_00302_label1_pred0.jpg
mislabel_score_v2_add,41,train_01197,0.8066222522745534,0,1,0.6464552879333496,0.0,0.0,/home/thkim0/github/AIFFEL_quest_rs/MainQuest/Quest02/data/RS18B/train/train_01197.jpg,/home/thkim0/github/AIFFEL_quest_rs/MainQuest/Quest02/outputs/trackB_070103_v2_20260701_223101/mislabel_top100_images/mislabel_score_v2_add/rank041_mislabel_score_v2_add_0p8066_train_01197_label0_pred1.jpg
mislabel_score_v2_add,42,train_00040,0.8052117760368651,0,1,0.722811222076416,0.0,0.0,/home/thkim0/github/AIFFEL_quest_rs/MainQuest/Quest02/data/RS18B/train/train_00040.jpg,/home/thkim0/github/AIFFEL_quest_rs/MainQuest/Quest02/outputs/trackB_070103_v2_20260701_223101/mislabel_top100_images/mislabel_score_v2_add/rank042_mislabel_score_v2_add_0p8052_train_00040_label0_pred1.jpg
mislabel_score_v2_add,43,train_00706,0.7450850529798203,0,1,0.5167620182037354,0.0,0.0,/home/thkim0/github/AIFFEL_quest_rs/MainQuest/Quest02/data/RS18B/train/train_00706.jpg,/home/thkim0/github/AIFFEL_quest_rs/MainQuest/Quest02/outputs/trackB_070103_v2_20260701_223101/mislabel_top100_images/mislabel_score_v2_add/rank043_mislabel_score_v2_add_0p7451_train_00706_label0_pred1.jpg
mislabel_score_v2_add,44,train_00915,0.7420206467255537,1,0,0.6773403882980347,0.0,0.0,/home/thkim0/github/AIFFEL_quest_rs/MainQuest/Quest02/data/RS18B/train/train_00915.jpg,/home/thkim0/github/AIFFEL_quest_rs/MainQuest/Quest02/outputs/trackB_070103_v2_20260701_223101/mislabel_top100_images/mislabel_score_v2_add/rank044_mislabel_score_v2_add_0p7420_train_00915_label1_pred0.jpg
mislabel_score_v2_add,45,train_00026,0.7294357065310326,1,0,0.6521414518356323,0.0,0.0,/home/thkim0/github/AIFFEL_quest_rs/MainQuest/Quest02/data/RS18B/train/train_00026.jpg,/home/thkim0/github/AIFFEL_quest_rs/MainQuest/Quest02/outputs/trackB_070103_v2_20260701_223101/mislabel_top100_images/mislabel_score_v2_add/rank045_mislabel_score_v2_add_0p7294_train_00026_label1_pred0.jpg
mislabel_score_v2_add,46,train_01069,0.7186599300904658,0,1,0.6302554607391357,0.0,0.0,/home/thkim0/github/AIFFEL_quest_rs/MainQuest/Quest02/data/RS18B/train/train_01069.jpg,/home/thkim0/github/AIFFEL_quest_rs/MainQuest/Quest02/outputs/trackB_070103_v2_20260701_223101/mislabel_top100_images/mislabel_score_v2_add/rank046_mislabel_score_v2_add_0p7187_train_01069_label0_pred1.jpg
mislabel_score_v2_add,47,train_01172,0.6663670276918856,0,1,0.4291419982910156,0.0,0.5625,/home/thkim0/github/AIFFEL_quest_rs/MainQuest/Quest02/data/RS18B/train/train_01172.jpg,/home/thkim0/github/AIFFEL_quest_rs/MainQuest/Quest02/outputs/trackB_070103_v2_20260701_223101/mislabel_top100_images/mislabel_score_v2_add/rank047_mislabel_score_v2_add_0p6664_train_01172_label0_pred1.jpg
mislabel_score_v2_add,48,train_00796,0.6645972344075084,0,1,0.328149676322937,0.0,0.0,/home/thkim0/github/AIFFEL_quest_rs/MainQuest/Quest02/data/RS18B/train/train_00796.jpg,/home/thkim0/github/AIFFEL_quest_rs/MainQuest/Quest02/outputs/trackB_070103_v2_20260701_223101/mislabel_top100_images/mislabel_score_v2_add/rank048_mislabel_score_v2_add_0p6646_train_00796_label0_pred1.jpg
mislabel_score_v2_add,49,train_01216,0.6589632063253871,1,0,0.7064676880836487,0.10989010989010996,0.0,/home/thkim0/github/AIFFEL_quest_rs/MainQuest/Quest02/data/RS18B/train/train_01216.jpg,/home/thkim0/github/AIFFEL_quest_rs/MainQuest/Quest02/outputs/trackB_070103_v2_20260701_223101/mislabel_top100_images/mislabel_score_v2_add/rank049_mislabel_score_v2_add_0p6590_train_01216_label1_pred0.jpg
mislabel_score_v2_add,50,train_01337,0.6080258057363253,1,0,0.6492944359779358,0.0,0.0,/home/thkim0/github/AIFFEL_quest_rs/MainQuest/Quest02/data/RS18B/train/train_01337.jpg,/home/thkim0/github/AIFFEL_quest_rs/MainQuest/Quest02/outputs/trackB_070103_v2_20260701_223101/mislabel_top100_images/mislabel_score_v2_add/rank050_mislabel_score_v2_add_0p6080_train_01337_label1_pred0.jpg
mislabel_score_v2_add,51,train_00916,0.6026993051946044,0,1,0.1624666452407837,0.0,0.0,/home/thkim0/github/AIFFEL_quest_rs/MainQuest/Quest02/data/RS18B/train/train_00916.jpg,/home/thkim0/github/AIFFEL_quest_rs/MainQuest/Quest02/outputs/trackB_070103_v2_20260701_223101/mislabel_top100_images/mislabel_score_v2_add/rank051_mislabel_score_v2_add_0p6027_train_00916_label0_pred1.jpg
mislabel_score_v2_add,52,train_00123,0.5800024343975394,0,1,0.2110668420791626,0.0,0.0,/home/thkim0/github/AIFFEL_quest_rs/MainQuest/Quest02/data/RS18B/train/train_00123.jpg,/home/thkim0/github/AIFFEL_quest_rs/MainQuest/Quest02/outputs/trackB_070103_v2_20260701_223101/mislabel_top100_images/mislabel_score_v2_add/rank052_mislabel_score_v2_add_0p5800_train_00123_label0_pred1.jpg
mislabel_score_v2_add,53,train_00385,0.5499162270523426,0,1,0.2380528450012207,0.0,0.0,/home/thkim0/github/AIFFEL_quest_rs/MainQuest/Quest02/data/RS18B/train/train_00385.jpg,/home/thkim0/github/AIFFEL_quest_rs/MainQuest/Quest02/outputs/trackB_070103_v2_20260701_223101/mislabel_top100_images/mislabel_score_v2_add/rank053_mislabel_score_v2_add_0p5499_train_00385_label0_pred1.jpg
mislabel_score_v2_add,54,train_00830,0.47910744769076186,0,1,0.262556791305542,0.0,0.0,/home/thkim0/github/AIFFEL_quest_rs/MainQuest/Quest02/data/RS18B/train/train_00830.jpg,/home/thkim0/github/AIFFEL_quest_rs/MainQuest/Quest02/outputs/trackB_070103_v2_20260701_223101/mislabel_top100_images/mislabel_score_v2_add/rank054_mislabel_score_v2_add_0p4791_train_00830_label0_pred1.jpg
mislabel_score_v2_add,55,train_00010,0.461369386338099,0,1,0.0996041297912597,0.0,0.0,/home/thkim0/github/AIFFEL_quest_rs/MainQuest/Quest02/data/RS18B/train/train_00010.jpg,/home/thkim0/github/AIFFEL_quest_rs/MainQuest/Quest02/outputs/trackB_070103_v2_20260701_223101/mislabel_top100_images/mislabel_score_v2_add/rank055_mislabel_score_v2_add_0p4614_train_00010_label0_pred1.jpg
mislabel_score_v2_add,56,train_00186,0.4095832407756028,0,1,0.1820412874221801,0.0,0.0,/home/thkim0/github/AIFFEL_quest_rs/MainQuest/Quest02/data/RS18B/train/train_00186.jpg,/home/thkim0/github/AIFFEL_quest_rs/MainQuest/Quest02/outputs/trackB_070103_v2_20260701_223101/mislabel_top100_images/mislabel_score_v2_add/rank056_mislabel_score_v2_add_0p4096_train_00186_label0_pred1.jpg
mislabel_score_v2_add,57,train_00295,0.40343274857958533,0,0,0.6661694049835205,0.0,0.0,/home/thkim0/github/AIFFEL_quest_rs/MainQuest/Quest02/data/RS18B/train/train_00295.jpg,/home/thkim0/github/AIFFEL_quest_rs/MainQuest/Quest02/outputs/trackB_070103_v2_20260701_223101/mislabel_top100_images/mislabel_score_v2_add/rank057_mislabel_score_v2_add_0p4034_train_00295_label0_pred0.jpg
mislabel_score_v2_add,58,train_00265,0.39962000886702076,0,1,0.1536030769348144,0.0,0.0,/home/thkim0/github/AIFFEL_quest_rs/MainQuest/Quest02/data/RS18B/train/train_00265.jpg,/home/thkim0/github/AIFFEL_quest_rs/MainQuest/Quest02/outputs/trackB_070103_v2_20260701_223101/mislabel_top100_images/mislabel_score_v2_add/rank058_mislabel_score_v2_add_0p3996_train_00265_label0_pred1.jpg
mislabel_score_v2_add,59,train_01092,0.3953871938770539,0,1,0.2526962757110595,0.0,0.0,/home/thkim0/github/AIFFEL_quest_rs/MainQuest/Quest02/data/RS18B/train/train_01092.jpg,/home/thkim0/github/AIFFEL_quest_rs/MainQuest/Quest02/outputs/trackB_070103_v2_20260701_223101/mislabel_top100_images/mislabel_score_v2_add/rank059_mislabel_score_v2_add_0p3954_train_01092_label0_pred1.jpg
mislabel_score_v2_add,60,train_00471,0.39495356786651825,1,0,0.3538920879364013,0.0,0.0,/home/thkim0/github/AIFFEL_quest_rs/MainQuest/Quest02/data/RS18B/train/train_00471.jpg,/home/thkim0/github/AIFFEL_quest_rs/MainQuest/Quest02/outputs/trackB_070103_v2_20260701_223101/mislabel_top100_images/mislabel_score_v2_add/rank060_mislabel_score_v2_add_0p3950_train_00471_label1_pred0.jpg
mislabel_score_v2_add,61,train_00384,0.3911436502129207,0,1,0.9968084096908568,0.5168905168905178,0.0,/home/thkim0/github/AIFFEL_quest_rs/MainQuest/Quest02/data/RS18B/train/train_00384.jpg,/home/thkim0/github/AIFFEL_quest_rs/MainQuest/Quest02/outputs/trackB_070103_v2_20260701_223101/mislabel_top100_images/mislabel_score_v2_add/rank061_mislabel_score_v2_add_0p3911_train_00384_label0_pred1.jpg
mislabel_score_v2_add,62,train_01154,0.3788659253158253,0,1,0.1381608247756958,0.22385022385022377,0.25,/home/thkim0/github/AIFFEL_quest_rs/MainQuest/Quest02/data/RS18B/train/train_01154.jpg,/home/thkim0/github/AIFFEL_quest_rs/MainQuest/Quest02/outputs/trackB_070103_v2_20260701_223101/mislabel_top100_images/mislabel_score_v2_add/rank062_mislabel_score_v2_add_0p3789_train_01154_label0_pred1.jpg
mislabel_score_v2_add,63,train_00719,0.36751483692354625,1,0,0.3641831278800964,0.24827024827024805,0.0,/home/thkim0/github/AIFFEL_quest_rs/MainQuest/Quest02/data/RS18B/train/train_00719.jpg,/home/thkim0/github/AIFFEL_quest_rs/MainQuest/Quest02/outputs/trackB_070103_v2_20260701_223101/mislabel_top100_images/mislabel_score_v2_add/rank063_mislabel_score_v2_add_0p3675_train_00719_label1_pred0.jpg
mislabel_score_v2_add,64,train_00138,0.3662568030647467,0,0,0.3502888679504394,0.012210012210011532,0.0,/home/thkim0/github/AIFFEL_quest_rs/MainQuest/Quest02/data/RS18B/train/train_00138.jpg,/home/thkim0/github/AIFFEL_quest_rs/MainQuest/Quest02/outputs/trackB_070103_v2_20260701_223101/mislabel_top100_images/mislabel_score_v2_add/rank064_mislabel_score_v2_add_0p3663_train_00138_label0_pred0.jpg
mislabel_score_v2_add,65,train_00048,0.35311542300386684,0,1,0.19905686378479,0.19129019129019179,1.0,/home/thkim0/github/AIFFEL_quest_rs/MainQuest/Quest02/data/RS18B/train/train_00048.jpg,/home/thkim0/github/AIFFEL_quest_rs/MainQuest/Quest02/outputs/trackB_070103_v2_20260701_223101/mislabel_top100_images/mislabel_score_v2_add/rank065_mislabel_score_v2_add_0p3531_train_00048_label0_pred1.jpg
mislabel_score_v2_add,66,train_00677,0.3459021277938854,0,0,0.165285050868988,0.0,0.0,/home/thkim0/github/AIFFEL_quest_rs/MainQuest/Quest02/data/RS18B/train/train_00677.jpg,/home/thkim0/github/AIFFEL_quest_rs/MainQuest/Quest02/outputs/trackB_070103_v2_20260701_223101/mislabel_top100_images/mislabel_score_v2_add/rank066_mislabel_score_v2_add_0p3459_train_00677_label0_pred0.jpg
mislabel_score_v2_add,67,train_00202,0.34348802756414787,0,0,0.5568481087684631,0.0,0.0,/home/thkim0/github/AIFFEL_quest_rs/MainQuest/Quest02/data/RS18B/train/train_00202.jpg,/home/thkim0/github/AIFFEL_quest_rs/MainQuest/Quest02/outputs/trackB_070103_v2_20260701_223101/mislabel_top100_images/mislabel_score_v2_add/rank067_mislabel_score_v2_add_0p3435_train_00202_label0_pred0.jpg
mislabel_score_v2_add,68,train_00281,0.34300669082832463,0,0,0.7615480422973633,0.0,0.0,/home/thkim0/github/AIFFEL_quest_rs/MainQuest/Quest02/data/RS18B/train/train_00281.jpg,/home/thkim0/github/AIFFEL_quest_rs/MainQuest/Quest02/outputs/trackB_070103_v2_20260701_223101/mislabel_top100_images/mislabel_score_v2_add/rank068_mislabel_score_v2_add_0p3430_train_00281_label0_pred0.jpg
mislabel_score_v2_add,69,train_00795,0.326919991768745,1,0,0.5090022683143616,0.4029304029304028,0.0,/home/thkim0/github/AIFFEL_quest_rs/MainQuest/Quest02/data/RS18B/train/train_00795.jpg,/home/thkim0/github/AIFFEL_quest_rs/MainQuest/Quest02/outputs/trackB_070103_v2_20260701_223101/mislabel_top100_images/mislabel_score_v2_add/rank069_mislabel_score_v2_add_0p3269_train_00795_label1_pred0.jpg
mislabel_score_v2_add,70,train_00004,0.32628526222453175,1,0,0.5236492156982422,0.37851037851037844,0.0,/home/thkim0/github/AIFFEL_quest_rs/MainQuest/Quest02/data/RS18B/train/train_00004.jpg,/home/thkim0/github/AIFFEL_quest_rs/MainQuest/Quest02/outputs/trackB_070103_v2_20260701_223101/mislabel_top100_images/mislabel_score_v2_add/rank070_mislabel_score_v2_add_0p3263_train_00004_label1_pred0.jpg
mislabel_score_v2_add,71,train_00913,0.30977043103155216,0,0,0.0391210913658142,0.0,0.0,/home/thkim0/github/AIFFEL_quest_rs/MainQuest/Quest02/data/RS18B/train/train_00913.jpg,/home/thkim0/github/AIFFEL_quest_rs/MainQuest/Quest02/outputs/trackB_070103_v2_20260701_223101/mislabel_top100_images/mislabel_score_v2_add/rank071_mislabel_score_v2_add_0p3098_train_00913_label0_pred0.jpg
mislabel_score_v2_add,72,train_00658,0.2961159335920662,0,0,0.5993555784225464,0.0,0.0,/home/thkim0/github/AIFFEL_quest_rs/MainQuest/Quest02/data/RS18B/train/train_00658.jpg,/home/thkim0/github/AIFFEL_quest_rs/MainQuest/Quest02/outputs/trackB_070103_v2_20260701_223101/mislabel_top100_images/mislabel_score_v2_add/rank072_mislabel_score_v2_add_0p2961_train_00658_label0_pred0.jpg
mislabel_score_v2_add,73,train_00906,0.29417506150047495,1,0,0.194920003414154,0.0,0.0,/home/thkim0/github/AIFFEL_quest_rs/MainQuest/Quest02/data/RS18B/train/train_00906.jpg,/home/thkim0/github/AIFFEL_quest_rs/MainQuest/Quest02/outputs/trackB_070103_v2_20260701_223101/mislabel_top100_images/mislabel_score_v2_add/rank073_mislabel_score_v2_add_0p2942_train_00906_label1_pred0.jpg
mislabel_score_v2_add,74,train_00808,0.28204006694762207,0,0,0.6731019020080566,0.0,0.0,/home/thkim0/github/AIFFEL_quest_rs/MainQuest/Quest02/data/RS18B/train/train_00808.jpg,/home/thkim0/github/AIFFEL_quest_rs/MainQuest/Quest02/outputs/trackB_070103_v2_20260701_223101/mislabel_top100_images/mislabel_score_v2_add/rank074_mislabel_score_v2_add_0p2820_train_00808_label0_pred0.jpg
mislabel_score_v2_add,75,train_00126,0.28123498154904314,0,1,0.3650301694869995,0.4761904761904769,1.0,/home/thkim0/github/AIFFEL_quest_rs/MainQuest/Quest02/data/RS18B/train/train_00126.jpg,/home/thkim0/github/AIFFEL_quest_rs/MainQuest/Quest02/outputs/trackB_070103_v2_20260701_223101/mislabel_top100_images/mislabel_score_v2_add/rank075_mislabel_score_v2_add_0p2812_train_00126_label0_pred1.jpg
mislabel_score_v2_add,76,train_00205,0.2755282434647802,1,1,0.4793868064880371,0.0,0.0,/home/thkim0/github/AIFFEL_quest_rs/MainQuest/Quest02/data/RS18B/train/train_00205.jpg,/home/thkim0/github/AIFFEL_quest_rs/MainQuest/Quest02/outputs/trackB_070103_v2_20260701_223101/mislabel_top100_images/mislabel_score_v2_add/rank076_mislabel_score_v2_add_0p2755_train_00205_label1_pred1.jpg
mislabel_score_v2_add,77,train_00329,0.27085811327655746,0,0,0.0798152685165405,0.31339031339031326,0.0,/home/thkim0/github/AIFFEL_quest_rs/MainQuest/Quest02/data/RS18B/train/train_00329.jpg,/home/thkim0/github/AIFFEL_quest_rs/MainQuest/Quest02/outputs/trackB_070103_v2_20260701_223101/mislabel_top100_images/mislabel_score_v2_add/rank077_mislabel_score_v2_add_0p2709_train_00329_label0_pred0.jpg
mislabel_score_v2_add,78,train_01051,0.2697780924363134,1,1,0.03846275806427,0.0,0.0,/home/thkim0/github/AIFFEL_quest_rs/MainQuest/Quest02/data/RS18B/train/train_01051.jpg,/home/thkim0/github/AIFFEL_quest_rs/MainQuest/Quest02/outputs/trackB_070103_v2_20260701_223101/mislabel_top100_images/mislabel_score_v2_add/rank078_mislabel_score_v2_add_0p2698_train_01051_label1_pred1.jpg
mislabel_score_v2_add,79,train_00009,0.2697714542218586,1,1,0.5178710222244263,0.0,0.0,/home/thkim0/github/AIFFEL_quest_rs/MainQuest/Quest02/data/RS18B/train/train_00009.jpg,/home/thkim0/github/AIFFEL_quest_rs/MainQuest/Quest02/outputs/trackB_070103_v2_20260701_223101/mislabel_top100_images/mislabel_score_v2_add/rank079_mislabel_score_v2_add_0p2698_train_00009_label1_pred1.jpg
mislabel_score_v2_add,80,train_01135,0.2675333837320417,1,1,0.2447943687438964,0.18315018315018286,1.0,/home/thkim0/github/AIFFEL_quest_rs/MainQuest/Quest02/data/RS18B/train/train_01135.jpg,/home/thkim0/github/AIFFEL_quest_rs/MainQuest/Quest02/outputs/trackB_070103_v2_20260701_223101/mislabel_top100_images/mislabel_score_v2_add/rank080_mislabel_score_v2_add_0p2675_train_01135_label1_pred1.jpg
mislabel_score_v2_add,81,train_00379,0.2516191800583853,0,0,0.6238633394241333,0.0,0.0,/home/thkim0/github/AIFFEL_quest_rs/MainQuest/Quest02/data/RS18B/train/train_00379.jpg,/home/thkim0/github/AIFFEL_quest_rs/MainQuest/Quest02/outputs/trackB_070103_v2_20260701_223101/mislabel_top100_images/mislabel_score_v2_add/rank081_mislabel_score_v2_add_0p2516_train_00379_label0_pred0.jpg
mislabel_score_v2_add,82,train_00008,0.24648474633416134,1,1,0.3959399461746216,0.0,0.0,/home/thkim0/github/AIFFEL_quest_rs/MainQuest/Quest02/data/RS18B/train/train_00008.jpg,/home/thkim0/github/AIFFEL_quest_rs/MainQuest/Quest02/outputs/trackB_070103_v2_20260701_223101/mislabel_top100_images/mislabel_score_v2_add/rank082_mislabel_score_v2_add_0p2465_train_00008_label1_pred1.jpg
mislabel_score_v2_add,83,train_00187,0.24136975408610267,1,1,0.2575875520706177,0.06105006105006136,0.25,/home/thkim0/github/AIFFEL_quest_rs/MainQuest/Quest02/data/RS18B/train/train_00187.jpg,/home/thkim0/github/AIFFEL_quest_rs/MainQuest/Quest02/outputs/trackB_070103_v2_20260701_223101/mislabel_top100_images/mislabel_score_v2_add/rank083_mislabel_score_v2_add_0p2414_train_00187_label1_pred1.jpg
mislabel_score_v2_add,84,train_00192,0.23723383144390583,1,0,0.0238288640975952,0.0,0.0,/home/thkim0/github/AIFFEL_quest_rs/MainQuest/Quest02/data/RS18B/train/train_00192.jpg,/home/thkim0/github/AIFFEL_quest_rs/MainQuest/Quest02/outputs/trackB_070103_v2_20260701_223101/mislabel_top100_images/mislabel_score_v2_add/rank084_mislabel_score_v2_add_0p2372_train_00192_label1_pred0.jpg
mislabel_score_v2_add,85,train_01161,0.22902352954128802,1,1,0.0806833505630493,0.0,1.0,/home/thkim0/github/AIFFEL_quest_rs/MainQuest/Quest02/data/RS18B/train/train_01161.jpg,/home/thkim0/github/AIFFEL_quest_rs/MainQuest/Quest02/outputs/trackB_070103_v2_20260701_223101/mislabel_top100_images/mislabel_score_v2_add/rank085_mislabel_score_v2_add_0p2290_train_01161_label1_pred1.jpg
mislabel_score_v2_add,86,train_00965,0.22855288142302216,1,1,0.0982221364974975,0.0,1.0,/home/thkim0/github/AIFFEL_quest_rs/MainQuest/Quest02/data/RS18B/train/train_00965.jpg,/home/thkim0/github/AIFFEL_quest_rs/MainQuest/Quest02/outputs/trackB_070103_v2_20260701_223101/mislabel_top100_images/mislabel_score_v2_add/rank086_mislabel_score_v2_add_0p2286_train_00965_label1_pred1.jpg
mislabel_score_v2_add,87,train_00113,0.21126065544428477,1,1,0.3534528017044067,0.0,0.0,/home/thkim0/github/AIFFEL_quest_rs/MainQuest/Quest02/data/RS18B/train/train_00113.jpg,/home/thkim0/github/AIFFEL_quest_rs/MainQuest/Quest02/outputs/trackB_070103_v2_20260701_223101/mislabel_top100_images/mislabel_score_v2_add/rank087_mislabel_score_v2_add_0p2113_train_00113_label1_pred1.jpg
mislabel_score_v2_add,88,train_01352,0.20473082759799005,1,1,0.4104400873184204,0.0,0.0,/home/thkim0/github/AIFFEL_quest_rs/MainQuest/Quest02/data/RS18B/train/train_01352.jpg,/home/thkim0/github/AIFFEL_quest_rs/MainQuest/Quest02/outputs/trackB_070103_v2_20260701_223101/mislabel_top100_images/mislabel_score_v2_add/rank088_mislabel_score_v2_add_0p2047_train_01352_label1_pred1.jpg
mislabel_score_v2_add,89,train_00452,0.20462317544820952,0,0,0.6541166305541992,0.14245014245014195,0.0,/home/thkim0/github/AIFFEL_quest_rs/MainQuest/Quest02/data/RS18B/train/train_00452.jpg,/home/thkim0/github/AIFFEL_quest_rs/MainQuest/Quest02/outputs/trackB_070103_v2_20260701_223101/mislabel_top100_images/mislabel_score_v2_add/rank089_mislabel_score_v2_add_0p2046_train_00452_label0_pred0.jpg
mislabel_score_v2_add,90,train_01332,0.2037888458379281,1,1,0.4180203676223755,0.0,0.0,/home/thkim0/github/AIFFEL_quest_rs/MainQuest/Quest02/data/RS18B/train/train_01332.jpg,/home/thkim0/github/AIFFEL_quest_rs/MainQuest/Quest02/outputs/trackB_070103_v2_20260701_223101/mislabel_top100_images/mislabel_score_v2_add/rank090_mislabel_score_v2_add_0p2038_train_01332_label1_pred1.jpg
mislabel_score_v2_add,91,train_00734,0.2026435164119746,0,0,0.7514523267745972,0.08547008547008567,0.0,/home/thkim0/github/AIFFEL_quest_rs/MainQuest/Quest02/data/RS18B/train/train_00734.jpg,/home/thkim0/github/AIFFEL_quest_rs/MainQuest/Quest02/outputs/trackB_070103_v2_20260701_223101/mislabel_top100_images/mislabel_score_v2_add/rank091_mislabel_score_v2_add_0p2026_train_00734_label0_pred0.jpg
mislabel_score_v2_add,92,train_01143,0.19964545448476828,1,1,0.4498486518859863,0.0,0.0,/home/thkim0/github/AIFFEL_quest_rs/MainQuest/Quest02/data/RS18B/train/train_01143.jpg,/home/thkim0/github/AIFFEL_quest_rs/MainQuest/Quest02/outputs/trackB_070103_v2_20260701_223101/mislabel_top100_images/mislabel_score_v2_add/rank092_mislabel_score_v2_add_0p1996_train_01143_label1_pred1.jpg
mislabel_score_v2_add,93,train_00306,0.19892906750447667,1,0,0.6617575883865356,0.6064306064306073,0.0,/home/thkim0/github/AIFFEL_quest_rs/MainQuest/Quest02/data/RS18B/train/train_00306.jpg,/home/thkim0/github/AIFFEL_quest_rs/MainQuest/Quest02/outputs/trackB_070103_v2_20260701_223101/mislabel_top100_images/mislabel_score_v2_add/rank093_mislabel_score_v2_add_0p1989_train_00306_label1_pred0.jpg
mislabel_score_v2_add,94,train_00905,0.19710858514613452,0,0,0.0848880410194397,0.4192104192104194,0.0,/home/thkim0/github/AIFFEL_quest_rs/MainQuest/Quest02/data/RS18B/train/train_00905.jpg,/home/thkim0/github/AIFFEL_quest_rs/MainQuest/Quest02/outputs/trackB_070103_v2_20260701_223101/mislabel_top100_images/mislabel_score_v2_add/rank094_mislabel_score_v2_add_0p1971_train_00905_label0_pred0.jpg
mislabel_score_v2_add,95,train_01274,0.19631202853720744,0,0,0.371097207069397,0.05291005291005244,0.0,/home/thkim0/github/AIFFEL_quest_rs/MainQuest/Quest02/data/RS18B/train/train_01274.jpg,/home/thkim0/github/AIFFEL_quest_rs/MainQuest/Quest02/outputs/trackB_070103_v2_20260701_223101/mislabel_top100_images/mislabel_score_v2_add/rank095_mislabel_score_v2_add_0p1963_train_01274_label0_pred0.jpg
mislabel_score_v2_add,96,train_00859,0.1941990323068214,1,0,0.8702328205108643,0.6634106634106636,0.0,/home/thkim0/github/AIFFEL_quest_rs/MainQuest/Quest02/data/RS18B/train/train_00859.jpg,/home/thkim0/github/AIFFEL_quest_rs/MainQuest/Quest02/outputs/trackB_070103_v2_20260701_223101/mislabel_top100_images/mislabel_score_v2_add/rank096_mislabel_score_v2_add_0p1942_train_00859_label1_pred0.jpg
mislabel_score_v2_add,97,train_00029,0.19288709231959789,1,1,0.8836021423339844,0.0,0.0,/home/thkim0/github/AIFFEL_quest_rs/MainQuest/Quest02/data/RS18B/train/train_00029.jpg,/home/thkim0/github/AIFFEL_quest_rs/MainQuest/Quest02/outputs/trackB_070103_v2_20260701_223101/mislabel_top100_images/mislabel_score_v2_add/rank097_mislabel_score_v2_add_0p1929_train_00029_label1_pred1.jpg
mislabel_score_v2_add,98,train_01343,0.1863256874875652,1,1,0.5395944118499756,0.0,1.0,/home/thkim0/github/AIFFEL_quest_rs/MainQuest/Quest02/data/RS18B/train/train_01343.jpg,/home/thkim0/github/AIFFEL_quest_rs/MainQuest/Quest02/outputs/trackB_070103_v2_20260701_223101/mislabel_top100_images/mislabel_score_v2_add/rank098_mislabel_score_v2_add_0p1863_train_01343_label1_pred1.jpg
mislabel_score_v2_add,99,train_00418,0.18614388561617498,0,0,0.7476903200149536,0.0,0.0,/home/thkim0/github/AIFFEL_quest_rs/MainQuest/Quest02/data/RS18B/train/train_00418.jpg,/home/thkim0/github/AIFFEL_quest_rs/MainQuest/Quest02/outputs/trackB_070103_v2_20260701_223101/mislabel_top100_images/mislabel_score_v2_add/rank099_mislabel_score_v2_add_0p1861_train_00418_label0_pred0.jpg
mislabel_score_v2_add,100,train_00952,0.18517405603983964,1,1,0.5310746431350708,0.15873015873015855,0.0,/home/thkim0/github/AIFFEL_quest_rs/MainQuest/Quest02/data/RS18B/train/train_00952.jpg,/home/thkim0/github/AIFFEL_quest_rs/MainQuest/Quest02/outputs/trackB_070103_v2_20260701_223101/mislabel_top100_images/mislabel_score_v2_add/rank100_mislabel_score_v2_add_0p1852_train_00952_label1_pred1.jpg
mislabel_score_v2_mul,1,train_00261,0.9999746084213256,1,0,0.9999492168426514,0.0,0.5625,/home/thkim0/github/AIFFEL_quest_rs/MainQuest/Quest02/data/RS18B/train/train_00261.jpg,/home/thkim0/github/AIFFEL_quest_rs/MainQuest/Quest02/outputs/trackB_070103_v2_20260701_223101/mislabel_top100_images/mislabel_score_v2_mul/rank001_mislabel_score_v2_mul_1p0000_train_00261_label1_pred0.jpg
mislabel_score_v2_mul,2,train_00389,0.9994940906763075,1,0,0.9989882111549376,0.0,0.0,/home/thkim0/github/AIFFEL_quest_rs/MainQuest/Quest02/data/RS18B/train/train_00389.jpg,/home/thkim0/github/AIFFEL_quest_rs/MainQuest/Quest02/outputs/trackB_070103_v2_20260701_223101/mislabel_top100_images/mislabel_score_v2_mul/rank002_mislabel_score_v2_mul_0p9995_train_00389_label1_pred0.jpg
mislabel_score_v2_mul,3,train_00235,0.9991072863340377,1,0,0.9982145428657532,0.0,0.0,/home/thkim0/github/AIFFEL_quest_rs/MainQuest/Quest02/data/RS18B/train/train_00235.jpg,/home/thkim0/github/AIFFEL_quest_rs/MainQuest/Quest02/outputs/trackB_070103_v2_20260701_223101/mislabel_top100_images/mislabel_score_v2_mul/rank003_mislabel_score_v2_mul_0p9991_train_00235_label1_pred0.jpg
mislabel_score_v2_mul,4,train_01133,0.9977189153432836,1,0,0.9954379200935364,0.0,0.0,/home/thkim0/github/AIFFEL_quest_rs/MainQuest/Quest02/data/RS18B/train/train_01133.jpg,/home/thkim0/github/AIFFEL_quest_rs/MainQuest/Quest02/outputs/trackB_070103_v2_20260701_223101/mislabel_top100_images/mislabel_score_v2_mul/rank004_mislabel_score_v2_mul_0p9977_train_01133_label1_pred0.jpg
mislabel_score_v2_mul,5,train_01009,0.9964648336172103,1,0,0.9929296374320984,0.0,0.0,/home/thkim0/github/AIFFEL_quest_rs/MainQuest/Quest02/data/RS18B/train/train_01009.jpg,/home/thkim0/github/AIFFEL_quest_rs/MainQuest/Quest02/outputs/trackB_070103_v2_20260701_223101/mislabel_top100_images/mislabel_score_v2_mul/rank005_mislabel_score_v2_mul_0p9965_train_01009_label1_pred0.jpg
mislabel_score_v2_mul,6,train_01119,0.9963750243186952,0,1,0.99275004863739,0.0,0.0,/home/thkim0/github/AIFFEL_quest_rs/MainQuest/Quest02/data/RS18B/train/train_01119.jpg,/home/thkim0/github/AIFFEL_quest_rs/MainQuest/Quest02/outputs/trackB_070103_v2_20260701_223101/mislabel_top100_images/mislabel_score_v2_mul/rank006_mislabel_score_v2_mul_0p9964_train_01119_label0_pred1.jpg
mislabel_score_v2_mul,7,train_01319,0.9955466091632839,1,0,0.9910932779312134,0.0,0.0,/home/thkim0/github/AIFFEL_quest_rs/MainQuest/Quest02/data/RS18B/train/train_01319.jpg,/home/thkim0/github/AIFFEL_quest_rs/MainQuest/Quest02/outputs/trackB_070103_v2_20260701_223101/mislabel_top100_images/mislabel_score_v2_mul/rank007_mislabel_score_v2_mul_0p9955_train_01319_label1_pred0.jpg
mislabel_score_v2_mul,8,train_00669,0.9950071573257446,0,1,0.9900143146514891,0.0,0.0,/home/thkim0/github/AIFFEL_quest_rs/MainQuest/Quest02/data/RS18B/train/train_00669.jpg,/home/thkim0/github/AIFFEL_quest_rs/MainQuest/Quest02/outputs/trackB_070103_v2_20260701_223101/mislabel_top100_images/mislabel_score_v2_mul/rank008_mislabel_score_v2_mul_0p9950_train_00669_label0_pred1.jpg
mislabel_score_v2_mul,9,train_00132,0.990362823009491,0,1,0.980725646018982,0.0,0.0,/home/thkim0/github/AIFFEL_quest_rs/MainQuest/Quest02/data/RS18B/train/train_00132.jpg,/home/thkim0/github/AIFFEL_quest_rs/MainQuest/Quest02/outputs/trackB_070103_v2_20260701_223101/mislabel_top100_images/mislabel_score_v2_mul/rank009_mislabel_score_v2_mul_0p9904_train_00132_label0_pred1.jpg
mislabel_score_v2_mul,10,train_01102,0.9817628860473632,1,0,0.9635257720947266,0.0,0.0,/home/thkim0/github/AIFFEL_quest_rs/MainQuest/Quest02/data/RS18B/train/train_01102.jpg,/home/thkim0/github/AIFFEL_quest_rs/MainQuest/Quest02/outputs/trackB_070103_v2_20260701_223101/mislabel_top100_images/mislabel_score_v2_mul/rank010_mislabel_score_v2_mul_0p9818_train_01102_label1_pred0.jpg
mislabel_score_v2_mul,11,train_00570,0.9811402708292006,1,0,0.962280571460724,0.0,0.0,/home/thkim0/github/AIFFEL_quest_rs/MainQuest/Quest02/data/RS18B/train/train_00570.jpg,/home/thkim0/github/AIFFEL_quest_rs/MainQuest/Quest02/outputs/trackB_070103_v2_20260701_223101/mislabel_top100_images/mislabel_score_v2_mul/rank011_mislabel_score_v2_mul_0p9811_train_00570_label1_pred0.jpg
mislabel_score_v2_mul,12,train_00975,0.9713993221521376,1,0,0.942798674106598,0.0,0.0,/home/thkim0/github/AIFFEL_quest_rs/MainQuest/Quest02/data/RS18B/train/train_00975.jpg,/home/thkim0/github/AIFFEL_quest_rs/MainQuest/Quest02/outputs/trackB_070103_v2_20260701_223101/mislabel_top100_images/mislabel_score_v2_mul/rank012_mislabel_score_v2_mul_0p9714_train_00975_label1_pred0.jpg
mislabel_score_v2_mul,13,train_00518,0.9612685441970824,0,1,0.922537088394165,0.0,0.0,/home/thkim0/github/AIFFEL_quest_rs/MainQuest/Quest02/data/RS18B/train/train_00518.jpg,/home/thkim0/github/AIFFEL_quest_rs/MainQuest/Quest02/outputs/trackB_070103_v2_20260701_223101/mislabel_top100_images/mislabel_score_v2_mul/rank013_mislabel_score_v2_mul_0p9613_train_00518_label0_pred1.jpg
mislabel_score_v2_mul,14,train_01122,0.9591639637947084,0,1,0.9183279275894164,0.0,0.0,/home/thkim0/github/AIFFEL_quest_rs/MainQuest/Quest02/data/RS18B/train/train_01122.jpg,/home/thkim0/github/AIFFEL_quest_rs/MainQuest/Quest02/outputs/trackB_070103_v2_20260701_223101/mislabel_top100_images/mislabel_score_v2_mul/rank014_mislabel_score_v2_mul_0p9592_train_01122_label0_pred1.jpg
mislabel_score_v2_mul,15,train_00784,0.948473003733182,1,0,0.9995566606521606,0.0,1.0,/home/thkim0/github/AIFFEL_quest_rs/MainQuest/Quest02/data/RS18B/train/train_00784.jpg,/home/thkim0/github/AIFFEL_quest_rs/MainQuest/Quest02/outputs/trackB_070103_v2_20260701_223101/mislabel_top100_images/mislabel_score_v2_mul/rank015_mislabel_score_v2_mul_0p9485_train_00784_label1_pred0.jpg
mislabel_score_v2_mul,16,train_01100,0.948060995943545,1,0,0.9986880421638488,0.0,0.0,/home/thkim0/github/AIFFEL_quest_rs/MainQuest/Quest02/data/RS18B/train/train_01100.jpg,/home/thkim0/github/AIFFEL_quest_rs/MainQuest/Quest02/outputs/trackB_070103_v2_20260701_223101/mislabel_top100_images/mislabel_score_v2_mul/rank016_mislabel_score_v2_mul_0p9481_train_01100_label1_pred0.jpg
mislabel_score_v2_mul,17,train_01265,0.9476974904262101,1,0,0.9979217648506165,0.0,0.0,/home/thkim0/github/AIFFEL_quest_rs/MainQuest/Quest02/data/RS18B/train/train_01265.jpg,/home/thkim0/github/AIFFEL_quest_rs/MainQuest/Quest02/outputs/trackB_070103_v2_20260701_223101/mislabel_top100_images/mislabel_score_v2_mul/rank017_mislabel_score_v2_mul_0p9477_train_01265_label1_pred0.jpg
mislabel_score_v2_mul,18,train_00591,0.9475818398608639,1,0,0.9976779222488404,0.0,0.0,/home/thkim0/github/AIFFEL_quest_rs/MainQuest/Quest02/data/RS18B/train/train_00591.jpg,/home/thkim0/github/AIFFEL_quest_rs/MainQuest/Quest02/outputs/trackB_070103_v2_20260701_223101/mislabel_top100_images/mislabel_score_v2_mul/rank018_mislabel_score_v2_mul_0p9476_train_00591_label1_pred0.jpg
mislabel_score_v2_mul,19,train_01118,0.9438626915216445,1,0,0.8877254128456116,0.0,1.0,/home/thkim0/github/AIFFEL_quest_rs/MainQuest/Quest02/data/RS18B/train/train_01118.jpg,/home/thkim0/github/AIFFEL_quest_rs/MainQuest/Quest02/outputs/trackB_070103_v2_20260701_223101/mislabel_top100_images/mislabel_score_v2_mul/rank019_mislabel_score_v2_mul_0p9439_train_01118_label1_pred0.jpg
mislabel_score_v2_mul,20,train_00514,0.9425086520247833,1,0,0.9869827032089232,0.0,0.0,/home/thkim0/github/AIFFEL_quest_rs/MainQuest/Quest02/data/RS18B/train/train_00514.jpg,/home/thkim0/github/AIFFEL_quest_rs/MainQuest/Quest02/outputs/trackB_070103_v2_20260701_223101/mislabel_top100_images/mislabel_score_v2_mul/rank020_mislabel_score_v2_mul_0p9425_train_00514_label1_pred0.jpg
mislabel_score_v2_mul,21,train_00912,0.940730094909668,0,1,0.8814601898193359,0.0,0.0,/home/thkim0/github/AIFFEL_quest_rs/MainQuest/Quest02/data/RS18B/train/train_00912.jpg,/home/thkim0/github/AIFFEL_quest_rs/MainQuest/Quest02/outputs/trackB_070103_v2_20260701_223101/mislabel_top100_images/mislabel_score_v2_mul/rank021_mislabel_score_v2_mul_0p9407_train_00912_label0_pred1.jpg
mislabel_score_v2_mul,22,train_01300,0.9375098503609126,1,0,0.9764442443847656,0.0,0.0,/home/thkim0/github/AIFFEL_quest_rs/MainQuest/Quest02/data/RS18B/train/train_01300.jpg,/home/thkim0/github/AIFFEL_quest_rs/MainQuest/Quest02/outputs/trackB_070103_v2_20260701_223101/mislabel_top100_images/mislabel_score_v2_mul/rank022_mislabel_score_v2_mul_0p9375_train_01300_label1_pred0.jpg
mislabel_score_v2_mul,23,train_00023,0.9371087551116944,0,1,0.8742175102233887,0.0,0.0,/home/thkim0/github/AIFFEL_quest_rs/MainQuest/Quest02/data/RS18B/train/train_00023.jpg,/home/thkim0/github/AIFFEL_quest_rs/MainQuest/Quest02/outputs/trackB_070103_v2_20260701_223101/mislabel_top100_images/mislabel_score_v2_mul/rank023_mislabel_score_v2_mul_0p9371_train_00023_label0_pred1.jpg
mislabel_score_v2_mul,24,train_01186,0.9367541372776027,1,0,0.8735083341598511,0.0,0.0,/home/thkim0/github/AIFFEL_quest_rs/MainQuest/Quest02/data/RS18B/train/train_01186.jpg,/home/thkim0/github/AIFFEL_quest_rs/MainQuest/Quest02/outputs/trackB_070103_v2_20260701_223101/mislabel_top100_images/mislabel_score_v2_mul/rank024_mislabel_score_v2_mul_0p9368_train_01186_label1_pred0.jpg
mislabel_score_v2_mul,25,train_00597,0.934182772600673,1,0,0.9694302082061768,0.0,1.0,/home/thkim0/github/AIFFEL_quest_rs/MainQuest/Quest02/data/RS18B/train/train_00597.jpg,/home/thkim0/github/AIFFEL_quest_rs/MainQuest/Quest02/outputs/trackB_070103_v2_20260701_223101/mislabel_top100_images/mislabel_score_v2_mul/rank025_mislabel_score_v2_mul_0p9342_train_00597_label1_pred0.jpg
mislabel_score_v2_mul,26,train_00006,0.927049263086753,1,0,0.9543914198875428,0.0,0.0,/home/thkim0/github/AIFFEL_quest_rs/MainQuest/Quest02/data/RS18B/train/train_00006.jpg,/home/thkim0/github/AIFFEL_quest_rs/MainQuest/Quest02/outputs/trackB_070103_v2_20260701_223101/mislabel_top100_images/mislabel_score_v2_mul/rank026_mislabel_score_v2_mul_0p9270_train_00006_label1_pred0.jpg
mislabel_score_v2_mul,27,train_00799,0.9092541933059692,0,1,0.8185083866119385,0.0,0.0,/home/thkim0/github/AIFFEL_quest_rs/MainQuest/Quest02/data/RS18B/train/train_00799.jpg,/home/thkim0/github/AIFFEL_quest_rs/MainQuest/Quest02/outputs/trackB_070103_v2_20260701_223101/mislabel_top100_images/mislabel_score_v2_mul/rank027_mislabel_score_v2_mul_0p9093_train_00799_label0_pred1.jpg
mislabel_score_v2_mul,28,train_00816,0.9065238959188427,1,0,0.9111201763153076,0.0,0.0,/home/thkim0/github/AIFFEL_quest_rs/MainQuest/Quest02/data/RS18B/train/train_00816.jpg,/home/thkim0/github/AIFFEL_quest_rs/MainQuest/Quest02/outputs/trackB_070103_v2_20260701_223101/mislabel_top100_images/mislabel_score_v2_mul/rank028_mislabel_score_v2_mul_0p9065_train_00816_label1_pred0.jpg
mislabel_score_v2_mul,29,train_00119,0.9057391797616028,1,0,0.9094659090042114,0.0,0.0,/home/thkim0/github/AIFFEL_quest_rs/MainQuest/Quest02/data/RS18B/train/train_00119.jpg,/home/thkim0/github/AIFFEL_quest_rs/MainQuest/Quest02/outputs/trackB_070103_v2_20260701_223101/mislabel_top100_images/mislabel_score_v2_mul/rank029_mislabel_score_v2_mul_0p9057_train_00119_label1_pred0.jpg
mislabel_score_v2_mul,30,train_00199,0.9034049920035225,1,0,0.9045449495315552,0.0,0.0,/home/thkim0/github/AIFFEL_quest_rs/MainQuest/Quest02/data/RS18B/train/train_00199.jpg,/home/thkim0/github/AIFFEL_quest_rs/MainQuest/Quest02/outputs/trackB_070103_v2_20260701_223101/mislabel_top100_images/mislabel_score_v2_mul/rank030_mislabel_score_v2_mul_0p9034_train_00199_label1_pred0.jpg
mislabel_score_v2_mul,31,train_00298,0.8996885530990049,1,0,0.8967099785804749,0.0,0.0,/home/thkim0/github/AIFFEL_quest_rs/MainQuest/Quest02/data/RS18B/train/train_00298.jpg,/home/thkim0/github/AIFFEL_quest_rs/MainQuest/Quest02/outputs/trackB_070103_v2_20260701_223101/mislabel_top100_images/mislabel_score_v2_mul/rank031_mislabel_score_v2_mul_0p8997_train_00298_label1_pred0.jpg
mislabel_score_v2_mul,32,train_01290,0.8983065038919448,1,0,0.7966130375862122,0.0,0.0,/home/thkim0/github/AIFFEL_quest_rs/MainQuest/Quest02/data/RS18B/train/train_01290.jpg,/home/thkim0/github/AIFFEL_quest_rs/MainQuest/Quest02/outputs/trackB_070103_v2_20260701_223101/mislabel_top100_images/mislabel_score_v2_mul/rank032_mislabel_score_v2_mul_0p8983_train_01290_label1_pred0.jpg
mislabel_score_v2_mul,33,train_00633,0.8938411474227905,0,1,0.787682294845581,0.0,0.0,/home/thkim0/github/AIFFEL_quest_rs/MainQuest/Quest02/data/RS18B/train/train_00633.jpg,/home/thkim0/github/AIFFEL_quest_rs/MainQuest/Quest02/outputs/trackB_070103_v2_20260701_223101/mislabel_top100_images/mislabel_score_v2_mul/rank033_mislabel_score_v2_mul_0p8938_train_00633_label0_pred1.jpg
mislabel_score_v2_mul,34,train_01130,0.8937965520624397,1,0,0.8869816660881042,0.04477004477004475,0.0,/home/thkim0/github/AIFFEL_quest_rs/MainQuest/Quest02/data/RS18B/train/train_01130.jpg,/home/thkim0/github/AIFFEL_quest_rs/MainQuest/Quest02/outputs/trackB_070103_v2_20260701_223101/mislabel_top100_images/mislabel_score_v2_mul/rank034_mislabel_score_v2_mul_0p8938_train_01130_label1_pred0.jpg
mislabel_score_v2_mul,35,train_00280,0.8806152874185416,1,0,0.969115674495697,0.0,0.0,/home/thkim0/github/AIFFEL_quest_rs/MainQuest/Quest02/data/RS18B/train/train_00280.jpg,/home/thkim0/github/AIFFEL_quest_rs/MainQuest/Quest02/outputs/trackB_070103_v2_20260701_223101/mislabel_top100_images/mislabel_score_v2_mul/rank035_mislabel_score_v2_mul_0p8806_train_00280_label1_pred0.jpg
mislabel_score_v2_mul,36,train_00188,0.8798794391023942,1,0,0.8549486994743347,0.0,0.0,/home/thkim0/github/AIFFEL_quest_rs/MainQuest/Quest02/data/RS18B/train/train_00188.jpg,/home/thkim0/github/AIFFEL_quest_rs/MainQuest/Quest02/outputs/trackB_070103_v2_20260701_223101/mislabel_top100_images/mislabel_score_v2_mul/rank036_mislabel_score_v2_mul_0p8799_train_00188_label1_pred0.jpg
mislabel_score_v2_mul,37,train_00241,0.851296191950275,1,0,0.7946898937225342,0.0,0.0,/home/thkim0/github/AIFFEL_quest_rs/MainQuest/Quest02/data/RS18B/train/train_00241.jpg,/home/thkim0/github/AIFFEL_quest_rs/MainQuest/Quest02/outputs/trackB_070103_v2_20260701_223101/mislabel_top100_images/mislabel_score_v2_mul/rank037_mislabel_score_v2_mul_0p8513_train_00241_label1_pred0.jpg
mislabel_score_v2_mul,38,train_00964,0.8483768668983656,0,1,0.788535475730896,0.0,0.0,/home/thkim0/github/AIFFEL_quest_rs/MainQuest/Quest02/data/RS18B/train/train_00964.jpg,/home/thkim0/github/AIFFEL_quest_rs/MainQuest/Quest02/outputs/trackB_070103_v2_20260701_223101/mislabel_top100_images/mislabel_score_v2_mul/rank038_mislabel_score_v2_mul_0p8484_train_00964_label0_pred1.jpg
mislabel_score_v2_mul,39,train_00160,0.8330848804799434,1,0,0.8628343939781189,0.0,0.0,/home/thkim0/github/AIFFEL_quest_rs/MainQuest/Quest02/data/RS18B/train/train_00160.jpg,/home/thkim0/github/AIFFEL_quest_rs/MainQuest/Quest02/outputs/trackB_070103_v2_20260701_223101/mislabel_top100_images/mislabel_score_v2_mul/rank039_mislabel_score_v2_mul_0p8331_train_00160_label1_pred0.jpg
mislabel_score_v2_mul,40,train_00302,0.8295069778734572,1,0,0.8548340201377869,0.0,0.0,/home/thkim0/github/AIFFEL_quest_rs/MainQuest/Quest02/data/RS18B/train/train_00302.jpg,/home/thkim0/github/AIFFEL_quest_rs/MainQuest/Quest02/outputs/trackB_070103_v2_20260701_223101/mislabel_top100_images/mislabel_score_v2_mul/rank040_mislabel_score_v2_mul_0p8295_train_00302_label1_pred0.jpg
mislabel_score_v2_mul,41,train_01197,0.8232276439666748,0,1,0.6464552879333496,0.0,0.0,/home/thkim0/github/AIFFEL_quest_rs/MainQuest/Quest02/data/RS18B/train/train_01197.jpg,/home/thkim0/github/AIFFEL_quest_rs/MainQuest/Quest02/outputs/trackB_070103_v2_20260701_223101/mislabel_top100_images/mislabel_score_v2_mul/rank041_mislabel_score_v2_mul_0p8232_train_01197_label0_pred1.jpg
mislabel_score_v2_mul,42,train_00040,0.8172011160389452,0,1,0.722811222076416,0.0,0.0,/home/thkim0/github/AIFFEL_quest_rs/MainQuest/Quest02/data/RS18B/train/train_00040.jpg,/home/thkim0/github/AIFFEL_quest_rs/MainQuest/Quest02/outputs/trackB_070103_v2_20260701_223101/mislabel_top100_images/mislabel_score_v2_mul/rank042_mislabel_score_v2_mul_0p8172_train_00040_label0_pred1.jpg
mislabel_score_v2_mul,43,train_00706,0.7583810091018677,0,1,0.5167620182037354,0.0,0.0,/home/thkim0/github/AIFFEL_quest_rs/MainQuest/Quest02/data/RS18B/train/train_00706.jpg,/home/thkim0/github/AIFFEL_quest_rs/MainQuest/Quest02/outputs/trackB_070103_v2_20260701_223101/mislabel_top100_images/mislabel_score_v2_mul/rank043_mislabel_score_v2_mul_0p7584_train_00706_label0_pred1.jpg
mislabel_score_v2_mul,44,train_00915,0.7501294525840667,1,0,0.6773403882980347,0.0,0.0,/home/thkim0/github/AIFFEL_quest_rs/MainQuest/Quest02/data/RS18B/train/train_00915.jpg,/home/thkim0/github/AIFFEL_quest_rs/MainQuest/Quest02/outputs/trackB_070103_v2_20260701_223101/mislabel_top100_images/mislabel_score_v2_mul/rank044_mislabel_score_v2_mul_0p7501_train_00915_label1_pred0.jpg
mislabel_score_v2_mul,45,train_00026,0.7388601189499338,1,0,0.6521414518356323,0.0,0.0,/home/thkim0/github/AIFFEL_quest_rs/MainQuest/Quest02/data/RS18B/train/train_00026.jpg,/home/thkim0/github/AIFFEL_quest_rs/MainQuest/Quest02/outputs/trackB_070103_v2_20260701_223101/mislabel_top100_images/mislabel_score_v2_mul/rank045_mislabel_score_v2_mul_0p7389_train_00026_label1_pred0.jpg
mislabel_score_v2_mul,46,train_01069,0.7290724061805894,0,1,0.6302554607391357,0.0,0.0,/home/thkim0/github/AIFFEL_quest_rs/MainQuest/Quest02/data/RS18B/train/train_01069.jpg,/home/thkim0/github/AIFFEL_quest_rs/MainQuest/Quest02/outputs/trackB_070103_v2_20260701_223101/mislabel_top100_images/mislabel_score_v2_mul/rank046_mislabel_score_v2_mul_0p7291_train_01069_label0_pred1.jpg
mislabel_score_v2_mul,47,train_01172,0.6779015721606112,0,1,0.4291419982910156,0.0,0.5625,/home/thkim0/github/AIFFEL_quest_rs/MainQuest/Quest02/data/RS18B/train/train_01172.jpg,/home/thkim0/github/AIFFEL_quest_rs/MainQuest/Quest02/outputs/trackB_070103_v2_20260701_223101/mislabel_top100_images/mislabel_score_v2_mul/rank047_mislabel_score_v2_mul_0p6779_train_01172_label0_pred1.jpg
mislabel_score_v2_mul,48,train_01216,0.6644929181198249,1,0,0.7064676880836487,0.10989010989010996,0.0,/home/thkim0/github/AIFFEL_quest_rs/MainQuest/Quest02/data/RS18B/train/train_01216.jpg,/home/thkim0/github/AIFFEL_quest_rs/MainQuest/Quest02/outputs/trackB_070103_v2_20260701_223101/mislabel_top100_images/mislabel_score_v2_mul/rank048_mislabel_score_v2_mul_0p6645_train_01216_label1_pred0.jpg
mislabel_score_v2_mul,49,train_00796,0.6640748381614685,0,1,0.328149676322937,0.0,0.0,/home/thkim0/github/AIFFEL_quest_rs/MainQuest/Quest02/data/RS18B/train/train_00796.jpg,/home/thkim0/github/AIFFEL_quest_rs/MainQuest/Quest02/outputs/trackB_070103_v2_20260701_223101/mislabel_top100_images/mislabel_score_v2_mul/rank049_mislabel_score_v2_mul_0p6641_train_00796_label0_pred1.jpg
mislabel_score_v2_mul,50,train_01337,0.5831136293899081,1,0,0.6492944359779358,0.0,0.0,/home/thkim0/github/AIFFEL_quest_rs/MainQuest/Quest02/data/RS18B/train/train_01337.jpg,/home/thkim0/github/AIFFEL_quest_rs/MainQuest/Quest02/outputs/trackB_070103_v2_20260701_223101/mislabel_top100_images/mislabel_score_v2_mul/rank050_mislabel_score_v2_mul_0p5831_train_01337_label1_pred0.jpg
mislabel_score_v2_mul,51,train_00916,0.5812333226203918,0,1,0.1624666452407837,0.0,0.0,/home/thkim0/github/AIFFEL_quest_rs/MainQuest/Quest02/data/RS18B/train/train_00916.jpg,/home/thkim0/github/AIFFEL_quest_rs/MainQuest/Quest02/outputs/trackB_070103_v2_20260701_223101/mislabel_top100_images/mislabel_score_v2_mul/rank051_mislabel_score_v2_mul_0p5812_train_00916_label0_pred1.jpg
mislabel_score_v2_mul,52,train_00123,0.5744594429516404,0,1,0.2110668420791626,0.0,0.0,/home/thkim0/github/AIFFEL_quest_rs/MainQuest/Quest02/data/RS18B/train/train_00123.jpg,/home/thkim0/github/AIFFEL_quest_rs/MainQuest/Quest02/outputs/trackB_070103_v2_20260701_223101/mislabel_top100_images/mislabel_score_v2_mul/rank052_mislabel_score_v2_mul_0p5745_train_00123_label0_pred1.jpg
mislabel_score_v2_mul,53,train_00385,0.5536740642319481,0,1,0.2380528450012207,0.0,0.0,/home/thkim0/github/AIFFEL_quest_rs/MainQuest/Quest02/data/RS18B/train/train_00385.jpg,/home/thkim0/github/AIFFEL_quest_rs/MainQuest/Quest02/outputs/trackB_070103_v2_20260701_223101/mislabel_top100_images/mislabel_score_v2_mul/rank053_mislabel_score_v2_mul_0p5537_train_00385_label0_pred1.jpg
mislabel_score_v2_mul,54,train_00830,0.4889861426367437,0,1,0.262556791305542,0.0,0.0,/home/thkim0/github/AIFFEL_quest_rs/MainQuest/Quest02/data/RS18B/train/train_00830.jpg,/home/thkim0/github/AIFFEL_quest_rs/MainQuest/Quest02/outputs/trackB_070103_v2_20260701_223101/mislabel_top100_images/mislabel_score_v2_mul/rank054_mislabel_score_v2_mul_0p4890_train_00830_label0_pred1.jpg
mislabel_score_v2_mul,55,train_00010,0.4599974102040672,0,1,0.0996041297912597,0.0,0.0,/home/thkim0/github/AIFFEL_quest_rs/MainQuest/Quest02/data/RS18B/train/train_00010.jpg,/home/thkim0/github/AIFFEL_quest_rs/MainQuest/Quest02/outputs/trackB_070103_v2_20260701_223101/mislabel_top100_images/mislabel_score_v2_mul/rank055_mislabel_score_v2_mul_0p4600_train_00010_label0_pred1.jpg
mislabel_score_v2_mul,56,train_00186,0.41791470498935024,0,1,0.1820412874221801,0.0,0.0,/home/thkim0/github/AIFFEL_quest_rs/MainQuest/Quest02/data/RS18B/train/train_00186.jpg,/home/thkim0/github/AIFFEL_quest_rs/MainQuest/Quest02/outputs/trackB_070103_v2_20260701_223101/mislabel_top100_images/mislabel_score_v2_mul/rank056_mislabel_score_v2_mul_0p4179_train_00186_label0_pred1.jpg
mislabel_score_v2_mul,57,train_00265,0.40786027924913687,0,1,0.1536030769348144,0.0,0.0,/home/thkim0/github/AIFFEL_quest_rs/MainQuest/Quest02/data/RS18B/train/train_00265.jpg,/home/thkim0/github/AIFFEL_quest_rs/MainQuest/Quest02/outputs/trackB_070103_v2_20260701_223101/mislabel_top100_images/mislabel_score_v2_mul/rank057_mislabel_score_v2_mul_0p4079_train_00265_label0_pred1.jpg
mislabel_score_v2_mul,58,train_01092,0.39613734476572127,0,1,0.2526962757110595,0.0,0.0,/home/thkim0/github/AIFFEL_quest_rs/MainQuest/Quest02/data/RS18B/train/train_01092.jpg,/home/thkim0/github/AIFFEL_quest_rs/MainQuest/Quest02/outputs/trackB_070103_v2_20260701_223101/mislabel_top100_images/mislabel_score_v2_mul/rank058_mislabel_score_v2_mul_0p3961_train_01092_label0_pred1.jpg
mislabel_score_v2_mul,59,train_00384,0.39126812777693437,0,1,0.9968084096908568,0.5168905168905178,0.0,/home/thkim0/github/AIFFEL_quest_rs/MainQuest/Quest02/data/RS18B/train/train_00384.jpg,/home/thkim0/github/AIFFEL_quest_rs/MainQuest/Quest02/outputs/trackB_070103_v2_20260701_223101/mislabel_top100_images/mislabel_score_v2_mul/rank059_mislabel_score_v2_mul_0p3913_train_00384_label0_pred1.jpg
mislabel_score_v2_mul,60,train_01154,0.37495395164074663,0,1,0.1381608247756958,0.22385022385022377,0.25,/home/thkim0/github/AIFFEL_quest_rs/MainQuest/Quest02/data/RS18B/train/train_01154.jpg,/home/thkim0/github/AIFFEL_quest_rs/MainQuest/Quest02/outputs/trackB_070103_v2_20260701_223101/mislabel_top100_images/mislabel_score_v2_mul/rank060_mislabel_score_v2_mul_0p3750_train_01154_label0_pred1.jpg
mislabel_score_v2_mul,61,train_00719,0.37402520732574424,1,0,0.3641831278800964,0.24827024827024805,0.0,/home/thkim0/github/AIFFEL_quest_rs/MainQuest/Quest02/data/RS18B/train/train_00719.jpg,/home/thkim0/github/AIFFEL_quest_rs/MainQuest/Quest02/outputs/trackB_070103_v2_20260701_223101/mislabel_top100_images/mislabel_score_v2_mul/rank061_mislabel_score_v2_mul_0p3740_train_00719_label1_pred0.jpg
mislabel_score_v2_mul,62,train_00471,0.3707786184952675,1,0,0.3538920879364013,0.0,0.0,/home/thkim0/github/AIFFEL_quest_rs/MainQuest/Quest02/data/RS18B/train/train_00471.jpg,/home/thkim0/github/AIFFEL_quest_rs/MainQuest/Quest02/outputs/trackB_070103_v2_20260701_223101/mislabel_top100_images/mislabel_score_v2_mul/rank062_mislabel_score_v2_mul_0p3708_train_00471_label1_pred0.jpg
mislabel_score_v2_mul,63,train_00048,0.3598824047203647,0,1,0.19905686378479,0.19129019129019179,1.0,/home/thkim0/github/AIFFEL_quest_rs/MainQuest/Quest02/data/RS18B/train/train_00048.jpg,/home/thkim0/github/AIFFEL_quest_rs/MainQuest/Quest02/outputs/trackB_070103_v2_20260701_223101/mislabel_top100_images/mislabel_score_v2_mul/rank063_mislabel_score_v2_mul_0p3599_train_00048_label0_pred1.jpg
mislabel_score_v2_mul,64,train_00138,0.357548835019306,0,0,0.3502888679504394,0.012210012210011532,0.0,/home/thkim0/github/AIFFEL_quest_rs/MainQuest/Quest02/data/RS18B/train/train_00138.jpg,/home/thkim0/github/AIFFEL_quest_rs/MainQuest/Quest02/outputs/trackB_070103_v2_20260701_223101/mislabel_top100_images/mislabel_score_v2_mul/rank064_mislabel_score_v2_mul_0p3575_train_00138_label0_pred0.jpg
mislabel_score_v2_mul,65,train_00677,0.34869055980181696,0,0,0.165285050868988,0.0,0.0,/home/thkim0/github/AIFFEL_quest_rs/MainQuest/Quest02/data/RS18B/train/train_00677.jpg,/home/thkim0/github/AIFFEL_quest_rs/MainQuest/Quest02/outputs/trackB_070103_v2_20260701_223101/mislabel_top100_images/mislabel_score_v2_mul/rank065_mislabel_score_v2_mul_0p3487_train_00677_label0_pred0.jpg
mislabel_score_v2_mul,66,train_00295,0.333532104560836,0,0,0.6661694049835205,0.0,0.0,/home/thkim0/github/AIFFEL_quest_rs/MainQuest/Quest02/data/RS18B/train/train_00295.jpg,/home/thkim0/github/AIFFEL_quest_rs/MainQuest/Quest02/outputs/trackB_070103_v2_20260701_223101/mislabel_top100_images/mislabel_score_v2_mul/rank066_mislabel_score_v2_mul_0p3335_train_00295_label0_pred0.jpg
mislabel_score_v2_mul,67,train_00795,0.332020668278578,1,0,0.5090022683143616,0.4029304029304028,0.0,/home/thkim0/github/AIFFEL_quest_rs/MainQuest/Quest02/data/RS18B/train/train_00795.jpg,/home/thkim0/github/AIFFEL_quest_rs/MainQuest/Quest02/outputs/trackB_070103_v2_20260701_223101/mislabel_top100_images/mislabel_score_v2_mul/rank067_mislabel_score_v2_mul_0p3320_train_00795_label1_pred0.jpg
mislabel_score_v2_mul,68,train_00004,0.3273285100653789,1,0,0.5236492156982422,0.37851037851037844,0.0,/home/thkim0/github/AIFFEL_quest_rs/MainQuest/Quest02/data/RS18B/train/train_00004.jpg,/home/thkim0/github/AIFFEL_quest_rs/MainQuest/Quest02/outputs/trackB_070103_v2_20260701_223101/mislabel_top100_images/mislabel_score_v2_mul/rank068_mislabel_score_v2_mul_0p3273_train_00004_label1_pred0.jpg
mislabel_score_v2_mul,69,train_00202,0.3216955510481111,0,0,0.5568481087684631,0.0,0.0,/home/thkim0/github/AIFFEL_quest_rs/MainQuest/Quest02/data/RS18B/train/train_00202.jpg,/home/thkim0/github/AIFFEL_quest_rs/MainQuest/Quest02/outputs/trackB_070103_v2_20260701_223101/mislabel_top100_images/mislabel_score_v2_mul/rank069_mislabel_score_v2_mul_0p3217_train_00202_label0_pred0.jpg
mislabel_score_v2_mul,70,train_00913,0.3159856864179686,0,0,0.0391210913658142,0.0,0.0,/home/thkim0/github/AIFFEL_quest_rs/MainQuest/Quest02/data/RS18B/train/train_00913.jpg,/home/thkim0/github/AIFFEL_quest_rs/MainQuest/Quest02/outputs/trackB_070103_v2_20260701_223101/mislabel_top100_images/mislabel_score_v2_mul/rank070_mislabel_score_v2_mul_0p3160_train_00913_label0_pred0.jpg
mislabel_score_v2_mul,71,train_00126,0.28475079514145385,0,1,0.3650301694869995,0.4761904761904769,1.0,/home/thkim0/github/AIFFEL_quest_rs/MainQuest/Quest02/data/RS18B/train/train_00126.jpg,/home/thkim0/github/AIFFEL_quest_rs/MainQuest/Quest02/outputs/trackB_070103_v2_20260701_223101/mislabel_top100_images/mislabel_score_v2_mul/rank071_mislabel_score_v2_mul_0p2848_train_00126_label0_pred1.jpg
mislabel_score_v2_mul,72,train_00658,0.2830134472542283,0,0,0.5993555784225464,0.0,0.0,/home/thkim0/github/AIFFEL_quest_rs/MainQuest/Quest02/data/RS18B/train/train_00658.jpg,/home/thkim0/github/AIFFEL_quest_rs/MainQuest/Quest02/outputs/trackB_070103_v2_20260701_223101/mislabel_top100_images/mislabel_score_v2_mul/rank072_mislabel_score_v2_mul_0p2830_train_00658_label0_pred0.jpg
mislabel_score_v2_mul,73,train_00205,0.27752266389705926,1,1,0.4793868064880371,0.0,0.0,/home/thkim0/github/AIFFEL_quest_rs/MainQuest/Quest02/data/RS18B/train/train_00205.jpg,/home/thkim0/github/AIFFEL_quest_rs/MainQuest/Quest02/outputs/trackB_070103_v2_20260701_223101/mislabel_top100_images/mislabel_score_v2_mul/rank073_mislabel_score_v2_mul_0p2775_train_00205_label1_pred1.jpg
mislabel_score_v2_mul,74,train_01051,0.2736586308124717,1,1,0.03846275806427,0.0,0.0,/home/thkim0/github/AIFFEL_quest_rs/MainQuest/Quest02/data/RS18B/train/train_01051.jpg,/home/thkim0/github/AIFFEL_quest_rs/MainQuest/Quest02/outputs/trackB_070103_v2_20260701_223101/mislabel_top100_images/mislabel_score_v2_mul/rank074_mislabel_score_v2_mul_0p2737_train_01051_label1_pred1.jpg
mislabel_score_v2_mul,75,train_00281,0.2711232302226771,0,0,0.7615480422973633,0.0,0.0,/home/thkim0/github/AIFFEL_quest_rs/MainQuest/Quest02/data/RS18B/train/train_00281.jpg,/home/thkim0/github/AIFFEL_quest_rs/MainQuest/Quest02/outputs/trackB_070103_v2_20260701_223101/mislabel_top100_images/mislabel_score_v2_mul/rank075_mislabel_score_v2_mul_0p2711_train_00281_label0_pred0.jpg
mislabel_score_v2_mul,76,train_00009,0.27051981347257925,1,1,0.5178710222244263,0.0,0.0,/home/thkim0/github/AIFFEL_quest_rs/MainQuest/Quest02/data/RS18B/train/train_00009.jpg,/home/thkim0/github/AIFFEL_quest_rs/MainQuest/Quest02/outputs/trackB_070103_v2_20260701_223101/mislabel_top100_images/mislabel_score_v2_mul/rank076_mislabel_score_v2_mul_0p2705_train_00009_label1_pred1.jpg
mislabel_score_v2_mul,77,train_01135,0.2689339115742868,1,1,0.2447943687438964,0.18315018315018286,1.0,/home/thkim0/github/AIFFEL_quest_rs/MainQuest/Quest02/data/RS18B/train/train_01135.jpg,/home/thkim0/github/AIFFEL_quest_rs/MainQuest/Quest02/outputs/trackB_070103_v2_20260701_223101/mislabel_top100_images/mislabel_score_v2_mul/rank077_mislabel_score_v2_mul_0p2689_train_01135_label1_pred1.jpg
mislabel_score_v2_mul,78,train_00906,0.26719222886683097,1,0,0.194920003414154,0.0,0.0,/home/thkim0/github/AIFFEL_quest_rs/MainQuest/Quest02/data/RS18B/train/train_00906.jpg,/home/thkim0/github/AIFFEL_quest_rs/MainQuest/Quest02/outputs/trackB_070103_v2_20260701_223101/mislabel_top100_images/mislabel_score_v2_mul/rank078_mislabel_score_v2_mul_0p2672_train_00906_label1_pred0.jpg
mislabel_score_v2_mul,79,train_00329,0.2632514973766249,0,0,0.0798152685165405,0.31339031339031326,0.0,/home/thkim0/github/AIFFEL_quest_rs/MainQuest/Quest02/data/RS18B/train/train_00329.jpg,/home/thkim0/github/AIFFEL_quest_rs/MainQuest/Quest02/outputs/trackB_070103_v2_20260701_223101/mislabel_top100_images/mislabel_score_v2_mul/rank079_mislabel_score_v2_mul_0p2633_train_00329_label0_pred0.jpg
mislabel_score_v2_mul,80,train_00808,0.261470308938418,0,0,0.6731019020080566,0.0,0.0,/home/thkim0/github/AIFFEL_quest_rs/MainQuest/Quest02/data/RS18B/train/train_00808.jpg,/home/thkim0/github/AIFFEL_quest_rs/MainQuest/Quest02/outputs/trackB_070103_v2_20260701_223101/mislabel_top100_images/mislabel_score_v2_mul/rank080_mislabel_score_v2_mul_0p2615_train_00808_label0_pred0.jpg
mislabel_score_v2_mul,81,train_00008,0.2514803633826718,1,1,0.3959399461746216,0.0,0.0,/home/thkim0/github/AIFFEL_quest_rs/MainQuest/Quest02/data/RS18B/train/train_00008.jpg,/home/thkim0/github/AIFFEL_quest_rs/MainQuest/Quest02/outputs/trackB_070103_v2_20260701_223101/mislabel_top100_images/mislabel_score_v2_mul/rank081_mislabel_score_v2_mul_0p2515_train_00008_label1_pred1.jpg
mislabel_score_v2_mul,82,train_00379,0.24714257701225187,0,0,0.6238633394241333,0.0,0.0,/home/thkim0/github/AIFFEL_quest_rs/MainQuest/Quest02/data/RS18B/train/train_00379.jpg,/home/thkim0/github/AIFFEL_quest_rs/MainQuest/Quest02/outputs/trackB_070103_v2_20260701_223101/mislabel_top100_images/mislabel_score_v2_mul/rank082_mislabel_score_v2_mul_0p2471_train_00379_label0_pred0.jpg
mislabel_score_v2_mul,83,train_00187,0.24561386142836272,1,1,0.2575875520706177,0.06105006105006136,0.25,/home/thkim0/github/AIFFEL_quest_rs/MainQuest/Quest02/data/RS18B/train/train_00187.jpg,/home/thkim0/github/AIFFEL_quest_rs/MainQuest/Quest02/outputs/trackB_070103_v2_20260701_223101/mislabel_top100_images/mislabel_score_v2_mul/rank083_mislabel_score_v2_mul_0p2456_train_00187_label1_pred1.jpg
mislabel_score_v2_mul,84,train_00192,0.22893509374486168,1,0,0.0238288640975952,0.0,0.0,/home/thkim0/github/AIFFEL_quest_rs/MainQuest/Quest02/data/RS18B/train/train_00192.jpg,/home/thkim0/github/AIFFEL_quest_rs/MainQuest/Quest02/outputs/trackB_070103_v2_20260701_223101/mislabel_top100_images/mislabel_score_v2_mul/rank084_mislabel_score_v2_mul_0p2289_train_00192_label1_pred0.jpg
mislabel_score_v2_mul,85,train_01161,0.22287779128279248,1,1,0.0806833505630493,0.0,1.0,/home/thkim0/github/AIFFEL_quest_rs/MainQuest/Quest02/data/RS18B/train/train_01161.jpg,/home/thkim0/github/AIFFEL_quest_rs/MainQuest/Quest02/outputs/trackB_070103_v2_20260701_223101/mislabel_top100_images/mislabel_score_v2_mul/rank085_mislabel_score_v2_mul_0p2229_train_01161_label1_pred1.jpg
mislabel_score_v2_mul,86,train_00965,0.22252556514029434,1,1,0.0982221364974975,0.0,1.0,/home/thkim0/github/AIFFEL_quest_rs/MainQuest/Quest02/data/RS18B/train/train_00965.jpg,/home/thkim0/github/AIFFEL_quest_rs/MainQuest/Quest02/outputs/trackB_070103_v2_20260701_223101/mislabel_top100_images/mislabel_score_v2_mul/rank086_mislabel_score_v2_mul_0p2225_train_00965_label1_pred1.jpg
mislabel_score_v2_mul,87,train_00113,0.209173496922439,1,1,0.3534528017044067,0.0,0.0,/home/thkim0/github/AIFFEL_quest_rs/MainQuest/Quest02/data/RS18B/train/train_00113.jpg,/home/thkim0/github/AIFFEL_quest_rs/MainQuest/Quest02/outputs/trackB_070103_v2_20260701_223101/mislabel_top100_images/mislabel_score_v2_mul/rank087_mislabel_score_v2_mul_0p2092_train_00113_label1_pred1.jpg
mislabel_score_v2_mul,88,train_01352,0.20390424844191785,1,1,0.4104400873184204,0.0,0.0,/home/thkim0/github/AIFFEL_quest_rs/MainQuest/Quest02/data/RS18B/train/train_01352.jpg,/home/thkim0/github/AIFFEL_quest_rs/MainQuest/Quest02/outputs/trackB_070103_v2_20260701_223101/mislabel_top100_images/mislabel_score_v2_mul/rank088_mislabel_score_v2_mul_0p2039_train_01352_label1_pred1.jpg
mislabel_score_v2_mul,89,train_01332,0.20313283489540213,1,1,0.4180203676223755,0.0,0.0,/home/thkim0/github/AIFFEL_quest_rs/MainQuest/Quest02/data/RS18B/train/train_01332.jpg,/home/thkim0/github/AIFFEL_quest_rs/MainQuest/Quest02/outputs/trackB_070103_v2_20260701_223101/mislabel_top100_images/mislabel_score_v2_mul/rank089_mislabel_score_v2_mul_0p2031_train_01332_label1_pred1.jpg
mislabel_score_v2_mul,90,train_01143,0.1997043268474407,1,1,0.4498486518859863,0.0,0.0,/home/thkim0/github/AIFFEL_quest_rs/MainQuest/Quest02/data/RS18B/train/train_01143.jpg,/home/thkim0/github/AIFFEL_quest_rs/MainQuest/Quest02/outputs/trackB_070103_v2_20260701_223101/mislabel_top100_images/mislabel_score_v2_mul/rank090_mislabel_score_v2_mul_0p1997_train_01143_label1_pred1.jpg
mislabel_score_v2_mul,91,train_00306,0.1992005274883805,1,0,0.6617575883865356,0.6064306064306073,0.0,/home/thkim0/github/AIFFEL_quest_rs/MainQuest/Quest02/data/RS18B/train/train_00306.jpg,/home/thkim0/github/AIFFEL_quest_rs/MainQuest/Quest02/outputs/trackB_070103_v2_20260701_223101/mislabel_top100_images/mislabel_score_v2_mul/rank091_mislabel_score_v2_mul_0p1992_train_00306_label1_pred0.jpg
mislabel_score_v2_mul,92,train_00452,0.19910676124395607,0,0,0.6541166305541992,0.14245014245014195,0.0,/home/thkim0/github/AIFFEL_quest_rs/MainQuest/Quest02/data/RS18B/train/train_00452.jpg,/home/thkim0/github/AIFFEL_quest_rs/MainQuest/Quest02/outputs/trackB_070103_v2_20260701_223101/mislabel_top100_images/mislabel_score_v2_mul/rank092_mislabel_score_v2_mul_0p1991_train_00452_label0_pred0.jpg
mislabel_score_v2_mul,93,train_00905,0.19557866212861622,0,0,0.0848880410194397,0.4192104192104194,0.0,/home/thkim0/github/AIFFEL_quest_rs/MainQuest/Quest02/data/RS18B/train/train_00905.jpg,/home/thkim0/github/AIFFEL_quest_rs/MainQuest/Quest02/outputs/trackB_070103_v2_20260701_223101/mislabel_top100_images/mislabel_score_v2_mul/rank093_mislabel_score_v2_mul_0p1956_train_00905_label0_pred0.jpg
mislabel_score_v2_mul,94,train_00859,0.19473985481144818,1,0,0.8702328205108643,0.6634106634106636,0.0,/home/thkim0/github/AIFFEL_quest_rs/MainQuest/Quest02/data/RS18B/train/train_00859.jpg,/home/thkim0/github/AIFFEL_quest_rs/MainQuest/Quest02/outputs/trackB_070103_v2_20260701_223101/mislabel_top100_images/mislabel_score_v2_mul/rank094_mislabel_score_v2_mul_0p1947_train_00859_label1_pred0.jpg
mislabel_score_v2_mul,95,train_01274,0.1947149480428628,0,0,0.371097207069397,0.05291005291005244,0.0,/home/thkim0/github/AIFFEL_quest_rs/MainQuest/Quest02/data/RS18B/train/train_01274.jpg,/home/thkim0/github/AIFFEL_quest_rs/MainQuest/Quest02/outputs/trackB_070103_v2_20260701_223101/mislabel_top100_images/mislabel_score_v2_mul/rank095_mislabel_score_v2_mul_0p1947_train_01274_label0_pred0.jpg
mislabel_score_v2_mul,96,train_00952,0.18871625148120003,1,1,0.5310746431350708,0.15873015873015855,0.0,/home/thkim0/github/AIFFEL_quest_rs/MainQuest/Quest02/data/RS18B/train/train_00952.jpg,/home/thkim0/github/AIFFEL_quest_rs/MainQuest/Quest02/outputs/trackB_070103_v2_20260701_223101/mislabel_top100_images/mislabel_score_v2_mul/rank096_mislabel_score_v2_mul_0p1887_train_00952_label1_pred1.jpg
mislabel_score_v2_mul,97,train_01343,0.18826018120991067,1,1,0.5395944118499756,0.0,1.0,/home/thkim0/github/AIFFEL_quest_rs/MainQuest/Quest02/data/RS18B/train/train_01343.jpg,/home/thkim0/github/AIFFEL_quest_rs/MainQuest/Quest02/outputs/trackB_070103_v2_20260701_223101/mislabel_top100_images/mislabel_score_v2_mul/rank097_mislabel_score_v2_mul_0p1883_train_01343_label1_pred1.jpg
mislabel_score_v2_mul,98,train_00734,0.18766338931050813,0,0,0.7514523267745972,0.08547008547008567,0.0,/home/thkim0/github/AIFFEL_quest_rs/MainQuest/Quest02/data/RS18B/train/train_00734.jpg,/home/thkim0/github/AIFFEL_quest_rs/MainQuest/Quest02/outputs/trackB_070103_v2_20260701_223101/mislabel_top100_images/mislabel_score_v2_mul/rank098_mislabel_score_v2_mul_0p1877_train_00734_label0_pred0.jpg
mislabel_score_v2_mul,99,train_00418,0.18185692950252816,0,0,0.7476903200149536,0.0,0.0,/home/thkim0/github/AIFFEL_quest_rs/MainQuest/Quest02/data/RS18B/train/train_00418.jpg,/home/thkim0/github/AIFFEL_quest_rs/MainQuest/Quest02/outputs/trackB_070103_v2_20260701_223101/mislabel_top100_images/mislabel_score_v2_mul/rank099_mislabel_score_v2_mul_0p1819_train_00418_label0_pred0.jpg
mislabel_score_v2_mul,100,train_00845,0.17916644011891983,0,0,0.598320722579956,0.0,0.0,/home/thkim0/github/AIFFEL_quest_rs/MainQuest/Quest02/data/RS18B/train/train_00845.jpg,/home/thkim0/github/AIFFEL_quest_rs/MainQuest/Quest02/outputs/trackB_070103_v2_20260701_223101/mislabel_top100_images/mislabel_score_v2_mul/rank100_mislabel_score_v2_mul_0p1792_train_00845_label0_pred0.jpg
